HH_Id,Info_Src_Name_M,Info_Access_Yn_M,NoInfo_Access_Rsn_M,NoInfo_Access_Rsn_Othr_M,Info_Access_Decision_M
245,1,1,, ,5
245,2,2,, ,1
245,3,2,, ,5
245,4,3,2, ,
245,5,3,2, ,
245,6,2,, ,5
246,1,1,, ,2
246,2,3,3, ,
246,3,1,, ,2
246,4,3,2, ,
246,5,3,2, ,
246,6,3,3, ,
247,1,3,1, ,
247,2,3,1, ,
247,3,3,1, ,
247,4,2,, ,1
247,5,3,1, ,
247,6,3,1, ,
251,1,2,, ,1
251,2,3,1, ,
251,3,3,1, ,
251,4,3,1, ,
251,5,3,1, ,
251,6,3,1, ,
252,1,1,, ,5
252,2,1,, ,5
252,3,1,, ,1
252,4,99,, ,
252,5,1,, ,1
252,6,99,, ,
253,,,, ,
255,1,2,, ,1
255,2,2,, ,1
255,3,2,, ,1
255,4,3,1, ,
255,5,3,1, ,
255,6,3,1, ,
256,1,1,, ,5
256,2,2,, ,1
256,3,2,, ,1
256,4,3,2, ,
256,5,2,, ,1
256,6,2,, ,1
257,1,1,, ,1
257,2,3,1, ,
257,3,3,1, ,
257,4,3,2, ,
257,5,3,1, ,
257,6,3,1, ,
258,1,1,, ,1
258,2,1,, ,1
258,3,3,6, ,
258,4,1,, ,1
258,5,1,, ,1
258,6,3,1, ,
383,1,2,, ,1
383,2,3,6, ,
383,3,3,6, ,
383,4,3,1, ,
383,5,3,5, ,
383,6,3,5, ,
385,1,1,, ,1
385,2,1,, ,1
385,3,1,, ,1
385,4,3,1, ,
385,5,1,, ,1
385,6,3,1, ,
386,1,1,, ,2
386,2,3,3, ,
386,3,1,, ,2
386,4,3,1, ,
386,5,1,, ,2
386,6,3,3, ,
388,1,2,, ,1
388,2,1,, ,1
388,3,1,, ,1
388,4,3,1, ,
388,5,1,, ,1
388,6,2,, ,1
389,1,2,, ,1
389,2,3,1, ,
389,3,2,, ,1
389,4,3,1, ,
389,5,3,1, ,
389,6,3,1, ,
390,1,1,, ,5
390,2,1,, ,1
390,3,1,, ,1
390,4,3,1, ,
390,5,3,2, ,
390,6,3,2, ,
391,1,1,, ,2
391,2,1,, ,2
391,3,99,, ,
391,4,99,, ,
391,5,1,, ,2
391,6,99,, ,
392,1,2,, ,5
392,2,3,3, ,
392,3,3,2, ,
392,4,3,99, ,
392,5,3,99, ,
392,6,3,99, ,
393,1,1,, ,2
393,2,3,3, ,
393,3,1,, ,2
393,4,3,1, ,
393,5,3,3, ,
393,6,3,3, ,
394,1,1,, ,5
394,2,1,, ,1
394,3,2,, ,5
394,4,3,99, ,
394,5,3,99, ,
394,6,3,99, ,
395,1,1,, ,1
395,2,1,, ,1
395,3,1,, ,1
395,4,1,, ,1
395,5,1,, ,1
395,6,1,, ,1
529,1,1,, ,5
529,2,3,1, ,
529,3,2,, ,1
529,4,3,1, ,
529,5,3,1, ,
529,6,3,1, ,
531,1,1,, ,1
531,2,1,, ,1
531,3,1,, ,1
531,4,3,1, ,
531,5,3,2, ,
531,6,3,2, ,
532,1,1,, ,5
532,2,3,1, ,
532,3,3,1, ,
532,4,3,1, ,
532,5,2,, ,5
532,6,3,2, ,
533,1,3,2, ,
533,2,3,3, ,
533,3,3,3, ,
533,4,3,3, ,
533,5,3,3, ,
533,6,3,1, ,
535,,,, ,
536,1,1,, ,2
536,2,1,, ,2
536,3,1,, ,1
536,4,3,1, ,
536,5,3,2, ,
536,6,3,2, ,
537,1,2,, ,5
537,2,2,, ,1
537,3,2,, ,1
537,4,3,1, ,
537,5,3,1, ,
537,6,3,1, ,
538,1,1,, ,1
538,2,1,, ,1
538,3,2,, ,1
538,4,1,, ,1
538,5,3,2, ,
538,6,3,6, ,
539,1,2,, ,5
539,2,2,, ,1
539,3,2,, ,1
539,4,3,1, ,
539,5,3,1, ,
539,6,3,1, ,
561,1,1,, ,1
561,2,1,, ,1
561,3,99,, ,
561,4,99,, ,
561,5,99,, ,
561,6,99,, ,
563,1,3,2, ,
563,2,3,2, ,
563,3,3,2, ,
563,4,3,2, ,
563,5,3,2, ,
563,6,3,2, ,
564,1,1,, ,1
564,2,1,, ,1
564,3,99,, ,
564,4,99,, ,
564,5,99,, ,
564,6,99,, ,
565,1,2,, ,1
565,2,3,1, ,
565,3,3,1, ,
565,4,3,1, ,
565,5,3,1, ,
565,6,3,1, ,
567,1,3,3, ,
567,2,3,3, ,
567,3,2,, ,1
567,4,3,3, ,
567,5,2,, ,1
567,6,3,1, ,
568,1,2,, ,1
568,2,3,1, ,
568,3,3,2, ,
568,4,3,2, ,
568,5,3,2, ,
568,6,3,2, ,
569,1,1,, ,1
569,2,3,1, ,
569,3,2,, ,1
569,4,3,2, ,
569,5,3,1, ,
569,6,3,1, ,
570,1,2,, ,5
570,2,2,, ,1
570,3,2,, ,1
570,4,3,1, ,
570,5,3,1, ,
570,6,3,1, ,
571,1,3,2, ,
571,2,3,3, ,
571,3,3,3, ,
571,4,3,1, ,
571,5,3,3, ,
571,6,3,1, ,
572,1,2,, ,1
572,2,3,2, ,
572,3,3,2, ,
572,4,3,2, ,
572,5,3,2, ,
572,6,3,2, ,
573,1,3,3, ,
573,2,3,3, ,
573,3,3,3, ,
573,4,3,1, ,
573,5,3,2, ,
573,6,3,3, ,
574,1,1,, ,2
574,2,2,, ,1
574,3,2,, ,1
574,4,3,1, ,
574,5,3,2, ,
574,6,3,3, ,
575,1,2,, ,2
575,2,2,, ,2
575,3,2,, ,2
575,4,3,1, ,
575,5,3,2, ,
575,6,3,3, ,
576,1,1,, ,2
576,2,3,3, ,
576,3,1,, ,2
576,4,3,1, ,
576,5,3,2, ,
576,6,3,3, ,
943,1,1,, ,1
943,2,3,2, ,
943,3,2,, ,1
943,4,3,2, ,
943,5,3,1, ,
943,6,3,1, ,
944,1,2,, ,5
944,2,2,, ,1
944,3,2,, ,1
944,4,3,1, ,
944,5,3,1, ,
944,6,3,1, ,
945,1,2,, ,5
945,2,2,, ,5
945,3,2,, ,5
945,4,3,1, ,
945,5,3,1, ,
945,6,3,1, ,
946,1,1,, ,2
946,2,1,, ,1
946,3,1,, ,2
946,4,3,1, ,
946,5,3,2, ,
946,6,3,3, ,
948,1,1,, ,5
948,2,1,, ,5
948,3,1,, ,5
948,4,2,, ,1
948,5,3,3, ,
948,6,1,, ,5
949,1,1,, ,5
949,2,1,, ,5
949,3,1,, ,1
949,4,99,, ,
949,5,1,, ,1
949,6,1,, ,5
951,1,2,, ,1
951,2,3,1, ,
951,3,3,1, ,
951,4,3,2, ,
951,5,3,1, ,
951,6,3,1, ,
952,1,1,, ,1
952,2,1,, ,1
952,3,2,, ,1
952,4,3,1, ,
952,5,2,, ,1
952,6,3,1, ,
956,1,3,2, ,
956,2,3,2, ,
956,3,3,6, ,
956,4,3,6, ,
956,5,3,6, ,
956,6,3,1, ,
957,1,3,3, ,
957,2,3,3, ,
957,3,3,2, ,
957,4,3,2, ,
957,5,3,2, ,
957,6,3,2, ,
958,1,1,, ,5
958,2,3,1, ,
958,3,2,, ,5
958,4,3,2, ,
958,5,2,, ,5
958,6,3,1, ,
959,1,2,, ,1
959,2,2,, ,1
959,3,2,, ,1
959,4,3,1, ,
959,5,3,2, ,
959,6,3,2, ,
960,1,2,, ,1
960,2,3,1, ,
960,3,3,1, ,
960,4,3,1, ,
960,5,3,1, ,
960,6,3,3, ,
961,1,2,, ,5
961,2,2,, ,5
961,3,2,, ,5
961,4,3,1, ,
961,5,3,1, ,
961,6,3,1, ,
962,1,1,, ,2
962,2,1,, ,2
962,3,1,, ,2
962,4,3,1, ,
962,5,3,2, ,
962,6,3,3, ,
963,1,1,, ,5
963,2,3,2, ,
963,3,2,, ,1
963,4,3,2, ,
963,5,2,, ,1
963,6,3,1, ,
964,1,1,, ,1
964,2,1,, ,1
964,3,99,, ,
964,4,1,, ,5
964,5,99,, ,
964,6,99,, ,
965,1,1,, ,5
965,2,1,, ,5
965,3,1,, ,5
965,4,3,2, ,
965,5,3,2, ,
965,6,2,, ,1
967,1,1,, ,1
967,2,1,, ,1
967,3,3,2, ,
967,4,3,1, ,
967,5,3,1, ,
967,6,3,1, ,
968,1,1,, ,1
968,2,1,, ,1
968,3,1,, ,1
968,4,3,1, ,
968,5,3,2, ,
968,6,3,3, ,
969,1,1,, ,1
969,2,1,, ,1
969,3,1,, ,1
969,4,1,, ,5
969,5,1,, ,1
969,6,99,, ,
971,1,1,, ,5
971,2,3,2, ,
971,3,2,, ,1
971,4,3,3, ,
971,5,3,3, ,
971,6,3,3, ,
973,1,3,2, ,
973,2,3,2, ,
973,3,3,1, ,
973,4,3,1, ,
973,5,3,2, ,
973,6,3,4, ,
1047,1,1,, ,1
1047,2,3,2, ,
1047,3,2,, ,1
1047,4,3,1, ,
1047,5,2,, ,1
1047,6,2,, ,1
1048,1,1,, ,1
1048,2,1,, ,1
1048,3,1,, ,1
1048,4,3,1, ,
1048,5,1,, ,1
1048,6,3,1, ,
1049,1,1,, ,5
1049,2,1,, ,5
1049,3,99,, ,
1049,4,99,, ,
1049,5,99,, ,
1049,6,99,, ,
1050,1,1,, ,1
1050,2,3,1, ,
1050,3,2,, ,1
1050,4,3,2, ,
1050,5,2,, ,1
1050,6,3,1, ,
1051,1,2,, ,5
1051,2,2,, ,5
1051,3,3,1, ,
1051,4,3,2, ,
1051,5,2,, ,5
1051,6,3,2, ,
1052,1,3,3, ,
1052,2,3,3, ,
1052,3,3,3, ,
1052,4,3,1, ,
1052,5,3,3, ,
1052,6,3,3, ,
1055,1,1,, ,1
1055,2,1,, ,1
1055,3,1,, ,1
1055,4,3,1, ,
1055,5,1,, ,1
1055,6,3,1, ,
1056,,,, ,
1057,1,1,, ,1
1057,2,3,1, ,
1057,3,3,1, ,
1057,4,3,1, ,
1057,5,3,1, ,
1057,6,3,2, ,
1058,1,1,, ,2
1058,2,2,, ,1
1058,3,1,, ,2
1058,4,3,2, ,
1058,5,3,2, ,
1058,6,3,3, ,
1059,1,1,, ,5
1059,2,1,, ,5
1059,3,3,3, ,
1059,4,3,2, ,
1059,5,3,2, ,
1059,6,3,5, ,
1060,1,2,, ,1
1060,2,3,2, ,
1060,3,3,2, ,
1060,4,3,1, ,
1060,5,3,2, ,
1060,6,3,2, ,
1117,1,1,, ,1
1117,2,3,3, ,
1117,3,1,, ,2
1117,4,3,2, ,
1117,5,3,2, ,
1117,6,3,2, ,
1118,,,, ,
1120,1,1,, ,2
1120,2,1,, ,1
1120,3,1,, ,2
1120,4,3,2, ,
1120,5,3,2, ,
1120,6,3,2, ,
1121,1,1,, ,1
1121,2,1,, ,1
1121,3,1,, ,1
1121,4,99,, ,
1121,5,1,, ,1
1121,6,99,, ,
1122,1,2,, ,5
1122,2,3,1, ,
1122,3,2,, ,5
1122,4,3,1, ,
1122,5,3,2, ,
1122,6,3,1, ,
1124,,,, ,
1127,1,2,, ,1
1127,2,3,1, ,
1127,3,3,1, ,
1127,4,3,1, ,
1127,5,3,1, ,
1127,6,3,1, ,
1131,1,1,, ,1
1131,2,1,, ,1
1131,3,3,6, ,
1131,4,3,1, ,
1131,5,3,6, ,
1131,6,3,1, ,
1344,1,1,, ,1
1344,2,1,, ,1
1344,3,99,, ,
1344,4,1,, ,5
1344,5,1,, ,1
1344,6,99,, ,
1346,1,3,2, ,
1346,2,3,2, ,
1346,3,3,6, ,
1346,4,3,1, ,
1346,5,3,1, ,
1346,6,3,1, ,
1347,,,, ,
1349,1,2,, ,5
1349,2,2,, ,1
1349,3,2,, ,5
1349,4,3,1, ,
1349,5,3,1, ,
1349,6,3,1, ,
1350,1,1,, ,1
1350,2,2,, ,1
1350,3,3,6, ,
1350,4,2,, ,5
1350,5,2,, ,5
1350,6,2,, ,5
1352,1,1,, ,1
1352,2,3,1, ,
1352,3,2,, ,1
1352,4,3,2, ,
1352,5,3,1, ,
1352,6,3,2, ,
1354,1,1,, ,5
1354,2,1,, ,5
1354,3,1,, ,1
1354,4,1,, ,5
1354,5,99,, ,
1354,6,99,, ,
1356,1,1,, ,1
1356,2,3,3, ,
1356,3,1,, ,1
1356,4,3,1, ,
1356,5,3,2, ,
1356,6,3,3, ,
1357,1,2,, ,5
1357,2,2,, ,5
1357,3,2,, ,5
1357,4,3,1, ,
1357,5,3,1, ,
1357,6,3,1, ,
1358,1,1,, ,1
1358,2,3,2, ,
1358,3,3,1, ,
1358,4,3,3, ,
1358,5,2,, ,1
1358,6,3,2, ,
1359,1,1,, ,1
1359,2,1,, ,1
1359,3,3,1, ,
1359,4,3,1, ,
1359,5,3,3, ,
1359,6,3,1, ,
1379,1,2,, ,1
1379,2,3,1, ,
1379,3,3,1, ,
1379,4,3,2, ,
1379,5,2,, ,1
1379,6,3,2, ,
1380,1,2,, ,1
1380,2,2,, ,1
1380,3,3,1, ,
1380,4,3,1, ,
1380,5,3,1, ,
1380,6,3,1, ,
1381,,,, ,
1382,1,1,, ,2
1382,2,1,, ,1
1382,3,1,, ,2
1382,4,3,1, ,
1382,5,3,2, ,
1382,6,3,3, ,
1383,1,1,, ,1
1383,2,3,1, ,
1383,3,3,1, ,
1383,4,3,2, ,
1383,5,3,1, ,
1383,6,3,1, ,
1385,1,1,, ,3
1385,2,1,, ,3
1385,3,1,, ,3
1385,4,99,, ,
1385,5,1,, ,3
1385,6,99,, ,
1386,1,1,, ,1
1386,2,1,, ,1
1386,3,1,, ,1
1386,4,99,, ,
1386,5,99,, ,
1386,6,99,, ,
1387,1,1,, ,1
1387,2,1,, ,1
1387,3,1,, ,1
1387,4,3,1, ,
1387,5,3,2, ,
1387,6,3,3, ,
1388,1,1,, ,1
1388,2,1,, ,5
1388,3,3,3, ,
1388,4,3,3, ,
1388,5,3,3, ,
1388,6,3,3, ,
1390,1,1,, ,1
1390,2,1,, ,1
1390,3,99,, ,
1390,4,99,, ,
1390,5,99,, ,
1390,6,99,, ,
1391,,,, ,
1393,1,1,, ,3
1393,2,2,, ,3
1393,3,3,1, ,
1393,4,3,1, ,
1393,5,3,1, ,
1393,6,3,1, ,
1394,1,3,1, ,
1394,2,3,1, ,
1394,3,3,1, ,
1394,4,3,1, ,
1394,5,3,1, ,
1394,6,3,1, ,
1396,1,3,1, ,
1396,2,3,1, ,
1396,3,1,, ,1
1396,4,3,1, ,
1396,5,3,1, ,
1396,6,3,1, ,
1397,1,2,, ,1
1397,2,3,1, ,
1397,3,3,1, ,
1397,4,3,1, ,
1397,5,3,1, ,
1397,6,3,1, ,
1398,1,1,, ,1
1398,2,1,, ,1
1398,3,1,, ,1
1398,4,99,, ,
1398,5,1,, ,1
1398,6,99,, ,
1399,1,1,, ,2
1399,2,2,, ,1
1399,3,1,, ,2
1399,4,3,1, ,
1399,5,3,2, ,
1399,6,3,3, ,
1400,1,1,, ,2
1400,2,1,, ,2
1400,3,1,, ,2
1400,4,3,2, ,
1400,5,3,2, ,
1400,6,3,3, ,
1502,1,1,, ,1
1502,2,3,1, ,
1502,3,1,, ,1
1502,4,3,2, ,
1502,5,2,, ,1
1502,6,3,1, ,
1504,,,, ,
1505,1,1,, ,2
1505,2,1,, ,2
1505,3,1,, ,2
1505,4,3,3, ,
1505,5,3,3, ,
1505,6,3,3, ,
1506,1,1,, ,2
1506,2,1,, ,2
1506,3,1,, ,2
1506,4,3,1, ,
1506,5,3,2, ,
1506,6,3,3, ,
1507,1,1,, ,1
1507,2,3,2, ,
1507,3,2,, ,1
1507,4,3,2, ,
1507,5,2,, ,1
1507,6,3,1, ,
1508,1,2,, ,1
1508,2,2,, ,1
1508,3,2,, ,1
1508,4,3,1, ,
1508,5,3,1, ,
1508,6,3,1, ,
1509,1,1,, ,1
1509,2,1,, ,1
1509,3,3,3, ,
1509,4,3,1, ,
1509,5,3,2, ,
1509,6,3,1, ,
1559,1,1,, ,2
1559,2,3,3, ,
1559,3,1,, ,2
1559,4,3,3, ,
1559,5,3,3, ,
1559,6,3,3, ,
1561,1,1,, ,2
1561,2,1,, ,1
1561,3,1,, ,2
1561,4,3,3, ,
1561,5,3,3, ,
1561,6,3,2, ,
1562,1,2,, ,1
1562,2,2,, ,1
1562,3,3,5, ,
1562,4,3,1, ,
1562,5,1,, ,1
1562,6,3,1, ,
1563,1,1,, ,1
1563,2,1,, ,1
1563,3,3,1, ,
1563,4,3,1, ,
1563,5,3,1, ,
1563,6,3,1, ,
1895,1,2,, ,1
1895,2,3,2, ,
1895,3,3,1, ,
1895,4,3,1, ,
1895,5,3,6, ,
1895,6,3,1, ,
1897,1,1,, ,1
1897,2,1,, ,1
1897,3,1,, ,1
1897,4,99,, ,
1897,5,1,, ,1
1897,6,99,, ,
1899,1,2,, ,1
1899,2,2,, ,1
1899,3,3,1, ,
1899,4,3,1, ,
1899,5,3,1, ,
1899,6,3,1, ,
1923,1,1,, ,1
1923,2,1,, ,1
1923,3,1,, ,1
1923,4,3,1, ,
1923,5,1,, ,1
1923,6,3,1, ,
1925,1,2,, ,1
1925,2,3,1, ,
1925,3,2,, ,1
1925,4,3,1, ,
1925,5,3,1, ,
1925,6,3,1, ,
1926,1,1,, ,1
1926,2,3,1, ,
1926,3,3,1, ,
1926,4,3,1, ,
1926,5,1,, ,1
1926,6,3,2, ,
1930,1,1,, ,5
1930,2,3,3, ,
1930,3,2,, ,5
1930,4,3,2, ,
1930,5,1,, ,1
1930,6,1,, ,5
1931,1,1,, ,5
1931,2,3,2, ,
1931,3,1,, ,1
1931,4,3,2, ,
1931,5,3,2, ,
1931,6,3,6, ,
1932,1,1,, ,2
1932,2,1,, ,1
1932,3,1,, ,2
1932,4,3,2, ,
1932,5,3,2, ,
1932,6,3,3, ,
1933,1,1,, ,2
1933,2,1,, ,1
1933,3,1,, ,2
1933,4,3,2, ,
1933,5,3,3, ,
1933,6,3,3, ,
1934,1,1,, ,1
1934,2,1,, ,1
1934,3,1,, ,1
1934,4,1,, ,1
1934,5,1,, ,1
1934,6,3,1, ,
1935,1,1,, ,1
1935,2,1,, ,1
1935,3,1,, ,1
1935,4,1,, ,1
1935,5,1,, ,1
1935,6,3,1, ,
1936,,,, ,
1938,1,2,, ,1
1938,2,3,1, ,
1938,3,2,, ,5
1938,4,3,1, ,
1938,5,3,4, ,
1938,6,3,1, ,
1942,,,, ,
1944,1,1,, ,1
1944,2,2,, ,1
1944,3,1,, ,1
1944,4,3,3, ,
1944,5,1,, ,1
1944,6,3,6, ,
1945,1,1,, ,1
1945,2,1,, ,1
1945,3,1,, ,1
1945,4,1,, ,1
1945,5,1,, ,1
1945,6,3,4, ,
1947,1,1,, ,1
1947,2,2,, ,1
1947,3,3,1, ,
1947,4,3,2, ,
1947,5,3,2, ,
1947,6,3,6, ,
1949,1,1,, ,1
1949,2,1,, ,1
1949,3,1,, ,2
1949,4,3,2, ,
1949,5,1,, ,2
1949,6,1,, ,2
1950,1,1,, ,1
1950,2,2,, ,1
1950,3,3,1, ,
1950,4,3,1, ,
1950,5,3,3, ,
1950,6,2,, ,5
1951,1,2,, ,1
1951,2,3,2, ,
1951,3,2,, ,1
1951,4,3,2, ,
1951,5,3,1, ,
1951,6,3,1, ,
1952,1,2,, ,1
1952,2,1,, ,1
1952,3,3,1, ,
1952,4,3,1, ,
1952,5,1,, ,1
1952,6,3,6, ,
1953,1,1,, ,2
1953,2,2,, ,1
1953,3,1,, ,2
1953,4,3,2, ,
1953,5,1,, ,2
1953,6,1,, ,2
1954,1,1,, ,2
1954,2,1,, ,1
1954,3,1,, ,2
1954,4,3,1, ,
1954,5,3,2, ,
1954,6,3,3, ,
1955,1,1,, ,2
1955,2,1,, ,2
1955,3,1,, ,2
1955,4,3,1, ,
1955,5,3,2, ,
1955,6,3,3, ,
1957,1,1,, ,1
1957,2,1,, ,1
1957,3,99,, ,
1957,4,99,, ,
1957,5,99,, ,
1957,6,99,, ,
1960,1,3,1, ,
1960,2,3,1, ,
1960,3,3,1, ,
1960,4,3,1, ,
1960,5,3,1, ,
1960,6,3,1, ,
1961,1,3,1, ,
1961,2,3,1, ,
1961,3,3,1, ,
1961,4,3,1, ,
1961,5,3,1, ,
1961,6,3,1, ,
1962,1,1,, ,1
1962,2,1,, ,1
1962,3,1,, ,1
1962,4,3,1, ,
1962,5,3,3, ,
1962,6,3,1, ,
1963,1,1,, ,2
1963,2,1,, ,2
1963,3,1,, ,2
1963,4,3,2, ,
1963,5,3,2, ,
1963,6,3,3, ,
1965,,,, ,
1966,,,, ,
1967,1,1,, ,1
1967,2,3,6, ,
1967,3,3,2, ,
1967,4,3,2, ,
1967,5,3,2, ,
1967,6,3,2, ,
1968,1,1,, ,1
1968,2,3,1, ,
1968,3,2,, ,5
1968,4,3,2, ,
1968,5,3,1, ,
1968,6,3,2, ,
1969,1,1,, ,1
1969,2,3,1, ,
1969,3,2,, ,1
1969,4,3,1, ,
1969,5,2,, ,1
1969,6,3,1, ,
1975,,,, ,
1976,1,3,3, ,
1976,2,3,1, ,
1976,3,1,, ,2
1976,4,3,2, ,
1976,5,3,2, ,
1976,6,3,3, ,
1978,1,1,, ,5
1978,2,2,, ,5
1978,3,1,, ,5
1978,4,3,1, ,
1978,5,2,, ,5
1978,6,3,1, ,
1980,1,1,, ,2
1980,2,1,, ,2
1980,3,1,, ,2
1980,4,3,2, ,
1980,5,3,3, ,
1980,6,3,3, ,
1991,1,1,, ,5
1991,2,3,3, ,
1991,3,1,, ,1
1991,4,3,2, ,
1991,5,3,2, ,
1991,6,3,5, ,
1992,1,1,, ,1
1992,2,1,, ,1
1992,3,1,, ,1
1992,4,3,1, ,
1992,5,1,, ,1
1992,6,2,, ,1
1993,1,1,, ,5
1993,2,2,, ,5
1993,3,1,, ,5
1993,4,99,, ,
1993,5,99,, ,
1993,6,3,5, ,
1994,1,1,, ,1
1994,2,1,, ,1
1994,3,1,, ,1
1994,4,3,1, ,
1994,5,1,, ,1
1994,6,3,1, ,
1995,1,1,, ,1
1995,2,3,2, ,
1995,3,3,1, ,
1995,4,3,2, ,
1995,5,3,2, ,
1995,6,2,, ,5
1996,1,1,, ,1
1996,2,1,, ,1
1996,3,1,, ,1
1996,4,1,, ,1
1996,5,1,, ,1
1996,6,1,, ,1
1997,1,2,, ,1
1997,2,2,, ,1
1997,3,2,, ,1
1997,4,3,1, ,
1997,5,3,1, ,
1997,6,3,1, ,
1999,1,2,, ,1
1999,2,3,1, ,
1999,3,2,, ,1
1999,4,3,1, ,
1999,5,3,1, ,
1999,6,3,1, ,
2000,1,1,, ,2
2000,2,3,3, ,
2000,3,1,, ,1
2000,4,3,3, ,
2000,5,3,3, ,
2000,6,3,3, ,
2020,1,1,, ,1
2020,2,1,, ,1
2020,3,3,1, ,
2020,4,3,1, ,
2020,5,1,, ,1
2020,6,2,, ,1
2021,1,1,, ,1
2021,2,2,, ,1
2021,3,1,, ,1
2021,4,3,2, ,
2021,5,3,2, ,
2021,6,2,, ,1
2023,1,1,, ,2
2023,2,3,2, ,
2023,3,1,, ,1
2023,4,3,2, ,
2023,5,3,2, ,
2023,6,3,3, ,
2025,1,1,, ,2
2025,2,1,, ,1
2025,3,3,1, ,
2025,4,3,3, ,
2025,5,3,2, ,
2025,6,3,3, ,
2026,1,1,, ,1
2026,2,1,, ,1
2026,3,1,, ,1
2026,4,1,, ,1
2026,5,1,, ,1
2026,6,1,, ,1
2027,1,1,, ,1
2027,2,1,, ,1
2027,3,1,, ,1
2027,4,3,1, ,
2027,5,3,3, ,
2027,6,3,1, ,
2031,1,1,, ,1
2031,2,1,, ,1
2031,3,1,, ,1
2031,4,1,, ,1
2031,5,1,, ,1
2031,6,1,, ,1
2032,1,1,, ,1
2032,2,1,, ,1
2032,3,1,, ,1
2032,4,1,, ,1
2032,5,1,, ,1
2032,6,1,, ,1
2033,1,2,, ,1
2033,2,3,1, ,
2033,3,3,2, ,
2033,4,3,1, ,
2033,5,3,2, ,
2033,6,3,1, ,
2085,1,2,, ,1
2085,2,3,1, ,
2085,3,3,1, ,
2085,4,3,1, ,
2085,5,3,1, ,
2085,6,3,1, ,
2086,1,1,, ,1
2086,2,1,, ,1
2086,3,1,, ,1
2086,4,1,, ,1
2086,5,1,, ,1
2086,6,3,1, ,
2088,1,2,, ,1
2088,2,1,, ,1
2088,3,1,, ,1
2088,4,1,, ,1
2088,5,1,, ,1
2088,6,1,, ,1
2089,1,1,, ,2
2089,2,3,3, ,
2089,3,1,, ,2
2089,4,3,2, ,
2089,5,3,3, ,
2089,6,3,3, ,
2093,1,1,, ,2
2093,2,1,, ,1
2093,3,1,, ,2
2093,4,3,2, ,
2093,5,1,, ,1
2093,6,3,3, ,
2094,,,, ,
2095,1,1,, ,1
2095,2,1,, ,1
2095,3,2,, ,1
2095,4,3,2, ,
2095,5,3,2, ,
2095,6,3,6, ,
2096,1,1,, ,5
2096,2,3,2, ,
2096,3,3,2, ,
2096,4,3,1, ,
2096,5,3,2, ,
2096,6,2,, ,5
2097,1,1,, ,5
2097,2,1,, ,5
2097,3,3,1, ,
2097,4,3,1, ,
2097,5,2,, ,1
2097,6,2,, ,5
2098,1,3,3, ,
2098,2,3,3, ,
2098,3,3,3, ,
2098,4,3,1, ,
2098,5,3,1, ,
2098,6,3,6, ,
2099,1,2,, ,5
2099,2,3,1, ,
2099,3,2,, ,5
2099,4,3,1, ,
2099,5,3,1, ,
2099,6,3,1, ,
4001,,,, ,
4002,1,1,, ,1
4002,2,1,, ,1
4002,3,2,, ,1
4002,4,1,, ,1
4002,5,1,, ,1
4002,6,3,4, ,
4003,1,1,, ,5
4003,2,1,, ,5
4003,3,1,, ,5
4003,4,3,1, ,
4003,5,2,, ,1
4003,6,2,, ,5
4004,1,2,, ,1
4004,2,3,1, ,
4004,3,2,, ,1
4004,4,3,1, ,
4004,5,3,1, ,
4004,6,3,1, ,
4005,1,1,, ,5
4005,2,1,, ,1
4005,3,1,, ,1
4005,4,3,2, ,
4005,5,3,2, ,
4005,6,3,3, ,
4006,1,1,, ,2
4006,2,1,, ,1
4006,3,1,, ,2
4006,4,3,2, ,
4006,5,3,3, ,
4006,6,3,3, ,
4007,1,1,, ,5
4007,2,3,2, ,
4007,3,2,, ,1
4007,4,3,2, ,
4007,5,2,, ,1
4007,6,1,, ,5
4008,1,2,, ,1
4008,2,3,1, ,
4008,3,2,, ,1
4008,4,3,1, ,
4008,5,3,1, ,
4008,6,3,1, ,
4009,1,1,, ,1
4009,2,2,, ,1
4009,3,1,, ,5
4009,4,3,2, ,
4009,5,3,2, ,
4009,6,3,6, ,
4010,1,2,, ,1
4010,2,3,2, ,
4010,3,3,2, ,
4010,4,3,1, ,
4010,5,3,1, ,
4010,6,3,2, ,
4011,1,2,, ,5
4011,2,3,1, ,
4011,3,3,2, ,
4011,4,3,1, ,
4011,5,3,1, ,
4011,6,3,2, ,
4012,1,1,, ,1
4012,2,3,1, ,
4012,3,1,, ,1
4012,4,3,1, ,
4012,5,3,2, ,
4012,6,2,, ,5
4013,1,1,, ,5
4013,2,1,, ,1
4013,3,1,, ,5
4013,4,3,1, ,
4013,5,3,1, ,
4013,6,2,, ,5
4014,1,1,, ,1
4014,2,1,, ,5
4014,3,1,, ,5
4014,4,1,, ,5
4014,5,1,, ,1
4014,6,1,, ,1
4015,1,1,, ,1
4015,2,1,, ,1
4015,3,1,, ,1
4015,4,1,, ,1
4015,5,1,, ,1
4015,6,99,, ,
4016,1,2,, ,1
4016,2,3,1, ,
4016,3,3,1, ,
4016,4,3,1, ,
4016,5,3,1, ,
4016,6,3,1, ,
4017,1,1,, ,1
4017,2,1,, ,1
4017,3,3,1, ,
4017,4,1,, ,1
4017,5,1,, ,1
4017,6,3,1, ,
4018,1,1,, ,5
4018,2,1,, ,1
4018,3,1,, ,1
4018,4,1,, ,1
4018,5,1,, ,1
4018,6,99,, ,
4019,1,1,, ,1
4019,2,2,, ,1
4019,3,1,, ,1
4019,4,3,2, ,
4019,5,3,2, ,
4019,6,2,, ,1
4020,1,1,, ,2
4020,2,1,, ,2
4020,3,1,, ,2
4020,4,3,2, ,
4020,5,3,2, ,
4020,6,3,3, ,
4021,,,, ,
4022,1,2,, ,1
4022,2,2,, ,1
4022,3,2,, ,1
4022,4,3,1, ,
4022,5,2,, ,1
4022,6,3,1, ,
4023,1,1,, ,1
4023,2,2,, ,1
4023,3,1,, ,1
4023,4,3,1, ,
4023,5,2,, ,5
4023,6,3,2, ,
4024,1,1,, ,5
4024,2,2,, ,1
4024,3,1,, ,1
4024,4,3,2, ,
4024,5,2,, ,1
4024,6,3,1, ,
4025,1,1,, ,1
4025,2,1,, ,1
4025,3,1,, ,1
4025,4,99,, ,
4025,5,1,, ,1
4025,6,99,, ,
4026,,,, ,
4027,1,1,, ,1
4027,2,2,, ,1
4027,3,2,, ,1
4027,4,3,1, ,
4027,5,2,, ,1
4027,6,3,1, ,
4028,1,2,, ,1
4028,2,3,1, ,
4028,3,2,, ,1
4028,4,3,1, ,
4028,5,3,1, ,
4028,6,3,1, ,
4029,1,1,, ,1
4029,2,1,, ,1
4029,3,1,, ,1
4029,4,99,, ,
4029,5,99,, ,
4029,6,99,, ,
4030,1,3,1, ,
4030,2,3,1, ,
4030,3,3,1, ,
4030,4,3,1, ,
4030,5,3,1, ,
4030,6,3,1, ,
4031,1,3,3, ,
4031,2,3,2, ,
4031,3,3,3, ,
4031,4,3,3, ,
4031,5,3,3, ,
4031,6,3,3, ,
4032,1,1,, ,1
4032,2,1,, ,1
4032,3,1,, ,1
4032,4,99,, ,
4032,5,99,, ,
4032,6,99,, ,
4033,1,1,, ,5
4033,2,1,, ,1
4033,3,1,, ,1
4033,4,99,, ,
4033,5,1,, ,1
4033,6,99,, ,
4034,1,1,, ,1
4034,2,1,, ,1
4034,3,3,1, ,
4034,4,3,1, ,
4034,5,3,1, ,
4034,6,3,1, ,
4035,1,2,, ,1
4035,2,2,, ,1
4035,3,2,, ,1
4035,4,3,1, ,
4035,5,3,1, ,
4035,6,3,1, ,
4036,,,, ,
4037,1,1,, ,5
4037,2,1,, ,5
4037,3,1,, ,1
4037,4,1,, ,1
4037,5,99,, ,
4037,6,99,, ,
4038,,,, ,
4039,1,1,, ,2
4039,2,1,, ,1
4039,3,1,, ,2
4039,4,3,1, ,
4039,5,3,2, ,
4039,6,3,3, ,
4040,1,2,, ,5
4040,2,2,, ,1
4040,3,2,, ,5
4040,4,3,1, ,
4040,5,3,1, ,
4040,6,3,1, ,
4041,1,1,, ,1
4041,2,1,, ,1
4041,3,2,, ,1
4041,4,3,1, ,
4041,5,3,2, ,
4041,6,2,, ,1
4042,1,2,, ,1
4042,2,3,1, ,
4042,3,3,1, ,
4042,4,3,2, ,
4042,5,2,, ,1
4042,6,3,2, ,
4043,1,1,, ,1
4043,2,1,, ,1
4043,3,1,, ,1
4043,4,99,, ,
4043,5,99,, ,
4043,6,99,, ,
4044,1,1,, ,2
4044,2,3,3, ,
4044,3,1,, ,2
4044,4,3,1, ,
4044,5,3,2, ,
4044,6,3,3, ,
4045,1,1,, ,2
4045,2,3,3, ,
4045,3,1,, ,2
4045,4,3,1, ,
4045,5,3,2, ,
4045,6,3,3, ,
4046,1,1,, ,1
4046,2,1,, ,1
4046,3,1,, ,1
4046,4,3,1, ,
4046,5,2,, ,1
4046,6,3,1, ,
4047,1,1,, ,5
4047,2,3,3, ,
4047,3,3,3, ,
4047,4,3,3, ,
4047,5,3,3, ,
4047,6,3,3, ,
4048,1,2,, ,5
4048,2,3,1, ,
4048,3,3,1, ,
4048,4,3,1, ,
4048,5,3,1, ,
4048,6,3,1, ,
98,1,1,, ,1
98,2,1,, ,1
98,3,1,, ,1
98,4,3,1, ,
98,5,3,1, ,
98,6,1,, ,5
99,1,1,, ,1
99,2,1,, ,1
99,3,1,, ,5
99,4,3,1, ,
99,5,3,1, ,
99,6,3,1, ,
100,1,1,, ,1
100,2,1,, ,1
100,3,1,, ,1
100,4,99,, ,
100,5,1,, ,1
100,6,3,1, ,
101,1,1,, ,1
101,2,1,, ,1
101,3,1,, ,1
101,4,99,, ,
101,5,1,, ,1
101,6,1,, ,1
102,1,1,, ,1
102,2,1,, ,1
102,3,1,, ,5
102,4,3,1, ,
102,5,99,, ,
102,6,2,, ,1
103,1,1,, ,1
103,2,1,, ,1
103,3,1,, ,1
103,4,99,, ,
103,5,99,, ,
103,6,99,, ,
260,1,1,, ,1
260,2,1,, ,1
260,3,1,, ,5
260,4,3,1, ,
260,5,1,, ,1
260,6,1,, ,1
261,1,2,, ,1
261,2,99,, ,
261,3,99,, ,
261,4,99,, ,
261,5,99,, ,
261,6,99,, ,
262,,,, ,
263,1,1,, ,1
263,2,3,1, ,
263,3,1,, ,1
263,4,3,1, ,
263,5,1,, ,1
263,6,1,, ,5
264,1,1,, ,1
264,2,99,, ,
264,3,99,, ,
264,4,99,, ,
264,5,99,, ,
264,6,99,, ,
266,1,2,, ,1
266,2,3,3, ,
266,3,3,3, ,
266,4,3,3, ,
266,5,3,3, ,
266,6,3,3, ,
267,1,3,3, ,
267,2,3,3, ,
267,3,3,3, ,
267,4,3,3, ,
267,5,3,3, ,
267,6,3,2, ,
269,1,1,, ,1
269,2,3,2, ,
269,3,3,1, ,
269,4,3,1, ,
269,5,3,1, ,
269,6,3,1, ,
270,1,1,, ,1
270,2,3,2, ,
270,3,3,4, ,
270,4,3,2, ,
270,5,3,2, ,
270,6,3,2, ,
271,1,2,, ,1
271,2,3,1, ,
271,3,2,, ,1
271,4,3,3, ,
271,5,2,, ,1
271,6,3,4, ,
272,1,1,, ,1
272,2,3,2, ,
272,3,3,6, ,
272,4,3,1, ,
272,5,3,1, ,
272,6,3,1, ,
273,1,2,, ,1
273,2,3,3, ,
273,3,3,3, ,
273,4,3,3, ,
273,5,3,3, ,
273,6,3,3, ,
275,1,1,, ,1
275,2,1,, ,1
275,3,1,, ,1
275,4,3,1, ,
275,5,3,1, ,
275,6,1,, ,5
276,1,2,, ,1
276,2,3,3, ,
276,3,3,3, ,
276,4,3,3, ,
276,5,3,3, ,
276,6,3,3, ,
277,,,, ,
278,1,2,, ,1
278,2,3,2, ,
278,3,3,4, ,
278,4,3,2, ,
278,5,3,5, ,
278,6,3,2, ,
279,1,2,, ,1
279,2,3,3, ,
279,3,3,4, ,
279,4,3,2, ,
279,5,3,3, ,
279,6,3,3, ,
280,1,1,, ,5
280,2,1,, ,1
280,3,1,, ,1
280,4,3,2, ,
280,5,2,, ,1
280,6,1,, ,5
281,1,1,, ,1
281,2,1,, ,1
281,3,1,, ,1
281,4,3,3, ,
281,5,1,, ,1
281,6,1,, ,1
282,1,1,, ,5
282,2,1,, ,1
282,3,1,, ,1
282,4,3,2, ,
282,5,3,2, ,
282,6,1,, ,5
283,1,1,, ,1
283,2,1,, ,1
283,3,3,6, ,
283,4,3,6, ,
283,5,1,, ,1
283,6,1,, ,1
285,1,2,, ,1
285,2,3,2, ,
285,3,3,3, ,
285,4,3,2, ,
285,5,3,4, ,
285,6,3,3, ,
286,1,1,, ,5
286,2,1,, ,1
286,3,1,, ,1
286,4,3,2, ,
286,5,1,, ,1
286,6,1,, ,5
287,,,, ,
289,1,2,, ,1
289,2,3,3, ,
289,3,3,4, ,
289,4,3,2, ,
289,5,3,3, ,
289,6,3,3, ,
290,1,1,, ,1
290,2,3,2, ,
290,3,3,4, ,
290,4,3,2, ,
290,5,3,2, ,
290,6,3,3, ,
292,1,1,, ,1
292,2,3,3, ,
292,3,3,4, ,
292,4,3,2, ,
292,5,3,2, ,
292,6,3,3, ,
293,1,2,, ,1
293,2,3,3, ,
293,3,3,3, ,
293,4,3,2, ,
293,5,3,4, ,
293,6,3,2, ,
295,1,1,, ,1
295,2,1,, ,1
295,3,1,, ,1
295,4,3,1, ,
295,5,2,, ,1
295,6,1,, ,5
296,1,1,, ,5
296,2,1,, ,1
296,3,1,, ,1
296,4,3,2, ,
296,5,1,, ,1
296,6,1,, ,5
297,1,1,, ,5
297,2,1,, ,1
297,3,3,2, ,
297,4,3,2, ,
297,5,3,2, ,
297,6,1,, ,5
299,1,2,, ,5
299,2,2,, ,1
299,3,1,, ,5
299,4,3,6, ,
299,5,3,6, ,
299,6,2,, ,1
301,1,2,, ,5
301,2,2,, ,2
301,3,1,, ,5
301,4,3,1, ,
301,5,1,, ,2
301,6,1,, ,5
302,1,1,, ,1
302,2,1,, ,1
302,3,1,, ,1
302,4,1,, ,1
302,5,1,, ,1
302,6,1,, ,1
303,,,, ,
304,1,2,, ,5
304,2,3,6, ,
304,3,2,, ,5
304,4,3,6, ,
304,5,3,6, ,
304,6,3,6, ,
305,1,2,, ,5
305,2,3,6, ,
305,3,1,, ,5
305,4,3,6, ,
305,5,3,6, ,
305,6,3,6, ,
307,1,1,, ,5
307,2,1,, ,1
307,3,3,2, ,
307,4,3,2, ,
307,5,3,2, ,
307,6,1,, ,5
308,1,1,, ,1
308,2,1,, ,1
308,3,1,, ,1
308,4,3,1, ,
308,5,1,, ,1
308,6,1,, ,5
309,1,1,, ,5
309,2,1,, ,1
309,3,3,2, ,
309,4,3,2, ,
309,5,3,99, ,
309,6,1,, ,5
310,1,1,, ,1
310,2,1,, ,1
310,3,1,, ,1
310,4,2,, ,1
310,5,2,, ,1
310,6,1,, ,5
311,1,2,, ,5
311,2,2,, ,1
311,3,2,, ,5
311,4,3,6, ,
311,5,3,6, ,
311,6,3,6, ,
490,,,, ,
491,1,1,, ,1
491,2,1,, ,1
491,3,1,, ,1
491,4,99,, ,
491,5,99,, ,
491,6,1,, ,1
492,1,1,, ,1
492,2,1,, ,1
492,3,1,, ,1
492,4,1,, ,1
492,5,1,, ,1
492,6,1,, ,1
493,1,1,, ,1
493,2,1,, ,1
493,3,1,, ,1
493,4,3,1, ,
493,5,1,, ,1
493,6,1,, ,1
494,1,1,, ,1
494,2,1,, ,1
494,3,1,, ,1
494,4,99,, ,
494,5,3,1, ,
494,6,1,, ,5
518,1,1,, ,1
518,2,1,, ,1
518,3,99,, ,
518,4,99,, ,
518,5,99,, ,
518,6,99,, ,
520,,,, ,
521,1,1,, ,1
521,2,3,1, ,
521,3,1,, ,1
521,4,3,1, ,
521,5,99,, ,
521,6,3,1, ,
522,1,99,, ,
522,2,99,, ,
522,3,99,, ,
522,4,2,, ,1
522,5,3,1, ,
522,6,3,4, ,
523,1,1,, ,1
523,2,1,, ,1
523,3,3,1, ,
523,4,99,, ,
523,5,99,, ,
523,6,99,, ,
577,1,2,, ,1
577,2,3,2, ,
577,3,3,5, ,
577,4,3,2, ,
577,5,3,2, ,
577,6,3,2, ,
580,1,2,, ,1
580,2,3,2, ,
580,3,3,4, ,
580,4,3,2, ,
580,5,3,2, ,
580,6,3,2, ,
581,1,2,, ,1
581,2,99,, ,
581,3,99,, ,
581,4,99,, ,
581,5,99,, ,
581,6,99,, ,
583,1,2,, ,1
583,2,3,2, ,
583,3,3,5, ,
583,4,3,2, ,
583,5,3,5, ,
583,6,3,1, ,
584,1,2,, ,1
584,2,3,2, ,
584,3,3,4, ,
584,4,3,2, ,
584,5,3,2, ,
584,6,3,2, ,
585,1,2,, ,1
585,2,3,2, ,
585,3,3,4, ,
585,4,3,2, ,
585,5,3,4, ,
585,6,3,2, ,
586,1,1,, ,1
586,2,3,1, ,
586,3,3,6, ,
586,4,3,2, ,
586,5,3,1, ,
586,6,3,1, ,
587,1,2,, ,1
587,2,3,2, ,
587,3,3,5, ,
587,4,3,2, ,
587,5,3,2, ,
587,6,3,2, ,
588,1,1,, ,1
588,2,3,2, ,
588,3,3,4, ,
588,4,3,2, ,
588,5,3,5, ,
588,6,3,4, ,
589,1,2,, ,1
589,2,99,, ,
589,3,99,, ,
589,4,99,, ,
589,5,99,, ,
589,6,99,, ,
590,1,2,, ,1
590,2,3,2, ,
590,3,3,4, ,
590,4,3,2, ,
590,5,3,2, ,
590,6,3,2, ,
591,1,2,, ,1
591,2,3,2, ,
591,3,3,4, ,
591,4,3,2, ,
591,5,3,2, ,
591,6,3,2, ,
718,1,1,, ,1
718,2,1,, ,1
718,3,1,, ,5
718,4,3,1, ,
718,5,1,, ,5
718,6,1,, ,1
719,1,1,, ,1
719,2,1,, ,5
719,3,1,, ,5
719,4,3,1, ,
719,5,3,1, ,
719,6,1,, ,5
720,1,1,, ,1
720,2,3,2, ,
720,3,3,5, ,
720,4,3,2, ,
720,5,3,5, ,
720,6,3,4, ,
721,1,2,, ,1
721,2,99,, ,
721,3,99,, ,
721,4,99,, ,
721,5,99,, ,
721,6,99,, ,
722,1,1,, ,1
722,2,1,, ,1
722,3,1,, ,1
722,4,3,1, ,
722,5,3,1, ,
722,6,1,, ,5
723,1,1,, ,1
723,2,1,, ,1
723,3,1,, ,1
723,4,3,1, ,
723,5,1,, ,1
723,6,1,, ,5
724,1,1,, ,1
724,2,2,, ,1
724,3,3,6, ,
724,4,3,3, ,
724,5,3,3, ,
724,6,2,, ,1
725,1,2,, ,1
725,2,99,, ,
725,3,99,, ,
725,4,99,, ,
725,5,99,, ,
725,6,99,, ,
726,1,1,, ,1
726,2,1,, ,1
726,3,1,, ,1
726,4,99,, ,
726,5,99,, ,
726,6,1,, ,5
727,1,99,, ,
727,2,99,, ,
727,3,99,, ,
727,4,99,, ,
727,5,99,, ,
727,6,99,, ,
728,1,1,, ,1
728,2,1,, ,1
728,3,1,, ,1
728,4,3,1, ,
728,5,1,, ,1
728,6,1,, ,5
729,1,99,, ,
729,2,99,, ,
729,3,99,, ,
729,4,99,, ,
729,5,99,, ,
729,6,99,, ,
801,1,1,, ,1
801,2,2,, ,1
801,3,3,6, ,
801,4,3,6, ,
801,5,3,6, ,
801,6,2,, ,1
802,,,, ,
803,1,99,, ,
803,2,99,, ,
803,3,99,, ,
803,4,99,, ,
803,5,99,, ,
803,6,99,, ,
805,1,1,, ,1
805,2,2,, ,1
805,3,3,3, ,
805,4,3,3, ,
805,5,3,3, ,
805,6,3,3, ,
806,1,1,, ,1
806,2,99,, ,
806,3,99,, ,
806,4,99,, ,
806,5,99,, ,
806,6,99,, ,
807,1,1,, ,1
807,2,3,3, ,
807,3,3,6, ,
807,4,3,3, ,
807,5,3,3, ,
807,6,3,3, ,
808,,,, ,
809,1,2,, ,1
809,2,3,2, ,
809,3,3,4, ,
809,4,3,2, ,
809,5,3,4, ,
809,6,3,2, ,
810,1,1,, ,1
810,2,3,2, ,
810,3,3,5, ,
810,4,3,2, ,
810,5,3,4, ,
810,6,3,2, ,
812,1,2,, ,1
812,2,3,3, ,
812,3,3,3, ,
812,4,3,3, ,
812,5,3,3, ,
812,6,3,3, ,
813,1,2,, ,1
813,2,99,, ,
813,3,99,, ,
813,4,99,, ,
813,5,99,, ,
813,6,99,, ,
814,1,2,, ,2
814,2,1,, ,1
814,3,3,3, ,
814,4,3,3, ,
814,5,3,3, ,
814,6,3,6, ,
816,1,1,, ,1
816,2,1,, ,1
816,3,1,, ,1
816,4,3,1, ,
816,5,1,, ,1
816,6,1,, ,5
1158,1,1,, ,1
1158,2,2,, ,1
1158,3,1,, ,1
1158,4,3,1, ,
1158,5,1,, ,1
1158,6,1,, ,5
1159,,,, ,
1163,1,1,, ,1
1163,2,3,2, ,
1163,3,3,5, ,
1163,4,3,2, ,
1163,5,3,2, ,
1163,6,3,6, ,
1164,1,2,, ,1
1164,2,3,3, ,
1164,3,2,, ,1
1164,4,3,3, ,
1164,5,3,3, ,
1164,6,3,3, ,
1165,1,1,, ,1
1165,2,3,2, ,
1165,3,3,5, ,
1165,4,3,2, ,
1165,5,3,2, ,
1165,6,3,2, ,
1166,1,1,, ,1
1166,2,3,3, ,
1166,3,3,6, ,
1166,4,3,3, ,
1166,5,3,3, ,
1166,6,3,6, ,
1167,1,1,, ,1
1167,2,2,, ,1
1167,3,2,, ,1
1167,4,3,3, ,
1167,5,3,3, ,
1167,6,3,4, ,
1168,1,1,, ,1
1168,2,1,, ,1
1168,3,1,, ,1
1168,4,3,1, ,
1168,5,3,1, ,
1168,6,1,, ,5
1169,1,1,, ,1
1169,2,3,3, ,
1169,3,2,, ,1
1169,4,3,3, ,
1169,5,3,3, ,
1169,6,3,3, ,
1170,1,2,, ,1
1170,2,3,2, ,
1170,3,3,4, ,
1170,4,3,2, ,
1170,5,3,2, ,
1170,6,3,2, ,
1171,1,3,3, ,
1171,2,3,3, ,
1171,3,3,3, ,
1171,4,3,3, ,
1171,5,3,3, ,
1171,6,3,3, ,
1174,1,99,, ,
1174,2,99,, ,
1174,3,99,, ,
1174,4,99,, ,
1174,5,99,, ,
1174,6,99,, ,
1253,1,1,, ,1
1253,2,1,, ,1
1253,3,3,2, ,
1253,4,3,2, ,
1253,5,3,1, ,
1253,6,1,, ,1
1254,1,1,, ,1
1254,2,1,, ,1
1254,3,3,1, ,
1254,4,3,1, ,
1254,5,3,1, ,
1254,6,1,, ,1
1255,1,1,, ,1
1255,2,3,1, ,
1255,3,3,1, ,
1255,4,3,2, ,
1255,5,3,4, ,
1255,6,1,, ,1
1257,,,, ,
1258,1,1,, ,1
1258,2,1,, ,1
1258,3,3,1, ,
1258,4,2,, ,1
1258,5,1,, ,1
1258,6,1,, ,1
1259,,,, ,
1260,1,1,, ,1
1260,2,3,1, ,
1260,3,3,1, ,
1260,4,3,1, ,
1260,5,3,1, ,
1260,6,1,, ,1
1261,,,, ,
1262,1,1,, ,1
1262,2,1,, ,1
1262,3,3,2, ,
1262,4,3,1, ,
1262,5,3,1, ,
1262,6,3,1, ,
1263,1,1,, ,1
1263,2,1,, ,1
1263,3,3,1, ,
1263,4,3,2, ,
1263,5,3,1, ,
1263,6,1,, ,1
1264,,,, ,
1265,1,1,, ,1
1265,2,3,1, ,
1265,3,3,2, ,
1265,4,3,1, ,
1265,5,3,1, ,
1265,6,1,, ,1
1266,1,1,, ,1
1266,2,1,, ,1
1266,3,1,, ,1
1266,4,3,1, ,
1266,5,3,2, ,
1266,6,1,, ,1
1267,1,1,, ,1
1267,2,3,1, ,
1267,3,1,, ,1
1267,4,3,1, ,
1267,5,3,4, ,
1267,6,1,, ,1
1268,1,1,, ,1
1268,2,1,, ,1
1268,3,1,, ,1
1268,4,3,2, ,
1268,5,1,, ,1
1268,6,1,, ,1
1269,1,2,, ,1
1269,2,3,1, ,
1269,3,3,2, ,
1269,4,3,2, ,
1269,5,3,4, ,
1269,6,1,, ,1
1336,1,1,, ,1
1336,2,1,, ,1
1336,3,2,, ,1
1336,4,3,3, ,
1336,5,1,, ,1
1336,6,1,, ,1
1337,1,2,, ,1
1337,2,3,3, ,
1337,3,3,6, ,
1337,4,3,3, ,
1337,5,3,3, ,
1337,6,3,3, ,
1339,1,2,, ,1
1339,2,3,3, ,
1339,3,3,3, ,
1339,4,3,3, ,
1339,5,3,3, ,
1339,6,3,6, ,
1340,1,1,, ,1
1340,2,99,, ,
1340,3,99,, ,
1340,4,99,, ,
1340,5,99,, ,
1340,6,99,, ,
1341,,,, ,
1342,1,2,, ,1
1342,2,3,3, ,
1342,3,3,6, ,
1342,4,3,3, ,
1342,5,3,3, ,
1342,6,3,3, ,
1416,1,2,, ,1
1416,2,3,3, ,
1416,3,3,6, ,
1416,4,3,3, ,
1416,5,3,3, ,
1416,6,3,3, ,
1418,,,, ,
1420,1,1,, ,1
1420,2,1,, ,1
1420,3,2,, ,1
1420,4,3,3, ,
1420,5,3,3, ,
1420,6,3,6, ,
1421,,,, ,
1424,1,2,, ,1
1424,2,3,3, ,
1424,3,3,3, ,
1424,4,3,3, ,
1424,5,3,3, ,
1424,6,3,3, ,
1425,1,1,, ,1
1425,2,3,3, ,
1425,3,3,6, ,
1425,4,3,6, ,
1425,5,3,6, ,
1425,6,2,, ,1
1430,1,1,, ,1
1430,2,3,3, ,
1430,3,2,, ,1
1430,4,3,3, ,
1430,5,2,, ,1
1430,6,3,6, ,
1431,1,1,, ,1
1431,2,1,, ,1
1431,3,1,, ,1
1431,4,3,3, ,
1431,5,3,3, ,
1431,6,3,3, ,
1433,1,1,, ,1
1433,2,2,, ,1
1433,3,3,6, ,
1433,4,3,6, ,
1433,5,3,6, ,
1433,6,3,6, ,
1453,1,1,, ,1
1453,2,1,, ,1
1453,3,3,6, ,
1453,4,3,6, ,
1453,5,1,, ,1
1453,6,1,, ,1
1454,1,1,, ,5
1454,2,1,, ,1
1454,3,1,, ,1
1454,4,3,2, ,
1454,5,3,2, ,
1454,6,1,, ,5
1455,1,1,, ,5
1455,2,1,, ,1
1455,3,1,, ,1
1455,4,3,2, ,
1455,5,1,, ,1
1455,6,1,, ,5
1456,1,1,, ,5
1456,2,1,, ,1
1456,3,1,, ,1
1456,4,3,2, ,
1456,5,1,, ,1
1456,6,1,, ,5
1458,1,1,, ,1
1458,2,2,, ,1
1458,3,3,6, ,
1458,4,3,3, ,
1458,5,2,, ,1
1458,6,1,, ,1
1459,1,2,, ,1
1459,2,2,, ,1
1459,3,3,6, ,
1459,4,3,6, ,
1459,5,3,6, ,
1459,6,1,, ,5
1460,1,1,, ,1
1460,2,3,3, ,
1460,3,3,3, ,
1460,4,3,3, ,
1460,5,2,, ,1
1460,6,1,, ,1
1461,1,1,, ,5
1461,2,1,, ,1
1461,3,3,99, ,
1461,4,3,2, ,
1461,5,1,, ,1
1461,6,1,, ,5
1462,,,, ,
1463,1,1,, ,5
1463,2,1,, ,1
1463,3,1,, ,1
1463,4,3,2, ,
1463,5,1,, ,1
1463,6,1,, ,5
1464,,,, ,
1465,1,2,, ,1
1465,2,3,2, ,
1465,3,3,5, ,
1465,4,3,2, ,
1465,5,3,2, ,
1465,6,3,2, ,
1466,1,1,, ,1
1466,2,1,, ,1
1466,3,1,, ,1
1466,4,3,3, ,
1466,5,1,, ,1
1466,6,1,, ,1
1512,,,, ,
1514,1,1,, ,1
1514,2,2,, ,1
1514,3,3,6, ,
1514,4,3,6, ,
1514,5,3,6, ,
1514,6,1,, ,1
1515,1,2,, ,1
1515,2,3,3, ,
1515,3,3,6, ,
1515,4,3,3, ,
1515,5,3,3, ,
1515,6,3,3, ,
1516,1,1,, ,1
1516,2,1,, ,1
1516,3,1,, ,1
1516,4,3,3, ,
1516,5,3,3, ,
1516,6,1,, ,1
1517,1,1,, ,1
1517,2,3,3, ,
1517,3,3,6, ,
1517,4,3,3, ,
1517,5,2,, ,1
1517,6,1,, ,1
1518,1,1,, ,1
1518,2,1,, ,1
1518,3,2,, ,1
1518,4,3,3, ,
1518,5,1,, ,1
1518,6,1,, ,1
1521,1,1,, ,1
1521,2,1,, ,1
1521,3,2,, ,1
1521,4,3,3, ,
1521,5,3,3, ,
1521,6,1,, ,1
1522,1,2,, ,1
1522,2,2,, ,1
1522,3,3,6, ,
1522,4,3,3, ,
1522,5,3,6, ,
1522,6,2,, ,1
1525,1,2,, ,1
1525,2,2,, ,1
1525,3,3,6, ,
1525,4,3,3, ,
1525,5,3,3, ,
1525,6,2,, ,1
1526,1,1,, ,1
1526,2,1,, ,1
1526,3,3,6, ,
1526,4,3,3, ,
1526,5,1,, ,1
1526,6,1,, ,1
1527,1,2,, ,1
1527,2,99,, ,
1527,3,99,, ,
1527,4,99,, ,
1527,5,99,, ,
1527,6,99,, ,
1528,1,1,, ,1
1528,2,1,, ,1
1528,3,2,, ,1
1528,4,3,3, ,
1528,5,3,3, ,
1528,6,1,, ,1
1529,1,2,, ,1
1529,2,99,, ,
1529,3,99,, ,
1529,4,99,, ,
1529,5,99,, ,
1529,6,99,, ,
1530,1,2,, ,1
1530,2,99,, ,
1530,3,99,, ,
1530,4,99,, ,
1530,5,99,, ,
1530,6,99,, ,
1531,1,1,, ,1
1531,2,1,, ,1
1531,3,1,, ,1
1531,4,3,3, ,
1531,5,1,, ,1
1531,6,1,, ,1
1533,1,1,, ,1
1533,2,3,2, ,
1533,3,3,2, ,
1533,4,3,2, ,
1533,5,3,6, ,
1533,6,3,2, ,
1534,1,2,, ,1
1534,2,3,2, ,
1534,3,3,5, ,
1534,4,3,1, ,
1534,5,3,2, ,
1534,6,3,7,I DOD NOT HEAR THEY GAVE TRAINING,
1535,1,1,, ,1
1535,2,1,, ,1
1535,3,1,, ,1
1535,4,3,1, ,
1535,5,3,1, ,
1535,6,1,, ,5
1536,1,1,, ,1
1536,2,1,, ,1
1536,3,1,, ,1
1536,4,3,1, ,
1536,5,3,1, ,
1536,6,3,1, ,
1539,1,1,, ,1
1539,2,1,, ,1
1539,3,1,, ,1
1539,4,3,1, ,
1539,5,3,1, ,
1539,6,1,, ,5
1540,1,1,, ,1
1540,2,1,, ,1
1540,3,1,, ,1
1540,4,1,, ,1
1540,5,1,, ,1
1540,6,1,, ,5
1542,1,2,, ,5
1542,2,2,, ,1
1542,3,1,, ,5
1542,4,3,6, ,
1542,5,3,3, ,
1542,6,2,, ,5
1543,1,1,, ,1
1543,2,1,, ,1
1543,3,1,, ,1
1543,4,3,1, ,
1543,5,1,, ,1
1543,6,1,, ,5
1545,1,2,, ,5
1545,2,3,6, ,
1545,3,2,, ,5
1545,4,3,6, ,
1545,5,3,6, ,
1545,6,2,, ,1
1546,1,1,, ,1
1546,2,1,, ,1
1546,3,1,, ,1
1546,4,3,1, ,
1546,5,1,, ,1
1546,6,1,, ,5
1548,1,1,, ,1
1548,2,1,, ,1
1548,3,1,, ,1
1548,4,3,1, ,
1548,5,1,, ,1
1548,6,1,, ,5
1549,1,2,, ,5
1549,2,3,6, ,
1549,3,2,, ,1
1549,4,3,6, ,
1549,5,3,6, ,
1549,6,3,6, ,
1551,1,1,, ,1
1551,2,1,, ,1
1551,3,1,, ,1
1551,4,3,1, ,
1551,5,3,1, ,
1551,6,1,, ,5
1552,1,2,, ,5
1552,2,3,6, ,
1552,3,1,, ,5
1552,4,3,6, ,
1552,5,3,6, ,
1552,6,3,6, ,
1553,1,1,, ,1
1553,2,1,, ,1
1553,3,1,, ,1
1553,4,3,1, ,
1553,5,3,1, ,
1553,6,3,1, ,
1554,1,1,, ,1
1554,2,1,, ,1
1554,3,1,, ,1
1554,4,3,1, ,
1554,5,3,1, ,
1554,6,1,, ,5
1556,,,, ,
1580,1,2,, ,1
1580,2,3,6, ,
1580,3,2,, ,5
1580,4,3,6, ,
1580,5,3,6, ,
1580,6,3,6, ,
1581,1,1,, ,1
1581,2,1,, ,1
1581,3,1,, ,1
1581,4,3,1, ,
1581,5,1,, ,1
1581,6,1,, ,5
1582,1,1,, ,1
1582,2,1,, ,1
1582,3,1,, ,1
1582,4,3,1, ,
1582,5,1,, ,1
1582,6,1,, ,5
1583,1,1,, ,1
1583,2,1,, ,1
1583,3,1,, ,1
1583,4,99,, ,
1583,5,3,1, ,
1583,6,1,, ,5
1585,1,1,, ,1
1585,2,1,, ,1
1585,3,1,, ,1
1585,4,3,1, ,
1585,5,3,1, ,
1585,6,1,, ,5
1586,1,2,, ,5
1586,2,3,6, ,
1586,3,2,, ,5
1586,4,3,6, ,
1586,5,3,6, ,
1586,6,3,6, ,
1587,1,2,, ,1
1587,2,3,6, ,
1587,3,1,, ,5
1587,4,3,6, ,
1587,5,3,6, ,
1587,6,2,, ,1
1589,1,1,, ,5
1589,2,2,, ,1
1589,3,1,, ,5
1589,4,3,6, ,
1589,5,3,6, ,
1589,6,2,, ,1
1590,1,2,, ,1
1590,2,3,6, ,
1590,3,1,, ,3
1590,4,3,6, ,
1590,5,3,6, ,
1590,6,2,, ,1
1591,1,2,, ,5
1591,2,3,5, ,
1591,3,1,, ,5
1591,4,3,6, ,
1591,5,3,6, ,
1591,6,2,, ,1
1593,1,1,, ,1
1593,2,1,, ,1
1593,3,1,, ,1
1593,4,3,1, ,
1593,5,3,1, ,
1593,6,1,, ,1
1611,1,1,, ,1
1611,2,3,1, ,
1611,3,1,, ,2
1611,4,3,2, ,
1611,5,1,, ,1
1611,6,1,, ,2
1612,1,1,, ,1
1612,2,2,, ,2
1612,3,1,, ,1
1612,4,3,3, ,
1612,5,3,1, ,
1612,6,3,1, ,
1614,1,1,, ,1
1614,2,3,2, ,
1614,3,3,2, ,
1614,4,3,1, ,
1614,5,3,1, ,
1614,6,3,2, ,
1615,1,2,, ,1
1615,2,3,1, ,
1615,3,3,1, ,
1615,4,3,3, ,
1615,5,1,, ,1
1615,6,1,, ,1
1616,1,1,, ,1
1616,2,1,, ,1
1616,3,1,, ,1
1616,4,3,1, ,
1616,5,1,, ,1
1616,6,1,, ,2
1620,1,1,, ,1
1620,2,1,, ,1
1620,3,2,, ,1
1620,4,3,2, ,
1620,5,3,99, ,
1620,6,2,, ,1
1622,1,1,, ,5
1622,2,1,, ,5
1622,3,1,, ,5
1622,4,2,, ,5
1622,5,2,, ,5
1622,6,1,, ,5
1623,1,1,, ,1
1623,2,2,, ,1
1623,3,3,1, ,
1623,4,3,1, ,
1623,5,2,, ,1
1623,6,3,2, ,
1624,1,1,, ,1
1624,2,1,, ,1
1624,3,2,, ,1
1624,4,3,2, ,
1624,5,1,, ,5
1624,6,3,1, ,
1626,,,, ,
1627,1,2,, ,1
1627,2,3,2, ,
1627,3,3,4, ,
1627,4,3,2, ,
1627,5,3,5, ,
1627,6,3,3, ,
1628,1,2,, ,1
1628,2,99,, ,
1628,3,99,, ,
1628,4,99,, ,
1628,5,99,, ,
1628,6,99,, ,
1629,1,1,, ,1
1629,2,99,, ,
1629,3,99,, ,
1629,4,99,, ,
1629,5,99,, ,
1629,6,99,, ,
1630,1,2,, ,1
1630,2,3,2, ,
1630,3,99,, ,
1630,4,99,, ,
1630,5,99,, ,
1630,6,99,, ,
1631,1,99,, ,
1631,2,99,, ,
1631,3,99,, ,
1631,4,99,, ,
1631,5,99,, ,
1631,6,99,, ,
1632,1,2,, ,1
1632,2,99,, ,
1632,3,99,, ,
1632,4,99,, ,
1632,5,99,, ,
1632,6,99,, ,
1633,1,2,, ,1
1633,2,99,, ,
1633,3,99,, ,
1633,4,99,, ,
1633,5,99,, ,
1633,6,99,, ,
1634,1,2,, ,1
1634,2,99,, ,
1634,3,99,, ,
1634,4,99,, ,
1634,5,99,, ,
1634,6,99,, ,
1636,1,2,, ,1
1636,2,3,2, ,
1636,3,3,4, ,
1636,4,3,2, ,
1636,5,3,4, ,
1636,6,3,2, ,
1638,1,2,, ,1
1638,2,99,, ,
1638,3,99,, ,
1638,4,99,, ,
1638,5,99,, ,
1638,6,99,, ,
1639,1,2,, ,1
1639,2,99,, ,
1639,3,99,, ,
1639,4,99,, ,
1639,5,99,, ,
1639,6,99,, ,
1640,1,2,, ,1
1640,2,3,3, ,
1640,3,3,5, ,
1640,4,3,2, ,
1640,5,3,4, ,
1640,6,3,3, ,
1641,1,1,, ,1
1641,2,1,, ,1
1641,3,1,, ,1
1641,4,1,, ,1
1641,5,1,, ,1
1641,6,1,, ,1
1642,1,1,, ,1
1642,2,1,, ,1
1642,3,3,1, ,
1642,4,3,1, ,
1642,5,3,1, ,
1642,6,1,, ,1
1643,1,1,, ,1
1643,2,1,, ,1
1643,3,1,, ,1
1643,4,99,, ,
1643,5,1,, ,1
1643,6,1,, ,1
1644,1,1,, ,1
1644,2,1,, ,1
1644,3,1,, ,1
1644,4,3,1, ,
1644,5,1,, ,1
1644,6,1,, ,5
1645,1,1,, ,1
1645,2,1,, ,1
1645,3,1,, ,1
1645,4,1,, ,1
1645,5,1,, ,1
1645,6,1,, ,1
1647,,,, ,
1648,,,, ,
1649,1,1,, ,1
1649,2,1,, ,1
1649,3,1,, ,1
1649,4,3,1, ,
1649,5,1,, ,1
1649,6,1,, ,5
1651,1,1,, ,5
1651,2,1,, ,1
1651,3,1,, ,1
1651,4,3,1, ,
1651,5,1,, ,1
1651,6,3,1, ,
1652,1,1,, ,1
1652,2,1,, ,1
1652,3,1,, ,5
1652,4,99,, ,
1652,5,99,, ,
1652,6,1,, ,5
1675,1,2,, ,1
1675,2,99,, ,
1675,3,99,, ,
1675,4,99,, ,
1675,5,99,, ,
1675,6,99,, ,
1676,1,2,, ,1
1676,2,3,3, ,
1676,3,3,2, ,
1676,4,3,2, ,
1676,5,3,2, ,
1676,6,3,2, ,
1681,1,1,, ,1
1681,2,1,, ,1
1681,3,1,, ,1
1681,4,3,6, ,
1681,5,1,, ,1
1681,6,1,, ,1
1683,1,1,, ,1
1683,2,1,, ,1
1683,3,2,, ,1
1683,4,3,3, ,
1683,5,1,, ,1
1683,6,1,, ,1
1688,1,2,, ,5
1688,2,2,, ,1
1688,3,1,, ,5
1688,4,3,6, ,
1688,5,3,6, ,
1688,6,1,, ,5
1689,1,2,, ,5
1689,2,2,, ,1
1689,3,2,, ,5
1689,4,3,6, ,
1689,5,3,6, ,
1689,6,2,, ,5
1690,1,1,, ,5
1690,2,3,6, ,
1690,3,1,, ,5
1690,4,3,6, ,
1690,5,3,6, ,
1690,6,1,, ,5
1692,1,1,, ,5
1692,2,2,, ,1
1692,3,1,, ,5
1692,4,3,6, ,
1692,5,3,6, ,
1692,6,2,, ,1
1693,1,2,, ,5
1693,2,2,, ,1
1693,3,1,, ,5
1693,4,3,6, ,
1693,5,3,6, ,
1693,6,1,, ,5
1709,1,1,, ,1
1709,2,1,, ,1
1709,3,1,, ,1
1709,4,99,, ,
1709,5,99,, ,
1709,6,2,, ,1
1710,1,1,, ,1
1710,2,1,, ,1
1710,3,1,, ,1
1710,4,99,, ,
1710,5,99,, ,
1710,6,1,, ,1
1711,1,1,, ,1
1711,2,1,, ,1
1711,3,99,, ,
1711,4,99,, ,
1711,5,99,, ,
1711,6,3,1, ,
1712,1,1,, ,1
1712,2,1,, ,1
1712,3,1,, ,1
1712,4,99,, ,
1712,5,99,, ,
1712,6,3,1, ,
1713,,,, ,
1714,1,2,, ,1
1714,2,3,1, ,
1714,3,1,, ,1
1714,4,99,, ,
1714,5,1,, ,1
1714,6,1,, ,1
1715,1,2,, ,5
1715,2,3,6, ,
1715,3,1,, ,5
1715,4,3,6, ,
1715,5,3,6, ,
1715,6,2,, ,1
1716,1,1,, ,5
1716,2,2,, ,1
1716,3,2,, ,5
1716,4,3,6, ,
1716,5,3,6, ,
1716,6,2,, ,5
1719,1,1,, ,1
1719,2,2,, ,1
1719,3,1,, ,5
1719,4,3,6, ,
1719,5,3,6, ,
1719,6,2,, ,5
1721,1,2,, ,5
1721,2,3,3, ,
1721,3,2,, ,5
1721,4,3,6, ,
1721,5,3,6, ,
1721,6,2,, ,5
1722,1,1,, ,5
1722,2,2,, ,5
1722,3,1,, ,5
1722,4,3,6, ,
1722,5,3,6, ,
1722,6,2,, ,5
1723,1,2,, ,5
1723,2,3,3, ,
1723,3,1,, ,5
1723,4,3,6, ,
1723,5,3,3, ,
1723,6,2,, ,5
1724,1,2,, ,5
1724,2,3,6, ,
1724,3,2,, ,5
1724,4,3,6, ,
1724,5,3,6, ,
1724,6,2,, ,5
1725,1,2,, ,5
1725,2,3,6, ,
1725,3,2,, ,5
1725,4,3,6, ,
1725,5,3,6, ,
1725,6,2,, ,1
1726,1,2,, ,5
1726,2,3,6, ,
1726,3,2,, ,5
1726,4,3,6, ,
1726,5,3,6, ,
1726,6,3,6, ,
1802,1,1,, ,1
1802,2,1,, ,5
1802,3,1,, ,1
1802,4,3,2, ,
1802,5,3,2, ,
1802,6,1,, ,5
1803,,,, ,
1805,1,2,, ,1
1805,2,3,6, ,
1805,3,1,, ,5
1805,4,3,6, ,
1805,5,3,6, ,
1805,6,2,, ,1
1806,,,, ,
1807,1,1,, ,5
1807,2,2,, ,5
1807,3,1,, ,5
1807,4,3,6, ,
1807,5,3,6, ,
1807,6,2,, ,1
1808,,,, ,
1809,1,2,, ,5
1809,2,3,6, ,
1809,3,2,, ,5
1809,4,3,6, ,
1809,5,3,6, ,
1809,6,3,6, ,
1810,1,2,, ,1
1810,2,3,6, ,
1810,3,1,, ,1
1810,4,3,6, ,
1810,5,3,6, ,
1810,6,2,, ,1
1811,1,2,, ,5
1811,2,3,6, ,
1811,3,1,, ,5
1811,4,3,6, ,
1811,5,3,6, ,
1811,6,2,, ,1
1812,1,1,, ,1
1812,2,1,, ,5
1812,3,3,2, ,
1812,4,3,2, ,
1812,5,1,, ,1
1812,6,1,, ,5
1813,1,1,, ,1
1813,2,1,, ,1
1813,3,1,, ,1
1813,4,3,2, ,
1813,5,3,2, ,
1813,6,1,, ,5
1814,1,1,, ,1
1814,2,1,, ,5
1814,3,3,2, ,
1814,4,3,2, ,
1814,5,1,, ,1
1814,6,1,, ,5
1815,1,1,, ,5
1815,2,1,, ,5
1815,3,3,2, ,
1815,4,3,2, ,
1815,5,1,, ,1
1815,6,1,, ,5
1816,1,1,, ,5
1816,2,1,, ,1
1816,3,3,2, ,
1816,4,3,2, ,
1816,5,3,99, ,
1816,6,1,, ,5
1817,,,, ,
1818,1,2,, ,1
1818,2,3,6, ,
1818,3,1,, ,5
1818,4,3,6, ,
1818,5,3,6, ,
1818,6,1,, ,1
1819,1,1,, ,5
1819,2,1,, ,1
1819,3,3,2, ,
1819,4,3,2, ,
1819,5,3,2, ,
1819,6,1,, ,5
1820,1,1,, ,1
1820,2,1,, ,2
1820,3,3,2, ,
1820,4,3,2, ,
1820,5,1,, ,1
1820,6,1,, ,5
1822,1,1,, ,1
1822,2,1,, ,2
1822,3,3,2, ,
1822,4,3,2, ,
1822,5,1,, ,1
1822,6,1,, ,5
1823,,,, ,
1826,1,1,, ,2
1826,2,1,, ,2
1826,3,3,1, ,
1826,4,3,1, ,
1826,5,3,1, ,
1826,6,1,, ,5
1827,1,1,, ,1
1827,2,1,, ,1
1827,3,1,, ,1
1827,4,3,1, ,
1827,5,3,1, ,
1827,6,1,, ,5
1830,1,2,, ,5
1830,2,3,6, ,
1830,3,1,, ,5
1830,4,3,6, ,
1830,5,3,6, ,
1830,6,3,6, ,
1831,,,, ,
1834,1,1,, ,5
1834,2,3,6, ,
1834,3,1,, ,5
1834,4,3,6, ,
1834,5,2,, ,1
1834,6,2,, ,5
1835,1,2,, ,5
1835,2,3,6, ,
1835,3,2,, ,5
1835,4,3,6, ,
1835,5,3,6, ,
1835,6,3,6, ,
1836,1,1,, ,1
1836,2,1,, ,5
1836,3,3,2, ,
1836,4,3,2, ,
1836,5,1,, ,1
1836,6,1,, ,5
1837,1,2,, ,1
1837,2,3,6, ,
1837,3,2,, ,1
1837,4,3,6, ,
1837,5,3,6, ,
1837,6,2,, ,1
1838,1,1,, ,5
1838,2,3,2, ,
1838,3,3,2, ,
1838,4,3,2, ,
1838,5,3,2, ,
1838,6,1,, ,5
1839,1,1,, ,5
1839,2,1,, ,1
1839,3,3,2, ,
1839,4,3,2, ,
1839,5,3,2, ,
1839,6,1,, ,5
1840,1,1,, ,5
1840,2,1,, ,1
1840,3,3,99, ,
1840,4,3,2, ,
1840,5,1,, ,5
1840,6,1,, ,5
1841,1,1,, ,5
1841,2,1,, ,1
1841,3,3,99, ,
1841,4,3,2, ,
1841,5,1,, ,1
1841,6,1,, ,5
1842,1,1,, ,5
1842,2,1,, ,1
1842,3,3,99, ,
1842,4,3,2, ,
1842,5,1,, ,1
1842,6,1,, ,5
1847,1,1,, ,5
1847,2,2,, ,1
1847,3,1,, ,5
1847,4,3,6, ,
1847,5,3,6, ,
1847,6,2,, ,1
1849,1,1,, ,5
1849,2,2,, ,5
1849,3,1,, ,5
1849,4,3,6, ,
1849,5,3,6, ,
1849,6,2,, ,5
1852,1,1,, ,1
1852,2,1,, ,5
1852,3,3,2, ,
1852,4,3,2, ,
1852,5,3,2, ,
1852,6,1,, ,5
1855,1,1,, ,1
1855,2,1,, ,5
1855,3,3,5, ,
1855,4,3,2, ,
1855,5,3,2, ,
1855,6,1,, ,5
1857,1,1,, ,5
1857,2,2,, ,5
1857,3,1,, ,5
1857,4,3,6, ,
1857,5,3,6, ,
1857,6,2,, ,5
1858,1,1,, ,5
1858,2,2,, ,5
1858,3,1,, ,5
1858,4,3,6, ,
1858,5,3,6, ,
1858,6,2,, ,5
1859,1,1,, ,1
1859,2,1,, ,5
1859,3,3,2, ,
1859,4,3,2, ,
1859,5,3,2, ,
1859,6,1,, ,5
3001,1,1,, ,1
3001,2,3,99, ,
3001,3,3,99, ,
3001,4,3,2, ,
3001,5,3,2, ,
3001,6,3,2, ,
3002,1,1,, ,1
3002,2,1,, ,1
3002,3,3,1, ,
3002,4,3,1, ,
3002,5,3,1, ,
3002,6,3,1, ,
3003,,,, ,
3004,1,1,, ,1
3004,2,1,, ,5
3004,3,3,99, ,
3004,4,3,2, ,
3004,5,3,99, ,
3004,6,1,, ,5
3005,1,1,, ,1
3005,2,1,, ,2
3005,3,3,2, ,
3005,4,3,2, ,
3005,5,3,2, ,
3005,6,1,, ,5
3006,1,1,, ,1
3006,2,1,, ,5
3006,3,3,2, ,
3006,4,3,2, ,
3006,5,3,2, ,
3006,6,1,, ,5
3007,1,2,, ,5
3007,2,2,, ,5
3007,3,1,, ,5
3007,4,3,6, ,
3007,5,3,6, ,
3007,6,2,, ,5
3008,1,1,, ,5
3008,2,2,, ,1
3008,3,1,, ,5
3008,4,3,6, ,
3008,5,3,6, ,
3008,6,2,, ,5
3009,1,2,, ,5
3009,2,2,, ,1
3009,3,1,, ,5
3009,4,3,6, ,
3009,5,3,6, ,
3009,6,1,, ,5
3010,1,2,, ,1
3010,2,3,1, ,
3010,3,1,, ,2
3010,4,3,1, ,
3010,5,99,, ,
3010,6,2,, ,5
3011,1,1,, ,1
3011,2,1,, ,1
3011,3,1,, ,5
3011,4,99,, ,
3011,5,99,, ,
3011,6,1,, ,5
3012,1,1,, ,1
3012,2,3,2, ,
3012,3,3,5, ,
3012,4,3,2, ,
3012,5,3,2, ,
3012,6,3,2, ,
3013,1,2,, ,1
3013,2,99,, ,
3013,3,3,1, ,
3013,4,3,1, ,
3013,5,3,1, ,
3013,6,3,1, ,
3014,1,2,, ,1
3014,2,3,3, ,
3014,3,3,6, ,
3014,4,3,3, ,
3014,5,3,3, ,
3014,6,3,6, ,
3015,1,2,, ,1
3015,2,2,, ,1
3015,3,3,3, ,
3015,4,3,3, ,
3015,5,3,3, ,
3015,6,3,6, ,
3016,1,2,, ,5
3016,2,3,6, ,
3016,3,2,, ,5
3016,4,99,, ,
3016,5,3,6, ,
3016,6,2,, ,1
3017,1,1,, ,1
3017,2,1,, ,1
3017,3,1,, ,1
3017,4,3,2, ,
3017,5,3,1, ,
3017,6,1,, ,1
3018,1,1,, ,1
3018,2,1,, ,1
3018,3,1,, ,1
3018,4,3,2, ,
3018,5,3,2, ,
3018,6,1,, ,1
3019,1,2,, ,5
3019,2,3,6, ,
3019,3,2,, ,5
3019,4,3,6, ,
3019,5,3,6, ,
3019,6,3,6, ,
3020,1,2,, ,5
3020,2,1,, ,1
3020,3,1,, ,5
3020,4,3,6, ,
3020,5,3,6, ,
3020,6,2,, ,1
3021,1,1,, ,5
3021,2,1,, ,1
3021,3,3,2, ,
3021,4,3,2, ,
3021,5,3,2, ,
3021,6,1,, ,5
3022,1,2,, ,5
3022,2,3,6, ,
3022,3,1,, ,5
3022,4,3,6, ,
3022,5,3,6, ,
3022,6,3,6, ,
3023,1,2,, ,5
3023,2,3,6, ,
3023,3,2,, ,5
3023,4,3,6, ,
3023,5,3,6, ,
3023,6,3,6, ,
3024,1,2,, ,5
3024,2,3,6, ,
3024,3,3,6, ,
3024,4,3,6, ,
3024,5,3,6, ,
3024,6,3,6, ,
3025,1,1,, ,1
3025,2,1,, ,1
3025,3,1,, ,1
3025,4,3,1, ,
3025,5,1,, ,1
3025,6,1,, ,5
3026,1,1,, ,1
3026,2,99,, ,
3026,3,99,, ,
3026,4,99,, ,
3026,5,99,, ,
3026,6,99,, ,
3030,1,1,, ,1
3030,2,1,, ,1
3030,3,1,, ,1
3030,4,3,1, ,
3030,5,99,, ,
3030,6,3,1, ,
3031,1,1,, ,5
3031,2,2,, ,5
3031,3,1,, ,5
3031,4,3,6, ,
3031,5,3,3, ,
3031,6,2,, ,5
3032,1,1,, ,5
3032,2,3,6, ,
3032,3,1,, ,5
3032,4,3,6, ,
3032,5,3,6, ,
3032,6,2,, ,5
3033,1,1,, ,5
3033,2,1,, ,1
3033,3,3,99, ,
3033,4,3,2, ,
3033,5,3,2, ,
3033,6,1,, ,5
3034,1,1,, ,5
3034,2,1,, ,1
3034,3,1,, ,1
3034,4,3,2, ,
3034,5,1,, ,1
3034,6,1,, ,5
3035,1,2,, ,1
3035,2,3,2, ,
3035,3,3,4, ,
3035,4,3,2, ,
3035,5,3,2, ,
3035,6,3,2, ,
3036,1,1,, ,1
3036,2,1,, ,1
3036,3,3,6, ,
3036,4,3,3, ,
3036,5,1,, ,1
3036,6,1,, ,1
3037,1,2,, ,1
3037,2,2,, ,1
3037,3,1,, ,1
3037,4,3,3, ,
3037,5,3,3, ,
3037,6,2,, ,1
3038,1,1,, ,1
3038,2,1,, ,1
3038,3,1,, ,1
3038,4,2,, ,1
3038,5,2,, ,1
3038,6,2,, ,1
3039,,,, ,
3040,1,1,, ,1
3040,2,1,, ,1
3040,3,1,, ,1
3040,4,3,3, ,
3040,5,3,3, ,
3040,6,3,3, ,
3041,1,1,, ,1
3041,2,3,3, ,
3041,3,3,6, ,
3041,4,3,6, ,
3041,5,1,, ,1
3041,6,1,, ,1
3042,1,1,, ,1
3042,2,1,, ,1
3042,3,1,, ,1
3042,4,2,, ,4
3042,5,1,, ,1
3042,6,1,, ,1
3043,1,1,, ,1
3043,2,1,, ,1
3043,3,2,, ,1
3043,4,3,2, ,
3043,5,2,, ,1
3043,6,1,, ,1
32,1,2,, ,2
32,2,1,, ,2
32,3,3,1, ,
32,4,3,2, ,
32,5,3,1, ,
32,6,3,1, ,
33,1,2,, ,1
33,2,99,, ,
33,3,99,, ,
33,4,99,, ,
33,5,99,, ,
33,6,99,, ,
34,1,2,, ,1
34,2,1,, ,1
34,3,3,1, ,
34,4,3,2, ,
34,5,2,, ,1
34,6,3,1, ,
35,1,2,, ,2
35,2,2,, ,1
35,3,2,, ,1
35,4,3,2, ,
35,5,3,1, ,
35,6,3,1, ,
36,1,2,, ,1
36,2,99,, ,
36,3,99,, ,
36,4,99,, ,
36,5,99,, ,
36,6,99,, ,
37,1,1,, ,1
37,2,2,, ,1
37,3,1,, ,1
37,4,3,2, ,
37,5,3,1, ,
37,6,3,5, ,
38,1,3,1, ,
38,2,3,3, ,
38,3,3,2, ,
38,4,3,1, ,
38,5,3,3, ,
38,6,3,3, ,
39,1,1,, ,1
39,2,1,, ,1
39,3,3,2, ,
39,4,3,2, ,
39,5,3,2, ,
39,6,3,1, ,
40,1,1,, ,1
40,2,1,, ,1
40,3,3,1, ,
40,4,3,2, ,
40,5,2,, ,1
40,6,3,1, ,
41,1,2,, ,1
41,2,3,2, ,
41,3,2,, ,1
41,4,3,2, ,
41,5,1,, ,1
41,6,3,2, ,
42,,,, ,
43,1,3,1, ,
43,2,3,1, ,
43,3,3,3, ,
43,4,3,6, ,
43,5,3,4, ,
43,6,3,4, ,
44,,,, ,
45,1,1,, ,1
45,2,1,, ,1
45,3,3,2, ,
45,4,3,2, ,
45,5,3,2, ,
45,6,3,1, ,
46,1,2,, ,2
46,2,3,1, ,
46,3,3,1, ,
46,4,3,1, ,
46,5,3,2, ,
46,6,3,2, ,
47,1,3,2, ,
47,2,3,2, ,
47,3,3,1, ,
47,4,3,3, ,
47,5,3,1, ,
47,6,3,3, ,
48,,,, ,
49,1,3,1, ,
49,2,3,2, ,
49,3,3,3, ,
49,4,3,2, ,
49,5,3,3, ,
49,6,3,4, ,
68,1,1,, ,1
68,2,1,, ,1
68,3,3,2, ,
68,4,3,2, ,
68,5,3,2, ,
68,6,3,1, ,
69,1,3,1, ,
69,2,3,4, ,
69,3,3,4, ,
69,4,3,5, ,
69,5,3,4, ,
69,6,3,4, ,
70,1,2,, ,2
70,2,2,, ,2
70,3,3,1, ,
70,4,3,99, ,
70,5,3,3, ,
70,6,3,1, ,
75,1,1,, ,1
75,2,2,, ,1
75,3,2,, ,1
75,4,3,1, ,
75,5,2,, ,1
75,6,3,2, ,
76,1,3,3, ,
76,2,3,3, ,
76,3,3,3, ,
76,4,3,4, ,
76,5,3,3, ,
76,6,3,4, ,
77,1,3,3, ,
77,2,3,2, ,
77,3,2,, ,1
77,4,3,2, ,
77,5,2,, ,1
77,6,3,2, ,
78,1,1,, ,1
78,2,1,, ,1
78,3,2,, ,1
78,4,3,2, ,
78,5,3,2, ,
78,6,3,2, ,
79,1,2,, ,1
79,2,3,2, ,
79,3,3,3, ,
79,4,3,2, ,
79,5,3,3, ,
79,6,3,3, ,
80,1,2,, ,1
80,2,2,, ,1
80,3,3,1, ,
80,4,3,4, ,
80,5,3,2, ,
80,6,3,99, ,
81,,,, ,
82,,,, ,
83,1,3,3, ,
83,2,3,4, ,
83,3,3,4, ,
83,4,3,5, ,
83,5,3,4, ,
83,6,3,4, ,
84,1,1,, ,1
84,2,2,, ,1
84,3,3,6, ,
84,4,3,2, ,
84,5,3,1, ,
84,6,3,2, ,
85,1,2,, ,1
85,2,3,6, ,
85,3,3,4, ,
85,4,3,1, ,
85,5,3,1, ,
85,6,3,99, ,
86,1,3,1, ,
86,2,2,, ,1
86,3,3,2, ,
86,4,3,2, ,
86,5,3,1, ,
86,6,3,1, ,
87,1,3,3, ,
87,2,2,, ,1
87,3,3,6, ,
87,4,3,2, ,
87,5,3,3, ,
87,6,3,2, ,
88,1,99,, ,
88,2,99,, ,
88,3,99,, ,
88,4,99,, ,
88,5,99,, ,
88,6,99,, ,
90,1,2,, ,1
90,2,2,, ,1
90,3,3,2, ,
90,4,3,2, ,
90,5,3,2, ,
90,6,3,2, ,
95,1,1,, ,1
95,2,2,, ,1
95,3,3,2, ,
95,4,3,2, ,
95,5,3,2, ,
95,6,3,2, ,
97,1,99,, ,
97,2,99,, ,
97,3,99,, ,
97,4,99,, ,
97,5,99,, ,
97,6,99,, ,
104,,,, ,
105,1,3,99, ,
105,2,2,, ,1
105,3,3,1, ,
105,4,3,2, ,
105,5,3,1, ,
105,6,3,1, ,
106,1,3,2, ,
106,2,2,, ,1
106,3,3,4, ,
106,4,3,1, ,
106,5,3,3, ,
106,6,2,, ,1
107,1,2,, ,1
107,2,3,2, ,
107,3,3,2, ,
107,4,3,2, ,
107,5,3,2, ,
107,6,3,6, ,
108,1,1,, ,1
108,2,2,, ,1
108,3,3,2, ,
108,4,3,2, ,
108,5,3,2, ,
108,6,3,2, ,
109,1,99,, ,
109,2,99,, ,
109,3,99,, ,
109,4,99,, ,
109,5,99,, ,
109,6,99,, ,
110,1,99,, ,
110,2,99,, ,
110,3,99,, ,
110,4,99,, ,
110,5,99,, ,
110,6,99,, ,
111,1,2,, ,1
111,2,2,, ,1
111,3,3,2, ,
111,4,3,2, ,
111,5,3,2, ,
111,6,3,2, ,
112,1,99,, ,
112,2,99,, ,
112,3,99,, ,
112,4,99,, ,
112,5,99,, ,
112,6,99,, ,
113,1,2,, ,1
113,2,2,, ,1
113,3,3,2, ,
113,4,3,2, ,
113,5,3,2, ,
113,6,3,2, ,
127,1,2,, ,1
127,2,1,, ,2
127,3,3,1, ,
127,4,3,2, ,
127,5,3,1, ,
127,6,3,1, ,
128,1,2,, ,2
128,2,1,, ,1
128,3,3,1, ,
128,4,3,2, ,
128,5,3,2, ,
128,6,3,2, ,
130,1,2,, ,1
130,2,2,, ,1
130,3,3,1, ,
130,4,3,3, ,
130,5,99,, ,
130,6,99,, ,
131,1,2,, ,1
131,2,1,, ,1
131,3,3,1, ,
131,4,3,2, ,
131,5,3,1, ,
131,6,3,1, ,
132,1,1,, ,1
132,2,1,, ,5
132,3,2,, ,1
132,4,3,2, ,
132,5,2,, ,1
132,6,2,, ,1
133,,,, ,
134,1,1,, ,1
134,2,3,2, ,
134,3,3,2, ,
134,4,3,2, ,
134,5,3,2, ,
134,6,3,1, ,
135,1,1,, ,1
135,2,1,, ,1
135,3,3,1, ,
135,4,3,2, ,
135,5,2,, ,1
135,6,3,1, ,
136,1,1,, ,1
136,2,3,2, ,
136,3,2,, ,1
136,4,3,1, ,
136,5,2,, ,1
136,6,3,3, ,
137,1,2,, ,1
137,2,99,, ,
137,3,99,, ,
137,4,99,, ,
137,5,99,, ,
137,6,99,, ,
138,1,3,3, ,
138,2,3,3, ,
138,3,3,2, ,
138,4,3,6, ,
138,5,3,2, ,
138,6,3,3, ,
139,1,3,3, ,
139,2,3,2, ,
139,3,2,, ,1
139,4,3,1, ,
139,5,2,, ,1
139,6,3,3, ,
140,1,3,3, ,
140,2,3,2, ,
140,3,2,, ,1
140,4,3,1, ,
140,5,2,, ,1
140,6,3,5, ,
141,1,3,4, ,
141,2,3,6, ,
141,3,3,2, ,
141,4,3,3, ,
141,5,3,3, ,
141,6,3,2, ,
143,,,, ,
144,1,2,, ,1
144,2,99,, ,
144,3,99,, ,
144,4,99,, ,
144,5,99,, ,
144,6,99,, ,
211,1,3,3, ,
211,2,2,, ,1
211,3,3,1, ,
211,4,3,2, ,
211,5,3,1, ,
211,6,3,1, ,
212,1,2,, ,1
212,2,2,, ,1
212,3,3,1, ,
212,4,3,2, ,
212,5,3,1, ,
212,6,3,1, ,
215,1,2,, ,2
215,2,2,, ,1
215,3,2,, ,1
215,4,3,2, ,
215,5,3,2, ,
215,6,3,2, ,
216,1,3,99, ,
216,2,1,, ,1
216,3,3,1, ,
216,4,3,2, ,
216,5,3,1, ,
216,6,3,1, ,
217,1,99,, ,
217,2,99,, ,
217,3,99,, ,
217,4,99,, ,
217,5,99,, ,
217,6,99,, ,
218,1,99,, ,
218,2,99,, ,
218,3,99,, ,
218,4,99,, ,
218,5,99,, ,
218,6,99,, ,
220,1,1,, ,1
220,2,1,, ,1
220,3,3,1, ,
220,4,3,2, ,
220,5,3,5, ,
220,6,3,5, ,
222,1,99,, ,
222,2,99,, ,
222,3,99,, ,
222,4,99,, ,
222,5,99,, ,
222,6,99,, ,
223,1,99,, ,
223,2,99,, ,
223,3,99,, ,
223,4,99,, ,
223,5,99,, ,
223,6,99,, ,
224,,,, ,
225,,,, ,
227,1,2,, ,1
227,2,2,, ,1
227,3,3,1, ,
227,4,3,2, ,
227,5,3,1, ,
227,6,3,1, ,
228,1,2,, ,1
228,2,2,, ,1
228,3,2,, ,1
228,4,3,2, ,
228,5,3,2, ,
228,6,2,, ,1
421,1,2,, ,1
421,2,2,, ,1
421,3,2,, ,1
421,4,3,2, ,
421,5,2,, ,1
421,6,2,, ,1
422,1,3,3, ,
422,2,3,5, ,
422,3,3,4, ,
422,4,3,5, ,
422,5,3,4, ,
422,6,3,4, ,
423,1,1,, ,1
423,2,2,, ,1
423,3,3,99, ,
423,4,3,1, ,
423,5,2,, ,1
423,6,3,99, ,
424,1,2,, ,1
424,2,2,, ,1
424,3,1,, ,1
424,4,3,1, ,
424,5,3,6, ,
424,6,3,5, ,
425,1,3,2, ,
425,2,1,, ,1
425,3,3,2, ,
425,4,3,1, ,
425,5,3,1, ,
425,6,3,1, ,
426,1,1,, ,1
426,2,2,, ,1
426,3,2,, ,98
426,4,3,99, ,
426,5,3,1, ,
426,6,3,3, ,
427,1,3,2, ,
427,2,3,2, ,
427,3,3,3, ,
427,4,3,3, ,
427,5,3,3, ,
427,6,3,3, ,
428,,,, ,
429,1,1,, ,1
429,2,1,, ,1
429,3,99,, ,
429,4,3,2, ,
429,5,2,, ,1
429,6,99,, ,
430,1,1,, ,1
430,2,2,, ,1
430,3,1,, ,1
430,4,3,2, ,
430,5,2,, ,1
430,6,3,1, ,
431,1,1,, ,1
431,2,3,1, ,
431,3,2,, ,1
431,4,3,1, ,
431,5,3,4, ,
431,6,3,4, ,
432,1,3,2, ,
432,2,3,4, ,
432,3,3,4, ,
432,4,3,5, ,
432,5,3,4, ,
432,6,3,4, ,
433,1,1,, ,3
433,2,2,, ,3
433,3,2,, ,3
433,4,3,2, ,
433,5,3,2, ,
433,6,3,1, ,
434,1,1,, ,1
434,2,2,, ,1
434,3,2,, ,1
434,4,3,1, ,
434,5,3,3, ,
434,6,2,, ,1
435,,,, ,
436,1,3,1, ,
436,2,3,2, ,
436,3,3,1, ,
436,4,3,2, ,
436,5,3,3, ,
436,6,3,3, ,
454,1,3,3, ,
454,2,3,2, ,
454,3,3,1, ,
454,4,3,6, ,
454,5,3,3, ,
454,6,3,2, ,
455,1,3,1, ,
455,2,3,5, ,
455,3,3,2, ,
455,4,3,5, ,
455,5,3,4, ,
455,6,3,1, ,
456,1,1,, ,1
456,2,1,, ,1
456,3,3,2, ,
456,4,3,2, ,
456,5,3,2, ,
456,6,3,1, ,
457,1,3,3, ,
457,2,3,1, ,
457,3,3,2, ,
457,4,3,1, ,
457,5,3,3, ,
457,6,3,3, ,
458,1,3,3, ,
458,2,3,2, ,
458,3,1,, ,1
458,4,3,1, ,
458,5,1,, ,1
458,6,3,5, ,
459,1,3,3, ,
459,2,3,2, ,
459,3,1,, ,1
459,4,3,1, ,
459,5,2,, ,1
459,6,3,3, ,
460,1,1,, ,1
460,2,1,, ,1
460,3,3,2, ,
460,4,3,2, ,
460,5,3,2, ,
460,6,3,1, ,
461,1,1,, ,1
461,2,1,, ,1
461,3,3,2, ,
461,4,3,2, ,
461,5,3,2, ,
461,6,3,1, ,
462,1,1,, ,1
462,2,1,, ,1
462,3,3,2, ,
462,4,3,2, ,
462,5,3,2, ,
462,6,3,1, ,
463,1,2,, ,1
463,2,3,2, ,
463,3,1,, ,1
463,4,3,1, ,
463,5,1,, ,1
463,6,3,3, ,
464,1,1,, ,1
464,2,1,, ,1
464,3,3,2, ,
464,4,3,2, ,
464,5,3,2, ,
464,6,3,1, ,
465,1,3,1, ,
465,2,3,3, ,
465,3,3,3, ,
465,4,3,1, ,
465,5,3,3, ,
465,6,3,3, ,
466,1,3,3, ,
466,2,3,2, ,
466,3,2,, ,1
466,4,3,1, ,
466,5,1,, ,1
466,6,3,3, ,
467,1,3,3, ,
467,2,3,2, ,
467,3,2,, ,1
467,4,3,1, ,
467,5,1,, ,1
467,6,3,5, ,
468,1,3,3, ,
468,2,3,2, ,
468,3,1,, ,1
468,4,3,1, ,
468,5,1,, ,1
468,6,3,5, ,
469,1,3,2, ,
469,2,3,5, ,
469,3,3,6, ,
469,4,3,3, ,
469,5,3,1, ,
469,6,3,3, ,
470,1,3,1, ,
470,2,3,1, ,
470,3,3,3, ,
470,4,3,3, ,
470,5,3,5, ,
470,6,3,6, ,
471,1,1,, ,1
471,2,1,, ,1
471,3,3,2, ,
471,4,3,2, ,
471,5,3,2, ,
471,6,3,1, ,
544,1,2,, ,1
544,2,2,, ,1
544,3,3,99, ,
544,4,99,, ,
544,5,99,, ,
544,6,99,, ,
545,,,, ,
547,1,3,2, ,
547,2,3,2, ,
547,3,3,3, ,
547,4,3,3, ,
547,5,3,2, ,
547,6,3,3, ,
548,1,1,, ,1
548,2,1,, ,1
548,3,1,, ,1
548,4,3,1, ,
548,5,1,, ,1
548,6,2,, ,1
549,1,2,, ,1
549,2,3,2, ,
549,3,3,3, ,
549,4,3,4, ,
549,5,3,3, ,
549,6,3,3, ,
550,,,, ,
552,1,2,, ,1
552,2,3,2, ,
552,3,2,, ,1
552,4,3,1, ,
552,5,2,, ,1
552,6,3,5, ,
553,1,3,3, ,
553,2,3,3, ,
553,3,3,3, ,
553,4,3,2, ,
553,5,3,3, ,
553,6,3,2, ,
554,1,1,, ,1
554,2,2,, ,1
554,3,3,2, ,
554,4,3,2, ,
554,5,3,2, ,
554,6,3,2, ,
555,1,1,, ,1
555,2,1,, ,1
555,3,2,, ,1
555,4,3,1, ,
555,5,3,2, ,
555,6,3,5, ,
556,1,1,, ,1
556,2,2,, ,1
556,3,3,2, ,
556,4,3,2, ,
556,5,3,2, ,
556,6,3,2, ,
558,1,1,, ,1
558,2,1,, ,1
558,3,1,, ,1
558,4,3,2, ,
558,5,3,6, ,
558,6,2,, ,1
559,,,, ,
651,,,, ,
652,1,3,3, ,
652,2,3,4, ,
652,3,3,3, ,
652,4,3,3, ,
652,5,3,4, ,
652,6,3,4, ,
653,1,2,, ,1
653,2,2,, ,1
653,3,3,2, ,
653,4,99,, ,
653,5,3,99, ,
653,6,3,2, ,
654,1,1,, ,1
654,2,1,, ,1
654,3,3,2, ,
654,4,3,2, ,
654,5,3,2, ,
654,6,3,1, ,
656,,,, ,
657,1,1,, ,1
657,2,3,3, ,
657,3,3,3, ,
657,4,3,2, ,
657,5,3,6, ,
657,6,3,6, ,
658,1,1,, ,1
658,2,1,, ,1
658,3,3,5, ,
658,4,3,2, ,
658,5,3,6, ,
658,6,3,6, ,
659,1,1,, ,1
659,2,2,, ,1
659,3,2,, ,1
659,4,3,2, ,
659,5,3,1, ,
659,6,3,2, ,
660,1,1,, ,1
660,2,1,, ,1
660,3,3,2, ,
660,4,3,2, ,
660,5,3,2, ,
660,6,3,1, ,
662,1,2,, ,1
662,2,2,, ,1
662,3,2,, ,2
662,4,3,2, ,
662,5,3,1, ,
662,6,3,2, ,
664,1,2,, ,1
664,2,2,, ,1
664,3,2,, ,1
664,4,3,2, ,
664,5,3,2, ,
664,6,3,2, ,
665,1,2,, ,2
665,2,2,, ,2
665,3,3,99, ,
665,4,3,1, ,
665,5,99,, ,
665,6,3,2, ,
667,1,2,, ,3
667,2,3,3, ,
667,3,2,, ,1
667,4,3,1, ,
667,5,2,, ,1
667,6,3,3, ,
668,1,1,, ,1
668,2,1,, ,1
668,3,3,2, ,
668,4,3,2, ,
668,5,3,2, ,
668,6,3,1, ,
670,1,1,, ,1
670,2,3,1, ,
670,3,3,1, ,
670,4,2,, ,1
670,5,2,, ,1
670,6,1,, ,1
671,1,1,, ,1
671,2,3,1, ,
671,3,1,, ,1
671,4,3,1, ,
671,5,2,, ,1
671,6,3,1, ,
672,1,1,, ,1
672,2,1,, ,1
672,3,1,, ,1
672,4,3,1, ,
672,5,3,1, ,
672,6,3,1, ,
673,,,, ,
674,1,2,, ,1
674,2,2,, ,1
674,3,3,2, ,
674,4,3,2, ,
674,5,3,2, ,
674,6,3,2, ,
675,1,1,, ,1
675,2,1,, ,1
675,3,3,4, ,
675,4,3,1, ,
675,5,3,4, ,
675,6,3,4, ,
676,1,2,, ,1
676,2,3,1, ,
676,3,3,2, ,
676,4,3,2, ,
676,5,3,2, ,
676,6,3,2, ,
677,1,3,99, ,
677,2,3,1, ,
677,3,3,1, ,
677,4,3,2, ,
677,5,3,1, ,
677,6,3,1, ,
678,1,2,, ,1
678,2,2,, ,1
678,3,3,1, ,
678,4,3,99, ,
678,5,3,2, ,
678,6,3,4, ,
679,1,1,, ,1
679,2,3,3, ,
679,3,2,, ,1
679,4,3,1, ,
679,5,3,4, ,
679,6,3,5, ,
680,1,3,99, ,
680,2,3,1, ,
680,3,3,1, ,
680,4,3,1, ,
680,5,3,2, ,
680,6,3,1, ,
681,1,1,, ,1
681,2,1,, ,1
681,3,3,99, ,
681,4,3,1, ,
681,5,3,2, ,
681,6,2,, ,1
682,1,1,, ,1
682,2,1,, ,1
682,3,3,1, ,
682,4,3,5, ,
682,5,3,4, ,
682,6,3,6, ,
683,1,1,, ,1
683,2,2,, ,1
683,3,2,, ,1
683,4,3,1, ,
683,5,3,7,DON'T KNOW,
683,6,3,5, ,
684,1,2,, ,1
684,2,2,, ,1
684,3,3,2, ,
684,4,3,2, ,
684,5,3,2, ,
684,6,3,2, ,
685,1,2,, ,1
685,2,3,2, ,
685,3,2,, ,1
685,4,3,1, ,
685,5,3,3, ,
685,6,3,5, ,
686,1,1,, ,1
686,2,1,, ,1
686,3,3,2, ,
686,4,3,1, ,
686,5,3,2, ,
686,6,3,1, ,
687,1,1,, ,1
687,2,1,, ,1
687,3,3,2, ,
687,4,3,2, ,
687,5,3,2, ,
687,6,3,2, ,
689,1,3,1, ,
689,2,3,3, ,
689,3,3,6, ,
689,4,3,2, ,
689,5,3,6, ,
689,6,3,2, ,
690,1,1,, ,1
690,2,2,, ,1
690,3,3,2, ,
690,4,3,2, ,
690,5,3,2, ,
690,6,3,2, ,
691,1,3,3, ,
691,2,3,2, ,
691,3,1,, ,1
691,4,3,1, ,
691,5,1,, ,1
691,6,2,, ,1
692,1,3,1, ,
692,2,3,2, ,
692,3,3,2, ,
692,4,3,1, ,
692,5,3,3, ,
692,6,3,1, ,
693,,,, ,
694,1,3,3, ,
694,2,3,2, ,
694,3,1,, ,1
694,4,3,1, ,
694,5,1,, ,1
694,6,2,, ,1
695,1,3,1, ,
695,2,2,, ,1
695,3,2,, ,1
695,4,3,4, ,
695,5,3,2, ,
695,6,3,3, ,
696,1,3,2, ,
696,2,2,, ,1
696,3,3,2, ,
696,4,3,2, ,
696,5,3,2, ,
696,6,3,2, ,
697,1,1,, ,1
697,2,3,2, ,
697,3,1,, ,1
697,4,3,2, ,
697,5,1,, ,1
697,6,3,4, ,
698,1,3,1, ,
698,2,3,2, ,
698,3,3,2, ,
698,4,3,3, ,
698,5,3,2, ,
698,6,3,3, ,
699,1,1,, ,1
699,2,1,, ,1
699,3,3,2, ,
699,4,3,2, ,
699,5,3,2, ,
699,6,3,2, ,
700,1,3,2, ,
700,2,1,, ,1
700,3,3,1, ,
700,4,3,4, ,
700,5,3,5, ,
700,6,3,6, ,
701,1,3,2, ,
701,2,3,2, ,
701,3,3,2, ,
701,4,3,6, ,
701,5,3,6, ,
701,6,3,3, ,
702,,,, ,
703,1,3,2, ,
703,2,3,2, ,
703,3,3,3, ,
703,4,3,3, ,
703,5,3,1, ,
703,6,3,3, ,
705,1,3,3, ,
705,2,3,2, ,
705,3,3,3, ,
705,4,3,1, ,
705,5,2,, ,1
705,6,3,3, ,
706,1,2,, ,1
706,2,3,3, ,
706,3,2,, ,1
706,4,3,1, ,
706,5,1,, ,1
706,6,3,5, ,
708,1,1,, ,1
708,2,1,, ,1
708,3,3,2, ,
708,4,3,2, ,
708,5,3,2, ,
708,6,3,1, ,
709,1,3,3, ,
709,2,3,1, ,
709,3,3,2, ,
709,4,3,3, ,
709,5,3,3, ,
709,6,3,3, ,
711,1,3,4, ,
711,2,3,6, ,
711,3,3,1, ,
711,4,3,6, ,
711,5,3,1, ,
711,6,3,1, ,
712,1,1,, ,1
712,2,1,, ,1
712,3,3,2, ,
712,4,3,2, ,
712,5,3,2, ,
712,6,3,1, ,
714,1,1,, ,1
714,2,1,, ,1
714,3,3,2, ,
714,4,3,2, ,
714,5,3,2, ,
714,6,3,2, ,
715,1,1,, ,1
715,2,1,, ,1
715,3,3,2, ,
715,4,3,2, ,
715,5,3,2, ,
715,6,3,1, ,
716,1,1,, ,1
716,2,3,2, ,
716,3,2,, ,1
716,4,3,3, ,
716,5,3,3, ,
716,6,3,5, ,
717,1,3,3, ,
717,2,3,3, ,
717,3,3,3, ,
717,4,3,1, ,
717,5,2,, ,1
717,6,3,3, ,
817,1,1,, ,1
817,2,1,, ,1
817,3,3,2, ,
817,4,3,2, ,
817,5,3,2, ,
817,6,3,2, ,
818,1,3,1, ,
818,2,3,3, ,
818,3,3,2, ,
818,4,3,2, ,
818,5,3,6, ,
818,6,3,6, ,
819,1,1,, ,1
819,2,1,, ,1
819,3,1,, ,1
819,4,3,1, ,
819,5,1,, ,1
819,6,3,5, ,
820,1,1,, ,1
820,2,1,, ,1
820,3,1,, ,1
820,4,3,2, ,
820,5,1,, ,1
820,6,1,, ,1
822,,,, ,
823,1,2,, ,1
823,2,2,, ,1
823,3,3,2, ,
823,4,3,2, ,
823,5,3,2, ,
823,6,3,2, ,
824,1,3,3, ,
824,2,3,3, ,
824,3,2,, ,1
824,4,3,2, ,
824,5,1,, ,1
824,6,3,5, ,
826,1,3,3, ,
826,2,3,3, ,
826,3,2,, ,1
826,4,3,1, ,
826,5,1,, ,1
826,6,3,3, ,
827,1,2,, ,1
827,2,2,, ,1
827,3,3,2, ,
827,4,3,3, ,
827,5,3,2, ,
827,6,3,3, ,
829,1,1,, ,1
829,2,1,, ,1
829,3,3,2, ,
829,4,3,2, ,
829,5,3,2, ,
829,6,3,1, ,
830,1,1,, ,1
830,2,1,, ,1
830,3,3,2, ,
830,4,3,2, ,
830,5,3,2, ,
830,6,3,1, ,
831,1,1,, ,1
831,2,1,, ,1
831,3,3,2, ,
831,4,3,2, ,
831,5,3,2, ,
831,6,99,, ,
832,1,3,1, ,
832,2,3,1, ,
832,3,3,3, ,
832,4,3,2, ,
832,5,3,5, ,
832,6,3,3, ,
833,1,3,1, ,
833,2,3,2, ,
833,3,3,3, ,
833,4,3,1, ,
833,5,3,2, ,
833,6,3,2, ,
871,1,1,, ,1
871,2,2,, ,2
871,3,2,, ,1
871,4,3,2, ,
871,5,3,2, ,
871,6,3,1, ,
872,1,1,, ,1
872,2,1,, ,1
872,3,1,, ,1
872,4,3,1, ,
872,5,1,, ,1
872,6,1,, ,1
873,1,1,, ,2
873,2,1,, ,2
873,3,2,, ,1
873,4,3,2, ,
873,5,3,1, ,
873,6,3,1, ,
874,,,, ,
875,,,, ,
876,1,2,, ,1
876,2,2,, ,1
876,3,99,, ,
876,4,99,, ,
876,5,99,, ,
876,6,99,, ,
877,1,1,, ,1
877,2,1,, ,1
877,3,3,2, ,
877,4,3,2, ,
877,5,3,2, ,
877,6,3,1, ,
878,1,1,, ,1
878,2,1,, ,1
878,3,3,3, ,
878,4,3,2, ,
878,5,3,3, ,
878,6,3,5, ,
879,1,3,3, ,
879,2,3,2, ,
879,3,2,, ,1
879,4,3,2, ,
879,5,2,, ,1
879,6,3,3, ,
880,1,2,, ,1
880,2,3,1, ,
880,3,99,, ,
880,4,99,, ,
880,5,99,, ,
880,6,3,99, ,
881,1,1,, ,1
881,2,1,, ,1
881,3,3,2, ,
881,4,3,2, ,
881,5,3,2, ,
881,6,3,2, ,
882,1,3,2, ,
882,2,3,3, ,
882,3,3,5, ,
882,4,3,2, ,
882,5,3,6, ,
882,6,3,2, ,
883,1,3,4, ,
883,2,3,3, ,
883,3,3,3, ,
883,4,3,4, ,
883,5,3,4, ,
883,6,3,4, ,
884,1,1,, ,1
884,2,1,, ,1
884,3,2,, ,1
884,4,3,1, ,
884,5,3,5, ,
884,6,3,1, ,
885,1,2,, ,1
885,2,3,2, ,
885,3,3,3, ,
885,4,3,2, ,
885,5,2,, ,1
885,6,3,2, ,
886,1,1,, ,1
886,2,1,, ,1
886,3,1,, ,1
886,4,3,2, ,
886,5,2,, ,1
886,6,2,, ,1
887,1,2,, ,1
887,2,1,, ,2
887,3,2,, ,1
887,4,3,2, ,
887,5,3,2, ,
887,6,3,1, ,
888,1,2,, ,1
888,2,2,, ,1
888,3,3,99, ,
888,4,99,, ,
888,5,99,, ,
888,6,3,1, ,
889,1,1,, ,1
889,2,1,, ,1
889,3,3,1, ,
889,4,3,1, ,
889,5,3,1, ,
889,6,3,1, ,
890,1,2,, ,2
890,2,1,, ,2
890,3,3,1, ,
890,4,3,2, ,
890,5,3,1, ,
890,6,3,1, ,
891,1,3,3, ,
891,2,3,2, ,
891,3,3,3, ,
891,4,3,3, ,
891,5,3,3, ,
891,6,3,3, ,
892,1,3,1, ,
892,2,3,2, ,
892,3,3,1, ,
892,4,3,1, ,
892,5,3,1, ,
892,6,3,1, ,
893,1,1,, ,1
893,2,1,, ,1
893,3,3,1, ,
893,4,3,1, ,
893,5,3,1, ,
893,6,3,5, ,
894,1,99,, ,
894,2,99,, ,
894,3,99,, ,
894,4,3,1, ,
894,5,3,1, ,
894,6,3,3, ,
895,1,1,, ,1
895,2,1,, ,1
895,3,3,2, ,
895,4,3,2, ,
895,5,3,1, ,
895,6,3,2, ,
896,1,1,, ,1
896,2,1,, ,1
896,3,3,2, ,
896,4,3,2, ,
896,5,3,2, ,
896,6,3,2, ,
897,1,2,, ,1
897,2,3,2, ,
897,3,2,, ,1
897,4,3,1, ,
897,5,2,, ,1
897,6,2,, ,1
899,,,, ,
900,1,1,, ,1
900,2,1,, ,1
900,3,3,1, ,
900,4,3,2, ,
900,5,99,, ,
900,6,99,, ,
901,1,1,, ,1
901,2,3,3, ,
901,3,2,, ,1
901,4,3,1, ,
901,5,2,, ,1
901,6,3,3, ,
902,1,2,, ,1
902,2,2,, ,2
902,3,3,1, ,
902,4,3,2, ,
902,5,3,1, ,
902,6,3,1, ,
903,1,1,, ,1
903,2,1,, ,1
903,3,3,1, ,
903,4,3,1, ,
903,5,99,, ,
903,6,99,, ,
904,1,2,, ,1
904,2,2,, ,1
904,3,99,, ,
904,4,99,, ,
904,5,99,, ,
904,6,99,, ,
905,1,2,, ,1
905,2,99,, ,
905,3,99,, ,
905,4,99,, ,
905,5,3,99, ,
905,6,3,1, ,
906,1,2,, ,1
906,2,2,, ,1
906,3,3,2, ,
906,4,3,2, ,
906,5,3,2, ,
906,6,3,2, ,
907,1,2,, ,1
907,2,3,2, ,
907,3,2,, ,1
907,4,3,2, ,
907,5,1,, ,1
907,6,3,3, ,
908,1,1,, ,1
908,2,2,, ,1
908,3,1,, ,1
908,4,3,2, ,
908,5,1,, ,1
908,6,2,, ,1
910,1,3,3, ,
910,2,3,2, ,
910,3,2,, ,1
910,4,3,2, ,
910,5,1,, ,1
910,6,3,5, ,
911,1,2,, ,1
911,2,3,3, ,
911,3,1,, ,1
911,4,3,1, ,
911,5,1,, ,1
911,6,3,5, ,
912,1,3,2, ,
912,2,3,3, ,
912,3,3,4, ,
912,4,3,3, ,
912,5,3,3, ,
912,6,3,2, ,
913,1,3,1, ,
913,2,3,3, ,
913,3,3,6, ,
913,4,3,1, ,
913,5,3,5, ,
913,6,3,6, ,
914,,,, ,
915,1,1,, ,1
915,2,1,, ,1
915,3,3,2, ,
915,4,3,2, ,
915,5,3,2, ,
915,6,3,2, ,
916,1,3,1, ,
916,2,3,3, ,
916,3,3,2, ,
916,4,3,2, ,
916,5,3,2, ,
916,6,3,3, ,
917,1,3,2, ,
917,2,3,1, ,
917,3,3,3, ,
917,4,3,2, ,
917,5,3,1, ,
917,6,3,1, ,
918,1,3,2, ,
918,2,3,6, ,
918,3,3,3, ,
918,4,3,2, ,
918,5,3,5, ,
918,6,3,2, ,
919,1,1,, ,1
919,2,1,, ,1
919,3,3,2, ,
919,4,3,2, ,
919,5,3,2, ,
919,6,3,1, ,
920,1,3,3, ,
920,2,3,2, ,
920,3,1,, ,1
920,4,3,1, ,
920,5,1,, ,1
920,6,3,3, ,
921,1,3,3, ,
921,2,3,2, ,
921,3,2,, ,1
921,4,3,2, ,
921,5,2,, ,1
921,6,3,3, ,
922,,,, ,
923,1,3,1, ,
923,2,3,3, ,
923,3,3,5, ,
923,4,3,3, ,
923,5,3,2, ,
923,6,3,2, ,
924,1,1,, ,1
924,2,1,, ,1
924,3,3,2, ,
924,4,3,2, ,
924,5,3,2, ,
924,6,3,2, ,
1061,1,1,, ,1
1061,2,3,1, ,
1061,3,3,1, ,
1061,4,3,2, ,
1061,5,99,, ,
1061,6,99,, ,
1062,1,99,, ,
1062,2,99,, ,
1062,3,99,, ,
1062,4,99,, ,
1062,5,99,, ,
1062,6,99,, ,
1063,,,, ,
1064,1,2,, ,1
1064,2,2,, ,1
1064,3,3,2, ,
1064,4,3,2, ,
1064,5,3,2, ,
1064,6,3,2, ,
1065,,,, ,
1066,,,, ,
1067,1,99,, ,
1067,2,99,, ,
1067,3,99,, ,
1067,4,99,, ,
1067,5,99,, ,
1067,6,99,, ,
1070,,,, ,
1072,1,1,, ,1
1072,2,1,, ,1
1072,3,3,1, ,
1072,4,3,2, ,
1072,5,3,1, ,
1072,6,3,1, ,
1073,,,, ,
1077,1,2,, ,1
1077,2,2,, ,1
1077,3,99,, ,
1077,4,99,, ,
1077,5,99,, ,
1077,6,99,, ,
1078,1,2,, ,2
1078,2,1,, ,1
1078,3,3,2, ,
1078,4,3,2, ,
1078,5,3,2, ,
1078,6,3,2, ,
1211,1,1,, ,1
1211,2,1,, ,1
1211,3,3,1, ,
1211,4,3,2, ,
1211,5,3,1, ,
1211,6,3,1, ,
1213,1,2,, ,1
1213,2,2,, ,1
1213,3,99,, ,
1213,4,99,, ,
1213,5,99,, ,
1213,6,99,, ,
1214,1,2,, ,1
1214,2,1,, ,1
1214,3,3,1, ,
1214,4,3,2, ,
1214,5,3,1, ,
1214,6,3,1, ,
1215,1,1,, ,1
1215,2,1,, ,1
1215,3,3,1, ,
1215,4,3,1, ,
1215,5,3,1, ,
1215,6,3,1, ,
1216,1,1,, ,1
1216,2,1,, ,1
1216,3,3,1, ,
1216,4,3,1, ,
1216,5,3,1, ,
1216,6,3,1, ,
1219,1,2,, ,1
1219,2,1,, ,1
1219,3,3,1, ,
1219,4,3,2, ,
1219,5,3,1, ,
1219,6,3,1, ,
1221,,,, ,
1222,1,2,, ,1
1222,2,2,, ,1
1222,3,99,, ,
1222,4,99,, ,
1222,5,99,, ,
1222,6,99,, ,
1223,1,99,, ,
1223,2,99,, ,
1223,3,99,, ,
1223,4,99,, ,
1223,5,99,, ,
1223,6,99,, ,
1224,1,2,, ,1
1224,2,2,, ,1
1224,3,99,, ,
1224,4,99,, ,
1224,5,99,, ,
1224,6,99,, ,
1225,,,, ,
1226,1,2,, ,1
1226,2,2,, ,1
1226,3,99,, ,
1226,4,99,, ,
1226,5,99,, ,
1226,6,99,, ,
1230,1,3,3, ,
1230,2,3,3, ,
1230,3,1,, ,1
1230,4,3,1, ,
1230,5,1,, ,1
1230,6,3,3, ,
1232,1,1,, ,1
1232,2,2,, ,1
1232,3,1,, ,1
1232,4,3,1, ,
1232,5,1,, ,1
1232,6,3,3, ,
1235,1,99,, ,
1235,2,99,, ,
1235,3,99,, ,
1235,4,99,, ,
1235,5,99,, ,
1235,6,99,, ,
1237,1,3,3, ,
1237,2,3,1, ,
1237,3,3,6, ,
1237,4,3,6, ,
1237,5,3,3, ,
1237,6,3,2, ,
1238,1,2,, ,1
1238,2,1,, ,1
1238,3,3,1, ,
1238,4,3,2, ,
1238,5,3,1, ,
1238,6,3,1, ,
1239,1,3,1, ,
1239,2,3,2, ,
1239,3,3,1, ,
1239,4,3,1, ,
1239,5,3,2, ,
1239,6,3,2, ,
1240,1,1,, ,1
1240,2,1,, ,1
1240,3,1,, ,1
1240,4,3,2, ,
1240,5,3,1, ,
1240,6,3,1, ,
1273,1,1,, ,1
1273,2,2,, ,1
1273,3,3,2, ,
1273,4,3,2, ,
1273,5,3,2, ,
1273,6,3,2, ,
1274,1,1,, ,1
1274,2,1,, ,1
1274,3,3,1, ,
1274,4,3,2, ,
1274,5,3,1, ,
1274,6,3,1, ,
1275,1,2,, ,1
1275,2,3,3, ,
1275,3,3,6, ,
1275,4,2,, ,1
1275,5,3,1, ,
1275,6,3,3, ,
1276,1,99,, ,
1276,2,99,, ,
1276,3,99,, ,
1276,4,99,, ,
1276,5,99,, ,
1276,6,99,, ,
1277,1,2,, ,1
1277,2,1,, ,1
1277,3,3,1, ,
1277,4,3,2, ,
1277,5,3,5, ,
1277,6,3,5, ,
1278,1,1,, ,1
1278,2,2,, ,1
1278,3,3,2, ,
1278,4,3,2, ,
1278,5,3,2, ,
1278,6,3,2, ,
1280,1,3,2, ,
1280,2,3,5, ,
1280,3,2,, ,1
1280,4,3,6, ,
1280,5,3,2, ,
1280,6,3,2, ,
1282,1,99,, ,
1282,2,99,, ,
1282,3,99,, ,
1282,4,99,, ,
1282,5,99,, ,
1282,6,99,, ,
1307,1,2,, ,1
1307,2,2,, ,1
1307,3,3,1, ,
1307,4,3,2, ,
1307,5,3,1, ,
1307,6,3,1, ,
1311,1,99,, ,
1311,2,99,, ,
1311,3,99,, ,
1311,4,99,, ,
1311,5,99,, ,
1311,6,99,, ,
1312,,,, ,
1313,1,2,, ,1
1313,2,2,, ,1
1313,3,3,1, ,
1313,4,3,2, ,
1313,5,3,1, ,
1313,6,3,1, ,
1314,1,2,, ,1
1314,2,2,, ,1
1314,3,3,1, ,
1314,4,3,2, ,
1314,5,3,2, ,
1314,6,3,1, ,
1317,1,2,, ,1
1317,2,2,, ,1
1317,3,3,1, ,
1317,4,3,2, ,
1317,5,3,1, ,
1317,6,3,1, ,
1318,1,2,, ,2
1318,2,2,, ,1
1318,3,2,, ,1
1318,4,3,2, ,
1318,5,3,2, ,
1318,6,3,1, ,
1319,1,2,, ,2
1319,2,2,, ,1
1319,3,2,, ,1
1319,4,3,2, ,
1319,5,3,2, ,
1319,6,3,1, ,
1320,1,2,, ,1
1320,2,1,, ,1
1320,3,3,1, ,
1320,4,3,1, ,
1320,5,3,1, ,
1320,6,3,1, ,
1323,1,99,, ,
1323,2,99,, ,
1323,3,99,, ,
1323,4,99,, ,
1323,5,99,, ,
1323,6,99,, ,
1324,,,, ,
1325,1,3,3, ,
1325,2,3,3, ,
1325,3,2,, ,1
1325,4,3,1, ,
1325,5,1,, ,1
1325,6,3,3, ,
1326,,,, ,
1328,1,3,5, ,
1328,2,2,, ,1
1328,3,2,, ,1
1328,4,2,, ,1
1328,5,3,1, ,
1328,6,3,4, ,
1329,1,3,1, ,
1329,2,2,, ,1
1329,3,3,5, ,
1329,4,3,1, ,
1329,5,3,4, ,
1329,6,2,, ,1
1330,1,1,, ,1
1330,2,2,, ,1
1330,3,3,2, ,
1330,4,3,2, ,
1330,5,3,2, ,
1330,6,3,2, ,
1331,1,1,, ,1
1331,2,1,, ,1
1331,3,3,2, ,
1331,4,3,2, ,
1331,5,3,2, ,
1331,6,3,2, ,
1332,1,1,, ,1
1332,2,2,, ,1
1332,3,3,2, ,
1332,4,3,2, ,
1332,5,3,2, ,
1332,6,3,2, ,
1333,1,3,3, ,
1333,2,3,2, ,
1333,3,2,, ,1
1333,4,3,1, ,
1333,5,2,, ,1
1333,6,2,, ,1
1334,1,3,1, ,
1334,2,3,3, ,
1334,3,3,1, ,
1334,4,2,, ,1
1334,5,3,5, ,
1334,6,3,2, ,
1335,1,3,3, ,
1335,2,3,3, ,
1335,3,1,, ,1
1335,4,3,2, ,
1335,5,1,, ,1
1335,6,1,, ,1
1401,1,1,, ,1
1401,2,2,, ,1
1401,3,2,, ,1
1401,4,3,1, ,
1401,5,3,1, ,
1401,6,3,2, ,
1403,1,1,, ,1
1403,2,1,, ,1
1403,3,2,, ,1
1403,4,3,1, ,
1403,5,3,1, ,
1403,6,3,2, ,
1408,1,1,, ,1
1408,2,1,, ,1
1408,3,2,, ,1
1408,4,3,2, ,
1408,5,3,1, ,
1408,6,3,2, ,
1409,1,1,, ,1
1409,2,2,, ,1
1409,3,2,, ,1
1409,4,3,1, ,
1409,5,3,2, ,
1409,6,3,2, ,
1413,1,1,, ,1
1413,2,1,, ,1
1413,3,3,1, ,
1413,4,3,2, ,
1413,5,3,1, ,
1413,6,3,1, ,
1415,1,1,, ,1
1415,2,2,, ,1
1415,3,2,, ,1
1415,4,3,1, ,
1415,5,3,1, ,
1415,6,3,2, ,
6001,1,1,, ,1
6001,2,1,, ,1
6001,3,3,2, ,
6001,4,3,2, ,
6001,5,3,1, ,
6001,6,3,3, ,
6002,1,1,, ,1
6002,2,1,, ,1
6002,3,3,5, ,
6002,4,3,2, ,
6002,5,3,6, ,
6002,6,3,6, ,
6003,1,1,, ,1
6003,2,1,, ,1
6003,3,3,6, ,
6003,4,3,2, ,
6003,5,3,6, ,
6003,6,3,6, ,
6004,1,1,, ,1
6004,2,1,, ,1
6004,3,2,, ,1
6004,4,3,1, ,
6004,5,1,, ,1
6004,6,3,5, ,
6005,1,1,, ,1
6005,2,3,3, ,
6005,3,1,, ,1
6005,4,3,1, ,
6005,5,1,, ,1
6005,6,3,5, ,
6006,1,2,, ,1
6006,2,1,, ,1
6006,3,3,6, ,
6006,4,3,2, ,
6006,5,3,2, ,
6006,6,3,1, ,
6007,1,1,, ,2
6007,2,2,, ,1
6007,3,2,, ,1
6007,4,3,2, ,
6007,5,3,2, ,
6007,6,3,3, ,
6008,1,2,, ,1
6008,2,2,, ,1
6008,3,3,99, ,
6008,4,99,, ,
6008,5,99,, ,
6008,6,99,, ,
6011,1,1,, ,1
6011,2,2,, ,1
6011,3,3,2, ,
6011,4,3,2, ,
6011,5,99,, ,
6011,6,3,1, ,
6012,1,2,, ,2
6012,2,3,1, ,
6012,3,2,, ,2
6012,4,3,2, ,
6012,5,3,2, ,
6012,6,3,2, ,
6013,1,2,, ,1
6013,2,2,, ,1
6013,3,3,1, ,
6013,4,3,2, ,
6013,5,3,2, ,
6013,6,3,2, ,
6014,1,2,, ,2
6014,2,2,, ,2
6014,3,3,1, ,
6014,4,3,2, ,
6014,5,3,1, ,
6014,6,3,1, ,
6015,1,1,, ,1
6015,2,1,, ,1
6015,3,1,, ,1
6015,4,3,1, ,
6015,5,2,, ,1
6015,6,2,, ,1
6016,1,2,, ,1
6016,2,3,2, ,
6016,3,2,, ,1
6016,4,3,1, ,
6016,5,3,3, ,
6016,6,3,3, ,
6017,1,2,, ,1
6017,2,3,2, ,
6017,3,1,, ,1
6017,4,3,1, ,
6017,5,1,, ,1
6017,6,3,3, ,
6019,1,3,3, ,
6019,2,3,3, ,
6019,3,2,, ,1
6019,4,3,1, ,
6019,5,2,, ,1
6019,6,3,3, ,
6020,1,99,, ,
6020,2,99,, ,
6020,3,99,, ,
6020,4,99,, ,
6020,5,3,2, ,
6020,6,99,, ,
6021,,,, ,
6022,1,1,, ,1
6022,2,1,, ,1
6022,3,3,1, ,
6022,4,3,2, ,
6022,5,3,1, ,
6022,6,3,1, ,
6023,1,1,, ,1
6023,2,1,, ,1
6023,3,3,2, ,
6023,4,3,2, ,
6023,5,2,, ,1
6023,6,3,1, ,
6024,1,2,, ,1
6024,2,2,, ,1
6024,3,3,5, ,
6024,4,3,2, ,
6024,5,3,1, ,
6024,6,3,1, ,
6025,1,2,, ,1
6025,2,2,, ,1
6025,3,3,1, ,
6025,4,3,2, ,
6025,5,3,5, ,
6025,6,3,1, ,
6026,1,3,99, ,
6026,2,2,, ,1
6026,3,3,1, ,
6026,4,3,2, ,
6026,5,3,1, ,
6026,6,3,1, ,
6027,1,2,, ,1
6027,2,1,, ,1
6027,3,3,99, ,
6027,4,3,2, ,
6027,5,3,1, ,
6027,6,3,1, ,
6028,,,, ,
6030,1,99,, ,
6030,2,99,, ,
6030,3,99,, ,
6030,4,99,, ,
6030,5,99,, ,
6030,6,99,, ,
6031,1,2,, ,1
6031,2,2,, ,1
6031,3,99,, ,
6031,4,99,, ,
6031,5,99,, ,
6031,6,99,, ,
6032,1,2,, ,1
6032,2,2,, ,1
6032,3,99,, ,
6032,4,99,, ,
6032,5,99,, ,
6032,6,99,, ,
6033,1,99,, ,
6033,2,99,, ,
6033,3,99,, ,
6033,4,99,, ,
6033,5,99,, ,
6033,6,99,, ,
6034,1,3,1, ,
6034,2,3,2, ,
6034,3,99,, ,
6034,4,99,, ,
6034,5,99,, ,
6034,6,99,, ,
6035,1,3,2, ,
6035,2,2,, ,1
6035,3,3,2, ,
6035,4,3,3, ,
6035,5,2,, ,1
6035,6,3,6, ,
6036,1,3,2, ,
6036,2,2,, ,1
6036,3,2,, ,1
6036,4,3,5, ,
6036,5,2,, ,1
6036,6,3,6, ,
6037,,,, ,
6038,1,1,, ,1
6038,2,2,, ,1
6038,3,3,2, ,
6038,4,3,2, ,
6038,5,3,2, ,
6038,6,3,2, ,
6039,1,1,, ,1
6039,2,1,, ,1
6039,3,3,2, ,
6039,4,3,2, ,
6039,5,3,2, ,
6039,6,3,2, ,
329,1,2,, ,3
329,2,2,, ,2
329,3,2,, ,2
329,4,2,, ,5
329,5,99,, ,
329,6,99,, ,
330,1,2,, ,5
330,2,2,, ,5
330,3,99,, ,
330,4,99,, ,
330,5,99,, ,
330,6,2,, ,5
331,,,, ,
332,1,2,, ,5
332,2,1,, ,1
332,3,1,, ,4
332,4,1,, ,5
332,5,99,, ,
332,6,99,, ,
333,,,, ,
334,1,3,3, ,
334,2,2,, ,5
334,3,1,, ,4
334,4,1,, ,4
334,5,1,, ,4
334,6,1,, ,3
335,1,1,, ,5
335,2,1,, ,1
335,3,1,, ,1
335,4,1,, ,1
335,5,1,, ,98
335,6,3,3, ,
336,1,2,, ,2
336,2,2,, ,2
336,3,2,, ,2
336,4,2,, ,2
336,5,2,, ,2
336,6,2,, ,2
337,,,, ,
338,1,2,, ,5
338,2,99,, ,
338,3,2,, ,3
338,4,3,3, ,
338,5,2,, ,2
338,6,2,, ,2
339,1,1,, ,1
339,2,1,, ,1
339,3,1,, ,1
339,4,1,, ,1
339,5,1,, ,1
339,6,1,, ,4
340,1,2,, ,3
340,2,1,, ,3
340,3,3,5, ,
340,4,2,, ,2
340,5,2,, ,3
340,6,2,, ,2
341,1,2,, ,1
341,2,1,, ,1
341,3,1,, ,3
341,4,1,, ,3
341,5,1,, ,3
341,6,1,, ,4
342,1,1,, ,5
342,2,1,, ,98
342,3,1,, ,5
342,4,1,, ,2
342,5,1,, ,2
342,6,1,, ,5
343,1,1,, ,1
343,2,1,, ,4
343,3,1,, ,3
343,4,1,, ,1
343,5,3,4, ,
343,6,1,, ,3
344,1,1,, ,1
344,2,1,, ,3
344,3,1,, ,1
344,4,1,, ,1
344,5,3,2, ,
344,6,1,, ,1
345,1,1,, ,2
345,2,1,, ,3
345,3,2,, ,5
345,4,2,, ,2
345,5,2,, ,2
345,6,2,, ,3
346,1,1,, ,3
346,2,2,, ,4
346,3,3,3, ,
346,4,2,, ,2
346,5,3,3, ,
346,6,2,, ,4
398,1,99,, ,
398,2,3,2, ,
398,3,3,3, ,
398,4,99,, ,
398,5,3,2, ,
398,6,3,2, ,
399,1,99,, ,
399,2,3,1, ,
399,3,3,1, ,
399,4,3,1, ,
399,5,99,, ,
399,6,2,, ,1
400,1,99,, ,
400,2,99,, ,
400,3,3,1, ,
400,4,99,, ,
400,5,99,, ,
400,6,3,1, ,
495,1,2,, ,1
495,2,2,, ,98
495,3,3,1, ,
495,4,3,2, ,
495,5,3,6, ,
495,6,99,, ,
496,1,1,, ,1
496,2,1,, ,1
496,3,3,2, ,
496,4,99,, ,
496,5,3,4, ,
496,6,99,, ,
498,1,1,, ,1
498,2,1,, ,1
498,3,1,, ,1
498,4,1,, ,1
498,5,1,, ,5
498,6,2,, ,1
499,1,1,, ,1
499,2,1,, ,1
499,3,1,, ,1
499,4,2,, ,1
499,5,1,, ,1
499,6,1,, ,1
500,1,1,, ,1
500,2,1,, ,1
500,3,2,, ,1
500,4,2,, ,2
500,5,1,, ,1
500,6,3,1, ,
501,1,1,, ,1
501,2,2,, ,1
501,3,3,4, ,
501,4,3,3, ,
501,5,99,, ,
501,6,3,1, ,
502,,,, ,
504,1,2,, ,1
504,2,3,1, ,
504,3,2,, ,1
504,4,99,, ,
504,5,99,, ,
504,6,2,, ,1
505,1,1,, ,1
505,2,1,, ,1
505,3,2,, ,1
505,4,2,, ,1
505,5,1,, ,1
505,6,3,1, ,
507,1,1,, ,1
507,2,2,, ,1
507,3,2,, ,1
507,4,3,2, ,
507,5,2,, ,1
507,6,3,4, ,
508,1,2,, ,2
508,2,2,, ,2
508,3,3,1, ,
508,4,3,1, ,
508,5,3,5, ,
508,6,3,5, ,
510,1,2,, ,1
510,2,3,2, ,
510,3,2,, ,1
510,4,3,2, ,
510,5,3,2, ,
510,6,3,1, ,
511,1,1,, ,1
511,2,3,5, ,
511,3,3,5, ,
511,4,99,, ,
511,5,99,, ,
511,6,99,, ,
512,1,2,, ,1
512,2,3,1, ,
512,3,2,, ,1
512,4,3,2, ,
512,5,2,, ,1
512,6,3,1, ,
1132,1,99,, ,
1132,2,99,, ,
1132,3,99,, ,
1132,4,99,, ,
1132,5,99,, ,
1132,6,99,, ,
1133,1,1,, ,1
1133,2,3,1, ,
1133,3,3,1, ,
1133,4,2,, ,1
1133,5,2,, ,1
1133,6,3,4, ,
1134,1,1,, ,1
1134,2,3,1, ,
1134,3,2,, ,1
1134,4,2,, ,1
1134,5,1,, ,1
1134,6,3,4, ,
1135,1,2,, ,1
1135,2,3,1, ,
1135,3,3,2, ,
1135,4,3,2, ,
1135,5,3,2, ,
1135,6,3,2, ,
1137,1,1,, ,1
1137,2,1,, ,1
1137,3,2,, ,1
1137,4,99,, ,
1137,5,99,, ,
1137,6,99,, ,
1138,1,1,, ,1
1138,2,1,, ,1
1138,3,1,, ,1
1138,4,1,, ,1
1138,5,1,, ,5
1138,6,1,, ,98
1139,1,99,, ,
1139,2,99,, ,
1139,3,99,, ,
1139,4,99,, ,
1139,5,99,, ,
1139,6,99,, ,
1141,1,2,, ,1
1141,2,2,, ,1
1141,3,2,, ,1
1141,4,99,, ,
1141,5,1,, ,1
1141,6,99,, ,
1178,1,99,, ,
1178,2,99,, ,
1178,3,99,, ,
1178,4,99,, ,
1178,5,99,, ,
1178,6,3,1, ,
1179,1,99,, ,
1179,2,99,, ,
1179,3,99,, ,
1179,4,99,, ,
1179,5,99,, ,
1179,6,99,, ,
1181,1,3,1, ,
1181,2,3,1, ,
1181,3,99,, ,
1181,4,99,, ,
1181,5,99,, ,
1181,6,99,, ,
1182,1,1,, ,1
1182,2,1,, ,1
1182,3,99,, ,
1182,4,99,, ,
1182,5,99,, ,
1182,6,99,, ,
1189,1,99,, ,
1189,2,99,, ,
1189,3,99,, ,
1189,4,99,, ,
1189,5,99,, ,
1189,6,99,, ,
1191,1,1,, ,1
1191,2,3,2, ,
1191,3,3,1, ,
1191,4,3,1, ,
1191,5,2,, ,1
1191,6,3,4, ,
1193,,,, ,
1194,1,1,, ,1
1194,2,1,, ,1
1194,3,1,, ,1
1194,4,1,, ,1
1194,5,1,, ,1
1194,6,1,, ,1
1199,1,1,, ,1
1199,2,1,, ,1
1199,3,1,, ,1
1199,4,99,, ,
1199,5,1,, ,1
1199,6,99,, ,
1200,1,1,, ,3
1200,2,2,, ,3
1200,3,2,, ,3
1200,4,2,, ,3
1200,5,1,, ,3
1200,6,3,4, ,
1435,1,1,, ,1
1435,2,2,, ,1
1435,3,2,, ,1
1435,4,2,, ,1
1435,5,2,, ,1
1435,6,3,4, ,
1436,1,99,, ,
1436,2,1,, ,1
1436,3,1,, ,1
1436,4,1,, ,1
1436,5,1,, ,1
1436,6,99,, ,
1439,1,2,, ,1
1439,2,3,2, ,
1439,3,3,2, ,
1439,4,3,2, ,
1439,5,3,2, ,
1439,6,3,2, ,
1440,1,99,, ,
1440,2,3,1, ,
1440,3,99,, ,
1440,4,3,1, ,
1440,5,99,, ,
1440,6,3,1, ,
1441,1,1,, ,1
1441,2,1,, ,1
1441,3,1,, ,1
1441,4,99,, ,
1441,5,1,, ,5
1441,6,99,, ,
1442,1,1,, ,2
1442,2,1,, ,1
1442,3,1,, ,5
1442,4,1,, ,1
1442,5,1,, ,1
1442,6,1,, ,1
1443,1,3,2, ,
1443,2,2,, ,1
1443,3,3,2, ,
1443,4,3,2, ,
1443,5,3,2, ,
1443,6,3,2, ,
1468,1,1,, ,1
1468,2,3,5, ,
1468,3,99,, ,
1468,4,99,, ,
1468,5,99,, ,
1468,6,99,, ,
1470,1,1,, ,1
1470,2,1,, ,1
1470,3,99,, ,
1470,4,99,, ,
1470,5,99,, ,
1470,6,99,, ,
1472,1,2,, ,1
1472,2,2,, ,1
1472,3,2,, ,1
1472,4,3,1, ,
1472,5,1,, ,1
1472,6,3,1, ,
1473,,,, ,
1475,1,2,, ,1
1475,2,3,2, ,
1475,3,3,2, ,
1475,4,99,, ,
1475,5,99,, ,
1475,6,99,, ,
1477,1,1,, ,1
1477,2,2,, ,1
1477,3,2,, ,1
1477,4,2,, ,1
1477,5,2,, ,1
1477,6,3,1, ,
1478,1,3,1, ,
1478,2,3,3, ,
1478,3,3,1, ,
1478,4,99,, ,
1478,5,3,1, ,
1478,6,2,, ,1
1479,1,3,2, ,
1479,2,3,2, ,
1479,3,3,2, ,
1479,4,3,2, ,
1479,5,3,2, ,
1479,6,3,2, ,
1480,1,1,, ,1
1480,2,1,, ,1
1480,3,1,, ,1
1480,4,1,, ,1
1480,5,1,, ,1
1480,6,2,, ,1
1481,1,3,1, ,
1481,2,3,1, ,
1481,3,2,, ,1
1481,4,99,, ,
1481,5,99,, ,
1481,6,99,, ,
1595,1,1,, ,1
1595,2,1,, ,1
1595,3,99,, ,
1595,4,99,, ,
1595,5,99,, ,
1595,6,99,, ,
1597,1,1,, ,1
1597,2,1,, ,1
1597,3,99,, ,
1597,4,99,, ,
1597,5,99,, ,
1597,6,99,, ,
1598,1,1,, ,1
1598,2,1,, ,1
1598,3,2,, ,1
1598,4,99,, ,
1598,5,99,, ,
1598,6,99,, ,
1599,1,1,, ,5
1599,2,1,, ,1
1599,3,1,, ,1
1599,4,1,, ,1
1599,5,1,, ,1
1599,6,1,, ,1
1600,1,1,, ,1
1600,2,1,, ,1
1600,3,1,, ,1
1600,4,99,, ,
1600,5,1,, ,1
1600,6,99,, ,
1694,1,1,, ,1
1694,2,2,, ,1
1694,3,2,, ,1
1694,4,1,, ,1
1694,5,1,, ,1
1694,6,3,4, ,
1695,1,99,, ,
1695,2,1,, ,1
1695,3,1,, ,5
1695,4,1,, ,5
1695,5,1,, ,5
1695,6,99,, ,
1697,1,99,, ,
1697,2,99,, ,
1697,3,99,, ,
1697,4,3,2, ,
1697,5,3,2, ,
1697,6,99,, ,
1698,1,1,, ,1
1698,2,1,, ,1
1698,3,1,, ,1
1698,4,99,, ,
1698,5,99,, ,
1698,6,99,, ,
1699,1,2,, ,1
1699,2,99,, ,
1699,3,2,, ,1
1699,4,3,2, ,
1699,5,3,2, ,
1699,6,3,2, ,
1700,1,99,, ,
1700,2,99,, ,
1700,3,99,, ,
1700,4,99,, ,
1700,5,99,, ,
1700,6,99,, ,
1731,1,2,, ,1
1731,2,99,, ,
1731,3,1,, ,1
1731,4,1,, ,1
1731,5,1,, ,1
1731,6,1,, ,1
1732,1,3,1, ,
1732,2,2,, ,1
1732,3,2,, ,1
1732,4,99,, ,
1732,5,3,2, ,
1732,6,99,, ,
1733,1,1,, ,1
1733,2,2,, ,1
1733,3,2,, ,1
1733,4,2,, ,1
1733,5,2,, ,1
1733,6,3,4, ,
1734,1,1,, ,1
1734,2,1,, ,1
1734,3,3,3, ,
1734,4,99,, ,
1734,5,99,, ,
1734,6,99,, ,
1735,1,1,, ,5
1735,2,2,, ,1
1735,3,1,, ,5
1735,4,1,, ,1
1735,5,1,, ,1
1735,6,3,4, ,
1739,1,1,, ,1
1739,2,1,, ,1
1739,3,99,, ,
1739,4,99,, ,
1739,5,99,, ,
1739,6,99,, ,
1740,1,99,, ,
1740,2,3,2, ,
1740,3,3,2, ,
1740,4,3,3, ,
1740,5,3,4, ,
1740,6,3,4, ,
1752,1,1,, ,1
1752,2,1,, ,1
1752,3,1,, ,1
1752,4,1,, ,1
1752,5,99,, ,
1752,6,1,, ,1
1754,,,, ,
1756,1,1,, ,1
1756,2,3,3, ,
1756,3,99,, ,
1756,4,99,, ,
1756,5,99,, ,
1756,6,99,, ,
1760,1,1,, ,1
1760,2,1,, ,1
1760,3,99,, ,
1760,4,99,, ,
1760,5,99,, ,
1760,6,99,, ,
1762,1,1,, ,1
1762,2,99,, ,
1762,3,99,, ,
1762,4,99,, ,
1762,5,99,, ,
1762,6,99,, ,
1763,,,, ,
1766,1,1,, ,1
1766,2,3,2, ,
1766,3,3,1, ,
1766,4,3,4, ,
1766,5,1,, ,1
1766,6,3,4, ,
1767,1,1,, ,1
1767,2,2,, ,1
1767,3,2,, ,1
1767,4,2,, ,1
1767,5,1,, ,1
1767,6,3,4, ,
1769,1,3,2, ,
1769,2,3,2, ,
1769,3,3,2, ,
1769,4,99,, ,
1769,5,3,2, ,
1769,6,3,2, ,
1771,1,3,3, ,
1771,2,3,4, ,
1771,3,2,, ,5
1771,4,99,, ,
1771,5,2,, ,2
1771,6,1,, ,1
1773,1,3,2, ,
1773,2,3,2, ,
1773,3,3,2, ,
1773,4,3,2, ,
1773,5,3,2, ,
1773,6,99,, ,
1774,1,99,, ,
1774,2,3,2, ,
1774,3,3,2, ,
1774,4,3,2, ,
1774,5,3,2, ,
1774,6,3,2, ,
1778,1,1,, ,5
1778,2,2,, ,1
1778,3,3,1, ,
1778,4,1,, ,1
1778,5,3,6, ,
1778,6,3,4, ,
1779,1,1,, ,1
1779,2,3,1, ,
1779,3,1,, ,1
1779,4,99,, ,
1779,5,2,, ,1
1779,6,99,, ,
1780,1,1,, ,1
1780,2,1,, ,1
1780,3,3,2, ,
1780,4,1,, ,1
1780,5,1,, ,1
1780,6,1,, ,1
1784,1,1,, ,1
1784,2,2,, ,1
1784,3,2,, ,1
1784,4,3,6, ,
1784,5,1,, ,1
1784,6,3,4, ,
1786,1,1,, ,1
1786,2,3,1, ,
1786,3,3,6, ,
1786,4,3,4, ,
1786,5,1,, ,1
1786,6,3,4, ,
1787,1,1,, ,1
1787,2,2,, ,1
1787,3,2,, ,1
1787,4,3,5, ,
1787,5,2,, ,1
1787,6,3,4, ,
1861,1,3,1, ,
1861,2,2,, ,1
1861,3,3,1, ,
1861,4,2,, ,1
1861,5,2,, ,1
1861,6,99,, ,
1862,1,3,1, ,
1862,2,3,1, ,
1862,3,3,1, ,
1862,4,99,, ,
1862,5,3,1, ,
1862,6,99,, ,
1863,1,1,, ,1
1863,2,2,, ,1
1863,3,99,, ,
1863,4,99,, ,
1863,5,99,, ,
1863,6,99,, ,
1864,,,, ,
1867,1,2,, ,1
1867,2,3,1, ,
1867,3,99,, ,
1867,4,3,2, ,
1867,5,3,2, ,
1867,6,3,2, ,
1868,1,3,4, ,
1868,2,99,, ,
1868,3,3,1, ,
1868,4,3,4, ,
1868,5,99,, ,
1868,6,99,, ,
1869,1,99,, ,
1869,2,99,, ,
1869,3,99,, ,
1869,4,99,, ,
1869,5,99,, ,
1869,6,99,, ,
1870,1,1,, ,1
1870,2,2,, ,1
1870,3,3,1, ,
1870,4,2,, ,1
1870,5,3,1, ,
1870,6,3,4, ,
1873,1,1,, ,1
1873,2,1,, ,1
1873,3,3,5, ,
1873,4,2,, ,1
1873,5,3,1, ,
1873,6,3,4, ,
1874,1,1,, ,1
1874,2,1,, ,1
1874,3,1,, ,1
1874,4,99,, ,
1874,5,99,, ,
1874,6,99,, ,
1876,1,3,1, ,
1876,2,3,1, ,
1876,3,3,1, ,
1876,4,99,, ,
1876,5,3,3, ,
1876,6,99,, ,
1877,1,2,, ,1
1877,2,99,, ,
1877,3,99,, ,
1877,4,99,, ,
1877,5,99,, ,
1877,6,99,, ,
1905,1,3,1, ,
1905,2,3,1, ,
1905,3,2,, ,1
1905,4,99,, ,
1905,5,2,, ,1
1905,6,3,1, ,
1907,,,, ,
2040,1,1,, ,1
2040,2,2,, ,1
2040,3,2,, ,1
2040,4,2,, ,1
2040,5,2,, ,1
2040,6,2,, ,1
2041,1,99,, ,
2041,2,99,, ,
2041,3,99,, ,
2041,4,99,, ,
2041,5,99,, ,
2041,6,99,, ,
2042,1,3,2, ,
2042,2,3,2, ,
2042,3,3,2, ,
2042,4,99,, ,
2042,5,3,2, ,
2042,6,3,2, ,
2043,1,99,, ,
2043,2,99,, ,
2043,3,99,, ,
2043,4,99,, ,
2043,5,3,1, ,
2043,6,99,, ,
2044,1,1,, ,1
2044,2,1,, ,1
2044,3,2,, ,1
2044,4,99,, ,
2044,5,99,, ,
2044,6,99,, ,
2045,1,3,2, ,
2045,2,3,2, ,
2045,3,3,2, ,
2045,4,3,2, ,
2045,5,3,2, ,
2045,6,3,2, ,
2046,1,99,, ,
2046,2,3,2, ,
2046,3,3,2, ,
2046,4,3,2, ,
2046,5,3,2, ,
2046,6,3,2, ,
2047,1,99,, ,
2047,2,3,2, ,
2047,3,3,2, ,
2047,4,2,, ,1
2047,5,3,2, ,
2047,6,3,1, ,
2048,1,1,, ,1
2048,2,2,, ,1
2048,3,2,, ,1
2048,4,2,, ,1
2048,5,2,, ,1
2048,6,3,1, ,
2049,1,1,, ,1
2049,2,1,, ,1
2049,3,1,, ,1
2049,4,3,3, ,
2049,5,99,, ,
2049,6,99,, ,
2050,1,1,, ,1
2050,2,1,, ,1
2050,3,1,, ,1
2050,4,1,, ,1
2050,5,1,, ,1
2050,6,99,, ,
5001,1,2,, ,1
5001,2,3,1, ,
5001,3,99,, ,
5001,4,3,2, ,
5001,5,3,1, ,
5001,6,3,2, ,
5002,1,1,, ,1
5002,2,1,, ,1
5002,3,99,, ,
5002,4,99,, ,
5002,5,1,, ,1
5002,6,99,, ,
5003,1,1,, ,5
5003,2,2,, ,1
5003,3,3,1, ,
5003,4,3,5, ,
5003,5,3,2, ,
5003,6,3,4, ,
5004,1,1,, ,1
5004,2,1,, ,1
5004,3,1,, ,1
5004,4,2,, ,1
5004,5,1,, ,1
5004,6,3,5, ,
5005,1,2,, ,1
5005,2,2,, ,1
5005,3,3,1, ,
5005,4,99,, ,
5005,5,3,3, ,
5005,6,3,1, ,
5006,1,1,, ,1
5006,2,1,, ,1
5006,3,99,, ,
5006,4,99,, ,
5006,5,99,, ,
5006,6,99,, ,
5007,1,2,, ,1
5007,2,99,, ,
5007,3,99,, ,
5007,4,99,, ,
5007,5,99,, ,
5007,6,3,2, ,
5008,1,2,, ,1
5008,2,3,1, ,
5008,3,99,, ,
5008,4,99,, ,
5008,5,99,, ,
5008,6,99,, ,
5009,1,1,, ,1
5009,2,1,, ,1
5009,3,1,, ,1
5009,4,99,, ,
5009,5,1,, ,1
5009,6,99,, ,
5010,1,2,, ,1
5010,2,99,, ,
5010,3,99,, ,
5010,4,99,, ,
5010,5,3,1, ,
5010,6,3,2, ,
5011,,,, ,
5012,1,3,1, ,
5012,2,2,, ,1
5012,3,2,, ,1
5012,4,99,, ,
5012,5,99,, ,
5012,6,99,, ,
5013,,,, ,
5014,1,1,, ,1
5014,2,1,, ,1
5014,3,99,, ,
5014,4,99,, ,
5014,5,99,, ,
5014,6,99,, ,
5015,1,2,, ,1
5015,2,3,2, ,
5015,3,2,, ,1
5015,4,3,2, ,
5015,5,3,2, ,
5015,6,3,2, ,
5016,1,3,2, ,
5016,2,3,2, ,
5016,3,2,, ,1
5016,4,3,2, ,
5016,5,99,, ,
5016,6,3,2, ,
5017,1,1,, ,1
5017,2,1,, ,1
5017,3,1,, ,1
5017,4,1,, ,1
5017,5,1,, ,1
5017,6,1,, ,1
5018,1,1,, ,1
5018,2,1,, ,1
5018,3,1,, ,5
5018,4,1,, ,1
5018,5,1,, ,5
5018,6,1,, ,1
5019,1,99,, ,
5019,2,99,, ,
5019,3,99,, ,
5019,4,2,, ,1
5019,5,99,, ,
5019,6,2,, ,1
5020,1,99,, ,
5020,2,3,1, ,
5020,3,3,1, ,
5020,4,3,1, ,
5020,5,99,, ,
5020,6,99,, ,
5021,1,2,, ,1
5021,2,3,2, ,
5021,3,3,2, ,
5021,4,3,2, ,
5021,5,3,2, ,
5021,6,99,, ,
5022,1,1,, ,1
5022,2,1,, ,1
5022,3,1,, ,1
5022,4,1,, ,1
5022,5,1,, ,1
5022,6,1,, ,1
5023,1,2,, ,1
5023,2,2,, ,1
5023,3,99,, ,
5023,4,99,, ,
5023,5,99,, ,
5023,6,2,, ,1
5024,1,1,, ,1
5024,2,1,, ,1
5024,3,1,, ,2
5024,4,1,, ,1
5024,5,1,, ,1
5024,6,1,, ,1
5025,1,1,, ,1
5025,2,99,, ,
5025,3,99,, ,
5025,4,99,, ,
5025,5,99,, ,
5025,6,99,, ,
5026,1,1,, ,1
5026,2,99,, ,
5026,3,99,, ,
5026,4,99,, ,
5026,5,99,, ,
5026,6,99,, ,
5027,1,2,, ,1
5027,2,3,2, ,
5027,3,3,2, ,
5027,4,3,2, ,
5027,5,3,2, ,
5027,6,3,3, ,
5028,,,, ,
5029,1,1,, ,1
5029,2,1,, ,1
5029,3,1,, ,1
5029,4,1,, ,1
5029,5,1,, ,1
5029,6,99,, ,
5030,1,1,, ,1
5030,2,1,, ,1
5030,3,99,, ,
5030,4,99,, ,
5030,5,99,, ,
5030,6,99,, ,
5031,1,1,, ,1
5031,2,1,, ,1
5031,3,1,, ,1
5031,4,1,, ,1
5031,5,1,, ,1
5031,6,3,4, ,
5032,1,1,, ,1
5032,2,1,, ,1
5032,3,1,, ,1
5032,4,1,, ,1
5032,5,1,, ,1
5032,6,1,, ,1
5033,1,99,, ,
5033,2,3,1, ,
5033,3,3,1, ,
5033,4,99,, ,
5033,5,99,, ,
5033,6,99,, ,
5034,1,1,, ,1
5034,2,1,, ,1
5034,3,1,, ,1
5034,4,2,, ,1
5034,5,2,, ,1
5034,6,99,, ,
5035,1,99,, ,
5035,2,99,, ,
5035,3,99,, ,
5035,4,99,, ,
5035,5,99,, ,
5035,6,3,1, ,
5036,1,1,, ,1
5036,2,1,, ,1
5036,3,1,, ,1
5036,4,1,, ,1
5036,5,1,, ,1
5036,6,1,, ,1
