cvterm_relationship_id,type_id,subject_id,object_id
8471,1105,1000,1090
8440,1225,1001,1000
8468,1105,1001,1090
8441,1225,1002,1000
8469,1105,1002,1090
8442,1225,1003,1000
8470,1105,1003,1090
8420,1225,1010,1003
8421,1225,1011,1003
8422,1225,1012,1003
8423,1225,1015,1003
8424,1225,1016,1003
8425,1225,1017,1003
8426,1225,1020,1003
8427,1225,1021,1003
8428,1225,1022,1003
8429,1225,1023,1003
8430,1225,1024,1003
8431,1225,1025,1003
1006,1225,1030,1003
1007,1225,1035,1003
1008,1225,1037,1003
8433,1225,1040,1003
8434,1225,1041,1003
8435,1225,1042,1003
8436,1225,1043,1003
8443,1225,1044,1000
8387,1225,1045,1001
5121,1105,1045,1090
8437,1225,1046,1003
8438,1225,1047,1003
8439,1225,1048,1003
1000,1225,1050,1045
5122,1105,1050,1090
1001,1225,1055,1045
5119,1105,1055,1090
8444,1225,1060,1000
8445,1225,1070,1000
1010,1225,1080,1045
5123,1105,1080,1090
1020,1225,1085,1045
5124,1105,1085,1090
1002,1225,1086,1045
5118,1105,1086,1090
1030,1225,1087,1045
5125,1105,1087,1090
8412,1225,1090,1002
8394,1225,1100,1045
8475,1105,1100,1090
8446,1225,1105,1000
8413,1225,1110,1002
2511,1225,1111,1630
8447,1225,1113,1000
8448,1225,1115,1000
2512,1225,1116,1630
8414,1225,1117,1002
8415,1225,1118,1002
8416,1225,1120,1002
8417,1225,1125,1002
8418,1225,1128,1002
8419,1225,1130,1002
8451,1225,1155,1000
8452,1225,1160,1000
8453,1225,1170,1000
8454,1225,1180,1000
8455,1225,1190,1000
8456,1225,1200,1000
8457,1225,1210,1000
8458,1225,1220,1000
8459,1225,1225,1000
8706,1225,1226,1000
8698,1225,1227,1000
8460,1225,1230,1000
8461,1225,1240,1000
8462,1225,1250,1000
8699,1225,1251,1000
8700,1225,1252,1000
8701,1225,1253,1000
8702,1225,1254,1000
8703,1225,1255,1000
8704,1225,1256,1000
8705,1225,1257,1000
2514,1225,1259,1630
5127,1105,1260,1090
1050,1225,1260,1100
5128,1105,1270,1090
1060,1225,1270,1100
1070,1225,1280,1080
5129,1105,1280,1090
1080,1225,1290,1080
5131,1105,1290,1090
5132,1105,1300,1090
1090,1225,1300,1280
5133,1105,1310,1090
1100,1225,1310,1280
5134,1105,1320,1090
1110,1225,1320,1280
1111,1225,1321,1045
1321,1105,1321,1090
8403,1225,1330,1001
15000,1105,1330,1090
8464,1105,1340,1090
15010,1225,1340,1330
8691,1105,1345,1090
15011,1225,1345,1330
8473,1105,1350,1090
15020,1225,1350,1330
8465,1105,1360,1090
15030,1225,1360,1330
8784,1105,1361,1090
8785,1225,1361,1360
8786,1105,1362,1090
8787,1225,1362,1360
8788,1105,1363,1090
8789,1225,1363,1360
9060,1105,1364,1090
9061,1225,1364,1330
8467,1105,1370,1090
15031,1225,1370,1330
8474,1105,1380,1090
15032,1225,1380,1330
8466,1105,1390,1090
15033,1225,1390,1360
8472,1105,1400,1090
15034,1225,1400,1360
8463,1105,1410,1090
15035,1225,1410,1330
8476,1225,1420,1000
8718,1105,1430,1090
8719,1225,1430,1340
8720,1105,1440,1090
8721,1225,1440,1340
8722,1105,1450,1090
8723,1225,1450,1340
1112,1225,1460,1045
1125,1105,1460,1090
1126,1105,1470,1090
1113,1225,1470,1460
1127,1105,1480,1090
1114,1225,1480,1460
1128,1105,1490,1090
1115,1225,1490,1480
1129,1105,1510,1090
1116,1225,1510,1480
1130,1105,1520,1090
1117,1225,1520,1460
1131,1105,1530,1090
1118,1225,1530,1520
1132,1105,1540,1090
1119,1225,1540,1520
1133,1105,1550,1090
1120,1225,1550,1520
1134,1105,1560,1090
1121,1225,1560,1470
1135,1105,1570,1090
1122,1225,1570,1470
1136,1105,1580,1090
1123,1225,1580,1470
1137,1105,1590,1090
1124,1225,1590,1470
2460,1225,1600,1001
2450,1105,1600,1090
2470,1105,1610,1090
2480,1225,1610,1600
2490,1105,1620,1090
2500,1225,1620,1600
2510,1225,1630,1001
2505,1105,1630,1090
2515,1225,1700,1630
2516,1225,1701,1630
2517,1225,1702,1630
2518,1225,1703,1630
2519,1225,1704,1630
2520,1225,1705,1630
2521,1225,1706,1630
2522,1225,1707,1630
2523,1225,1708,1630
2524,1225,1709,1630
2525,1225,1711,1630
2526,1225,1712,1630
2527,1225,1713,1630
2528,1225,1714,1630
2529,1225,1715,1630
2530,1225,1716,1630
2531,1225,1717,1630
2532,1225,1718,1630
2533,1225,1719,1630
2534,1225,1720,1630
2535,1225,1721,1630
2536,1225,1722,1630
2537,1225,1723,1630
2538,1225,1724,1630
2539,1225,1725,1630
2540,1225,1726,1630
2541,1225,1727,1630
2542,1225,1728,1630
2543,1225,1729,1630
2544,1225,1730,1630
2545,1225,1800,1630
22046,1105,1901,1131
22047,1105,1902,1131
22048,1105,1903,1132
22049,1105,1904,1132
22050,1105,1905,1134
22051,1105,1906,1134
22052,1105,1907,1135
22053,1105,1908,1135
22054,1105,1909,1136
22055,1105,1910,1136
23704,1105,1911,1120
23705,1105,1912,1120
23706,1105,1913,1120
23707,1105,1914,1120
1200,1225,2000,1050
22033,1225,2002,1050
22034,1225,2002,1055
1202,1225,2002,1086
1210,1225,2010,1050
1220,1225,2012,1050
1230,1225,2014,1050
8707,1225,2015,1050
1240,1225,2020,1055
1241,1225,2030,1055
1245,1225,2040,1050
1516,1225,2045,1050
1250,1225,2050,1050
1260,1225,2052,1050
1252,1225,2053,1080
1270,1225,2054,1080
1280,1225,2056,1080
1290,1225,2058,1080
1300,1225,2060,1080
1305,1225,2065,8580
1310,1225,2070,1050
22035,1225,2080,1050
1320,1225,2080,1080
22043,1225,2080,1300
1330,1225,2090,1050
1340,1225,2100,1080
22044,1225,2100,1300
1350,1225,2105,1050
1360,1225,2110,1080
1370,1225,2120,1100
1380,1225,2122,1080
1390,1225,2123,1080
22036,1225,2123,1100
1400,1225,2124,1080
1410,1225,2126,1080
1420,1225,2128,1080
1430,1225,2129,1080
1440,1225,2130,1100
1450,1225,2140,1100
8992,1225,2141,1100
8993,1225,2142,1100
8994,1225,2143,1100
8995,1225,2144,1100
8996,1225,2145,1100
8997,1225,2146,1100
8998,1225,2147,1100
8999,1225,2148,1100
9000,1225,2149,1100
1460,1225,2150,1100
9001,1225,2151,1100
9002,1225,2152,1100
9019,1225,2153,1100
9020,1225,2154,1100
9021,1225,2155,1100
1470,1225,2160,1100
1480,1225,2170,1100
1490,1225,2180,1100
1500,1225,2182,1100
1510,1225,2190,1100
19341,1225,2191,1080
1520,1225,2200,1087
9088,1225,2204,1087
1530,1225,2205,1087
1535,1225,2206,1087
1540,1225,2207,1087
1550,1225,2208,1087
1555,1225,2209,1087
1560,1225,2210,1340
1570,1225,2220,1300
1580,1225,2230,1300
1590,1225,2240,1300
1600,1225,2250,1300
1610,1225,2260,1080
1620,1225,2270,1080
1630,1225,2280,1080
1631,1225,2285,1080
1640,1225,2290,1310
1650,1225,2300,1310
1660,1225,2305,1310
1670,1225,2310,1310
1680,1225,2320,1310
1690,1225,2325,1310
1700,1225,2330,1310
1710,1225,2340,1310
1720,1225,2350,1310
1730,1225,2360,1310
1740,1225,2370,1310
1750,1225,2380,1310
1760,1225,2390,1310
1770,1225,2400,1310
1780,1225,2403,1310
1790,1225,2405,1085
1800,1225,2410,1085
1810,1225,2420,1085
1820,1225,2430,1085
1830,1225,2440,1085
1840,1225,2450,1300
1850,1225,2451,1080
22042,1225,2451,1300
1860,1225,2452,1300
1870,1225,2460,1300
1880,1225,2470,1320
1890,1225,2475,1300
1900,1225,2477,1320
1910,1225,2478,1320
1920,1225,2480,1320
1930,1225,2481,1320
1940,1225,2482,1320
1950,1225,2490,1320
1955,1225,2495,1320
1960,1225,2500,1085
1970,1225,2510,1085
1980,1225,2515,1085
1990,1225,2520,1085
2000,1225,2530,1085
2010,1225,2540,1085
2020,1225,2550,1290
2030,1225,2560,1290
2040,1225,2570,1320
2050,1225,2580,1320
2060,1225,2590,1320
2070,1225,2600,1345
2080,1225,2610,1260
2090,1225,2620,1260
22045,1225,2620,1530
2100,1225,2630,1260
2110,1225,2640,1260
22041,1225,2640,1530
2120,1225,2650,1260
2130,1225,2655,1087
2140,1225,2657,1260
2150,1225,2660,1270
2160,1225,2670,1270
2170,1225,2680,1270
2166,1225,2690,1085
2167,1225,2700,1085
2168,1225,2710,1085
2169,1225,2720,1085
2178,1225,2730,1085
2171,1225,2740,1085
2172,1225,2750,1085
2173,1225,2760,1085
2174,1225,2770,1085
2175,1225,2780,1085
2176,1225,2790,1085
2177,1225,2800,1300
22056,1105,6000,1110
22057,1105,6010,1120
22063,1105,6014,1130
8890,1190,6014,12951
8891,1190,6014,12952
8892,1190,6014,12953
8893,1190,6014,12954
8894,1190,6014,12955
8895,1190,6014,12956
8896,1190,6014,12957
8897,1190,6014,12958
8898,1190,6014,12959
8899,1190,6014,12961
22079,1105,6015,1136
22074,1105,6016,1132
22059,1105,6020,1120
22070,1105,6025,1120
22066,1105,6030,1120
22159,1105,6035,1110
22160,1105,6036,1110
22068,1105,6040,1110
22075,1105,6041,1110
22076,1105,6042,1110
22095,1105,6045,1110
22061,1105,6050,1130
3000,1190,6050,3013
22060,1105,6060,1117
22093,1105,6064,1110
22086,1105,6065,1110
22087,1105,6066,1110
22088,1105,6067,1110
22058,1105,6070,1130
8714,1190,6070,12960
8715,1190,6070,12970
8716,1190,6070,12980
8717,1190,6070,12990
22067,1105,6080,1130
10040,1190,6080,10040
10050,1190,6080,10050
22161,1105,6084,1110
22098,1105,6085,1110
22077,1105,6086,1110
22082,1105,6087,1110
22083,1105,6088,1110
22162,1105,6089,1110
22081,1105,6090,1110
22163,1105,6095,1110
22085,1105,6100,1110
22084,1105,6105,1110
22090,1105,6110,1120
22164,1105,6115,1110
22165,1105,6120,1110
22166,1105,6130,1110
22099,1105,6140,1110
22109,1105,6150,1130
22108,1105,6160,1110
22107,1105,6170,1110
22106,1105,6180,1110
22105,1105,6190,1110
8041,1200,8008,2040
8043,1210,8008,4030
8045,1220,8008,6060
8004,1220,8010,1902
8000,1200,8010,2002
8002,1210,8010,4030
8015,1220,8021,1901
8011,1200,8021,2002
8013,1210,8021,4030
8030,1200,8040,2000
8032,1210,8040,4030
8034,1220,8040,6020
9296,1200,8045,2000
9297,1210,8045,4030
9298,1220,8045,6050
2546,1225,8048,1630
2547,1225,8049,1630
8867,1200,8065,2105
8868,1210,8065,4030
8869,1220,8065,25706
8887,1200,8066,2105
8888,1210,8066,4030
8889,1220,8066,6014
8688,1200,8071,2010
8689,1210,8071,4030
8690,1220,8071,25708
8070,1200,8080,2070
8072,1210,8080,4010
8074,1220,8080,6020
8080,1200,8090,2070
8082,1210,8090,4010
8084,1220,8090,6040
8094,1220,8100,1902
8090,1200,8100,2080
8092,1210,8100,4030
8104,1220,8110,1901
8100,1200,8110,2080
8102,1210,8110,4030
19306,1200,8115,2080
19307,1210,8115,4030
19308,1220,8115,6030
23710,1220,8116,1911
23708,1200,8116,2080
23709,1210,8116,4030
23713,1220,8117,1912
23711,1200,8117,2080
23712,1210,8117,4030
23716,1220,8118,1913
23714,1200,8118,2080
23715,1210,8118,4030
23719,1220,8119,1914
23717,1200,8119,2080
23718,1210,8119,4030
8110,1200,8120,2090
8112,1210,8120,4030
8114,1220,8120,6080
8120,1200,8130,2090
8122,1210,8130,4030
8124,1220,8130,6060
8930,1200,8131,2141
8931,1210,8131,4030
8932,1220,8131,6040
8936,1200,8132,2142
8937,1210,8132,4030
8938,1220,8132,6040
8942,1200,8133,2143
8943,1210,8133,4030
8944,1220,8133,25709
8951,1200,8134,2144
8952,1210,8134,4030
8953,1220,8134,6025
8125,1200,8135,2140
8127,1210,8135,4030
8129,1220,8135,25710
8957,1200,8136,2145
8958,1210,8136,4030
8959,1220,8136,6040
8963,1200,8137,2146
8964,1210,8137,4030
8965,1220,8137,6040
8969,1200,8138,2147
8970,1210,8138,4030
8971,1220,8138,6040
8975,1200,8139,2148
8976,1210,8139,4030
8977,1220,8139,6040
8134,1220,8140,1905
8130,1200,8140,2020
8132,1210,8140,4030
8987,1200,8142,2151
8988,1210,8142,4030
8989,1220,8142,6040
9006,1200,8146,2152
9007,1210,8146,4030
9008,1220,8146,25711
8144,1220,8150,1906
8140,1200,8150,2020
8142,1210,8150,4030
8141,1200,8155,2030
8143,1210,8155,4030
8145,1220,8155,6020
22386,1200,8165,2140
22387,1210,8165,4030
22388,1220,8165,6020
8160,1200,8170,2100
8162,1210,8170,4040
8164,1220,8170,6040
8174,1220,8180,1904
8170,1200,8180,2110
8172,1210,8180,4030
8695,1200,8185,2100
8696,1210,8185,4030
8697,1220,8185,6020
19312,1200,8186,2110
19313,1210,8186,4030
19314,1220,8186,6030
8861,1200,8189,2110
8862,1210,8189,4030
8863,1220,8189,6016
8184,1220,8190,1903
8180,1200,8190,2110
8182,1210,8190,4030
8646,1200,8191,2270
8647,1210,8191,4110
8648,1220,8191,6041
8652,1200,8192,2280
8653,1210,8192,4110
8654,1220,8192,6042
8658,1200,8193,2285
8659,1210,8193,4110
8660,1220,8193,6020
8664,1200,8194,2260
8665,1210,8194,4110
8666,1220,8194,6086
8171,1200,8195,2110
8173,1210,8195,4030
8175,1220,8195,25713
8591,1200,8196,2110
8592,1210,8196,4030
8593,1220,8196,6020
8190,1200,8200,2120
8192,1210,8200,4040
8194,1220,8200,6040
22396,1200,8201,2120
22397,1210,8201,4030
22398,1220,8201,6020
22417,1210,8205,4040
22418,1220,8205,6040
22416,1200,8205,8202
22420,1210,8206,4040
22421,1220,8206,6040
22419,1200,8206,8203
22423,1210,8207,4040
22424,1220,8207,6040
22422,1200,8207,8204
8200,1200,8210,2150
8202,1210,8210,4040
8204,1220,8210,6040
8210,1200,8220,2160
8212,1210,8220,4040
8214,1220,8220,6040
8516,1200,8221,2160
8517,1210,8221,4030
8518,1220,8221,6040
8522,1200,8222,2130
8523,1210,8222,4030
8524,1220,8222,6040
8220,1200,8230,2200
8222,1210,8230,4040
8224,1220,8230,6040
8234,1220,8240,1907
8230,1200,8240,2205
8232,1210,8240,4030
9065,1200,8241,2410
9066,1210,8241,4020
9067,1220,8241,6040
8244,1220,8250,1908
8240,1200,8250,2205
8242,1210,8250,4030
8849,1200,8251,2670
8850,1210,8251,4020
8851,1220,8251,6015
8855,1200,8252,2670
8856,1210,8252,4110
8857,1220,8252,6015
8924,1200,8253,2670
8925,1210,8253,4021
8926,1220,8253,6015
8245,1200,8255,2209
8246,1210,8255,4030
8247,1220,8255,25714
8729,1220,8256,1910
8727,1200,8256,2670
8728,1210,8256,4020
8735,1220,8257,1909
8733,1200,8257,2670
8734,1210,8257,4020
8741,1220,8258,1910
8739,1200,8258,2670
8740,1210,8258,4021
8747,1220,8259,1909
8745,1200,8259,2670
8746,1210,8259,4021
8250,1200,8260,2410
8252,1210,8260,4020
8254,1220,8260,6090
8753,1220,8261,1910
8751,1200,8261,2670
8752,1210,8261,4110
8759,1220,8262,1909
8757,1200,8262,2670
8758,1210,8262,4110
8763,1200,8263,2660
8764,1210,8263,4080
8765,1220,8263,6040
8769,1200,8264,2620
8770,1210,8264,4090
8771,1220,8264,6087
8775,1200,8266,2620
8776,1210,8266,4080
8777,1220,8266,6040
8910,1200,8267,2620
8911,1210,8267,4090
8912,1220,8267,6088
8916,1200,8268,2620
8917,1210,8268,4080
8918,1220,8268,6105
8260,1200,8270,2340
8262,1210,8270,4290
8264,1220,8270,6100
8545,1200,8280,2053
8555,1210,8280,4000
8565,1220,8280,6065
8675,1200,8282,2053
8676,1210,8282,4000
8677,1220,8282,6066
8681,1200,8284,2053
8682,1210,8284,4000
8683,1220,8284,6067
8546,1200,8300,2200
8556,1210,8300,4030
8566,1220,8300,25715
8547,1200,8310,2205
8557,1210,8310,4030
8567,1220,8310,6110
8548,1200,8320,2205
8558,1210,8320,4050
8568,1220,8320,6030
8569,1220,8330,1907
8549,1200,8330,2206
8559,1210,8330,4030
8550,1200,8340,2206
8560,1210,8340,4030
8570,1220,8340,6020
8551,1200,8350,2120
8561,1210,8350,4030
8571,1220,8350,25716
8552,1200,8360,2208
8562,1210,8360,4050
8572,1220,8360,25717
8902,1200,8369,2452
8903,1210,8369,4030
8904,1220,8369,6064
8553,1200,8370,2452
8563,1210,8370,4030
8573,1220,8370,6020
8554,1200,8371,2452
8564,1210,8371,4030
8574,1220,8371,25718
8315,1220,8372,1901
8282,1200,8372,2080
8299,1210,8372,4010
8316,1220,8373,1902
8283,1200,8373,2080
8300,1210,8373,4010
8287,1200,8377,2207
8304,1210,8377,4030
8320,1220,8377,6020
8288,1200,8378,2208
8305,1210,8378,4050
8321,1220,8378,6030
8291,1200,8380,2120
8307,1210,8380,4040
8323,1220,8380,6045
8294,1200,8383,2054
8310,1210,8383,4020
8326,1220,8383,25719
8295,1200,8384,2056
8311,1210,8384,4020
8327,1220,8384,25720
8296,1200,8385,2210
8312,1210,8385,4100
8328,1220,8385,6040
8297,1200,8386,2123
8313,1210,8386,4100
8329,1220,8386,6040
8298,1200,8387,2128
8314,1210,8387,4100
8330,1220,8387,6085
9014,1200,8388,2123
9015,1210,8388,4100
9016,1220,8388,6040
8778,1200,8390,2065
8779,1210,8390,4110
8780,1220,8390,6020
9042,1200,8391,2065
9043,1210,8391,4111
9044,1220,8391,6020
9048,1200,8392,2065
9049,1210,8392,4112
9050,1220,8392,6020
9054,1200,8393,2065
9055,1210,8393,4113
9056,1220,8393,6020
8792,1200,8400,2180
8793,1210,8400,4030
19339,1220,8400,6140
8797,1200,8410,2170
8798,1210,8410,4030
19340,1220,8410,6140
9023,1200,8411,2153
9024,1210,8411,4100
9025,1220,8411,6040
9029,1200,8412,2154
9030,1210,8412,4100
9031,1220,8412,6040
9037,1200,8413,2155
9038,1210,8413,4030
9039,1220,8413,25721
1138,1105,8580,1090
8831,1225,8580,1330
19317,1200,8581,2170
19318,1210,8581,4040
19319,1220,8581,6040
19323,1200,8582,2180
19324,1210,8582,4040
19325,1220,8582,6040
19331,1220,8583,1903
19329,1200,8583,2191
19330,1210,8583,4030
19337,1220,8584,1904
19335,1200,8584,2191
19336,1210,8584,4030
9077,1200,8590,2054
9078,1210,8590,4020
9079,1220,8590,25722
9071,1200,8600,2054
9072,1210,8600,4020
9073,1220,8600,6040
9111,1200,8620,2770
9133,1210,8620,4210
9155,1220,8620,6090
9112,1200,8630,2640
9134,1210,8630,4030
9156,1220,8630,6060
9113,1200,8640,2451
9135,1210,8640,4030
9157,1220,8640,25723
9114,1200,8650,2800
9136,1210,8650,4050
9158,1220,8650,25724
9115,1200,8660,2080
9137,1210,8660,4020
9159,1220,8660,6020
9116,1200,8670,2100
9138,1210,8670,4030
9160,1220,8670,25725
9117,1200,8680,2010
9139,1210,8680,4280
9161,1220,8680,6030
9118,1200,8690,2790
9140,1210,8690,4270
9162,1220,8690,6020
9119,1200,8700,2500
9141,1210,8700,4260
9163,1220,8700,6020
9120,1200,8710,2620
9142,1210,8710,4090
9164,1220,8710,6190
9121,1200,8720,2770
9143,1210,8720,4210
9165,1220,8720,6180
9122,1200,8730,2690
9144,1210,8730,4140
9166,1220,8730,6020
9123,1200,8740,2770
9145,1210,8740,4210
9167,1220,8740,6170
9124,1200,8750,2770
9146,1210,8750,4210
9168,1220,8750,6160
9125,1200,8760,2760
9147,1210,8760,4200
9169,1220,8760,6086
9126,1200,8770,2750
9148,1210,8770,4190
9170,1220,8770,6086
9127,1200,8780,2740
9149,1210,8780,4020
9171,1220,8780,6150
9128,1200,8790,2730
9150,1210,8790,4180
9172,1220,8790,6020
9129,1200,8800,2720
9151,1210,8800,4170
9173,1220,8800,6085
9130,1200,8810,2710
9152,1210,8810,4160
9174,1220,8810,6020
9131,1200,8820,2700
9153,1210,8820,4150
9175,1220,8820,6020
9132,1200,8830,2780
9154,1210,8830,4250
9176,1220,8830,6060
22391,1210,8831,4030
22392,1220,8831,6020
22390,1200,8831,8832
22538,1210,8842,4030
22539,1220,8842,6040
22537,1200,8842,8841
15040,1225,15009,1340
15050,1225,15010,1340
15060,1225,15020,1340
15070,1225,15030,1340
15080,1225,15040,1340
15081,1225,15045,1340
15090,1225,15050,1360
15100,1225,15060,1340
15120,1225,15080,1340
15130,1225,15090,1360
15140,1225,15100,1360
15150,1225,15110,1340
15082,1225,15115,1340
15160,1225,15120,1340
15170,1225,15130,1340
22110,1105,17010,1110
22143,1105,17021,1110
22111,1105,17040,1130
19000,1190,17040,19000
19010,1190,17040,19010
19020,1190,17040,19020
19030,1190,17040,19030
19040,1190,17040,19040
19050,1190,17040,19050
19060,1190,17040,19060
19070,1190,17040,19070
19080,1190,17040,19080
19090,1190,17040,19090
22112,1105,17050,1110
22115,1105,17070,1110
22167,1105,17080,1110
22168,1105,17090,1110
22169,1105,17100,1110
22116,1105,17110,1110
22170,1105,17120,1110
22171,1105,17130,1110
22172,1105,17140,1110
22173,1105,17150,1110
22174,1105,17160,1110
3010,1190,17278,3014
3020,1190,17279,3015
3030,1190,17280,3016
18570,1220,18000,6090
18290,1200,18000,15009
18430,1210,18000,16000
22557,1900,18000,25931
22589,1900,18000,25939
22617,1900,18000,25946
22645,1900,18000,25953
22673,1900,18000,25960
22701,1900,18000,25967
18300,1200,18010,15010
18440,1210,18010,16000
18580,1220,18010,17010
18590,1220,18020,6085
18310,1200,18020,15020
18450,1210,18020,16010
18600,1220,18030,6040
18320,1200,18030,15030
18460,1210,18030,16020
18610,1220,18040,6040
18330,1200,18040,15040
18470,1210,18040,16020
18340,1200,18050,15050
18480,1210,18050,16030
18620,1220,18050,17040
18350,1200,18060,15060
18490,1210,18060,16030
18630,1220,18060,17050
18360,1200,18070,2210
18640,1220,18070,6040
18500,1210,18070,16040
18370,1200,18080,15080
18510,1210,18080,16030
18650,1220,18080,25726
18380,1200,18090,15090
18520,1210,18090,16060
18660,1220,18090,25727
18670,1220,18100,6040
18390,1200,18100,15100
18530,1210,18100,16040
18680,1220,18110,6087
18400,1200,18110,15110
18540,1210,18110,16070
18410,1200,18120,15120
18550,1210,18120,16080
18690,1220,18120,17070
18700,1220,18130,6040
18420,1200,18130,15130
18560,1210,18130,16020
8493,1220,18140,6090
8491,1200,18140,15009
8492,1210,18140,16100
8481,1220,18150,6090
8479,1200,18150,15009
8480,1210,18150,16110
8511,1220,18160,6085
8509,1200,18160,15020
8510,1210,18160,16100
8499,1220,18170,6085
8497,1200,18170,15020
8498,1210,18170,16110
8505,1220,18180,6085
8503,1200,18180,15020
8504,1210,18180,16090
8487,1220,18190,6090
8485,1200,18190,15009
8486,1210,18190,16090
8599,1220,18200,6090
8597,1200,18200,15009
8598,1210,18200,16095
8605,1220,18210,6085
8603,1200,18210,15020
8604,1210,18210,16095
8617,1220,18220,6090
8615,1200,18220,15009
8616,1210,18220,16120
8629,1220,18230,6090
8627,1200,18230,15009
8628,1210,18230,16130
8639,1200,18240,15009
8640,1210,18240,16140
8641,1220,18240,17110
8611,1220,18250,6085
8609,1200,18250,15020
8610,1210,18250,16120
8623,1220,18260,6085
8621,1200,18260,15020
8622,1210,18260,16130
8633,1200,18270,15020
8634,1210,18270,16140
8635,1220,18270,17110
9224,1210,18271,4300
9225,1220,18271,6085
9223,1200,18271,15020
9230,1210,18272,4300
9231,1220,18272,6090
9229,1200,18272,15009
9236,1210,18273,4350
9237,1220,18273,6085
9235,1200,18273,15020
9242,1210,18274,4350
9243,1220,18274,6090
9241,1200,18274,15009
9248,1210,18275,4360
9249,1220,18275,6085
9247,1200,18275,15020
9254,1210,18276,4360
9255,1220,18276,6090
9253,1200,18276,15009
9260,1210,18277,4320
9261,1220,18277,6085
9259,1200,18277,15020
9266,1210,18278,4320
9267,1220,18278,6090
9265,1200,18278,15009
9272,1210,18279,4570
9273,1220,18279,6085
9271,1200,18279,15020
9278,1210,18280,4570
9279,1220,18280,6090
9277,1200,18280,15009
9284,1210,18281,4560
9285,1220,18281,6085
9283,1200,18281,15020
9290,1210,18282,4560
9291,1220,18282,6090
9289,1200,18282,15009
20003,1225,20002,1360
20002,1225,20003,1360
20005,1225,20005,1340
22013,1225,20006,1360
20009,1225,20007,1340
20011,1225,20008,1340
20013,1225,20009,1340
20012,1225,20010,1340
20394,1210,20011,21070
20315,1200,20011,25257
20473,1220,20011,25265
22739,1900,20011,25983
22768,1900,20011,25994
22788,1900,20011,25999
22809,1900,20011,26005
22834,1900,20011,26015
22859,1900,20011,26025
20316,1200,20012,20003
20395,1210,20012,21071
20474,1220,20012,25728
22759,1900,20012,25991
22784,1900,20012,25998
22804,1900,20012,26003
22829,1900,20012,26013
22854,1900,20012,26023
22879,1900,20012,26033
20317,1200,20013,20002
20396,1210,20013,21072
20475,1220,20013,25729
20397,1210,20014,21073
20318,1200,20014,25258
20476,1220,20014,25730
22749,1900,20014,25987
22776,1900,20014,25996
22796,1900,20014,26001
22819,1900,20014,26009
22844,1900,20014,26019
22869,1900,20014,26029
20319,1200,20015,20005
20398,1210,20015,21074
20477,1220,20015,25322
22001,1200,20016,20006
22002,1210,20016,21046
22003,1220,20016,22008
22009,1220,20017,6085
22007,1200,20017,20064
22008,1210,20017,21017
20830,1200,20018,25320
20402,1210,20018,25321
20481,1220,20018,25731
22754,1900,20018,25989
22780,1900,20018,25997
22800,1900,20018,26002
22824,1900,20018,26011
22849,1900,20018,26021
22874,1900,20018,26031
20324,1200,20019,20007
20403,1210,20019,25330
20482,1220,20019,25331
20484,1220,20021,6180
20326,1200,20021,20008
20405,1210,20021,25342
20406,1210,20022,21079
20903,1200,20022,25349
20485,1220,20022,25732
20486,1220,20023,17050
20328,1200,20023,20009
20407,1210,20023,21080
22014,1225,20064,1350
20077,1225,20100,1350
20040,1225,20101,1360
20051,1225,20102,1340
20023,1225,20103,1410
20031,1225,20104,1410
20041,1225,20105,1360
20064,1225,20106,1360
20024,1225,20107,1410
20061,1225,20108,1364
20052,1225,20109,1440
20022,1225,20110,1410
20019,1225,20111,1350
20073,1225,20112,1350
20050,1225,20113,1350
20049,1225,20114,1440
20010,1225,20115,1340
20032,1225,20116,1410
20008,1225,20117,1350
20025,1225,20118,1410
20029,1225,20119,1350
20042,1225,20120,1340
20067,1225,20121,1350
20066,1225,20122,1350
20047,1225,20123,1364
20059,1225,20124,1350
20070,1225,20125,1350
20060,1225,20127,1350
20007,1225,20128,1440
20044,1225,20129,1440
20053,1225,20130,1350
20076,1225,20131,1350
20017,1225,20132,1350
20028,1225,20133,1350
20020,1225,20134,1350
20054,1225,20135,1440
20075,1225,20136,1350
20057,1225,20137,1350
20058,1225,20138,1350
20043,1225,20139,1350
20071,1225,20140,1350
20074,1225,20141,1350
20072,1225,20142,1350
20055,1225,20143,1440
20016,1225,20144,1360
20018,1225,20145,1440
20006,1225,20146,1360
20056,1225,20147,1350
20045,1225,20148,1350
20027,1225,20149,1440
20048,1225,20150,1364
20033,1225,20151,1364
20034,1225,20152,1364
20046,1225,20153,1364
20037,1225,20154,1364
20062,1225,20155,1364
20014,1225,20156,1364
20026,1225,20157,1364
20036,1225,20158,1364
20035,1225,20159,1364
20015,1225,20160,1364
20030,1225,20161,1340
20069,1225,20162,1364
20068,1225,20163,1364
20038,1225,20164,1364
20063,1225,20165,1350
20065,1225,20166,1360
20039,1225,20167,1350
20021,1225,20168,1440
22175,1105,22001,1110
22176,1105,22002,1110
22177,1105,22003,1110
22178,1105,22004,1110
22179,1105,22006,1110
22135,1105,22007,1130
20679,1190,22007,25228
20680,1190,22007,25229
20681,1190,22007,25230
20682,1190,22007,25231
22122,1105,22008,1130
22180,1105,22009,1110
22129,1105,22010,1110
22181,1105,22011,1110
22182,1105,22012,1110
22183,1105,22013,1110
20550,1220,25000,6087
20471,1210,25000,21000
21161,1200,25000,25517
22573,1900,25000,25935
22605,1900,25000,25943
22633,1900,25000,25950
22661,1900,25000,25957
22689,1900,25000,25964
22717,1900,25000,25971
20355,1200,25001,20101
20434,1210,25001,21001
20513,1220,25001,25733
20524,1220,25002,6085
20366,1200,25002,15020
20445,1210,25002,21002
22428,1900,25002,25884
22447,1900,25002,25895
22463,1900,25002,25899
22479,1900,25002,25903
22498,1900,25002,25910
22517,1900,25002,25917
20338,1200,25003,20103
20417,1210,25003,21003
20496,1220,25003,25476
20504,1220,25004,17050
20346,1200,25004,20104
20425,1210,25004,21004
20356,1200,25005,20105
20435,1210,25005,21005
20514,1220,25005,25734
20379,1200,25006,20106
20458,1210,25006,21006
20537,1220,25006,25973
20497,1220,25007,17050
20339,1200,25007,20107
20418,1210,25007,21007
20534,1220,25008,17050
20376,1200,25008,20108
20455,1210,25008,25622
21116,1200,25009,15030
20446,1210,25009,21009
21178,1220,25009,22010
20495,1220,25010,17050
20337,1200,25010,20110
20416,1210,25010,21010
20334,1200,25011,20111
20413,1210,25011,21011
20492,1220,25011,25373
20388,1200,25012,20112
20467,1210,25012,25664
20546,1220,25012,25665
20365,1200,25013,20113
20444,1210,25013,21013
20523,1220,25013,25484
20364,1200,25014,20114
20443,1210,25014,21014
21179,1220,25014,22010
20483,1220,25015,6180
20872,1200,25015,25333
20404,1210,25015,25334
22577,1900,25015,25936
22609,1900,25015,25944
22637,1900,25015,25951
22665,1900,25015,25958
22693,1900,25015,25965
22721,1900,25015,25972
20505,1220,25016,17050
20347,1200,25016,20116
20426,1210,25016,21016
20480,1220,25017,6085
20322,1200,25017,20117
20401,1210,25017,21017
20498,1220,25018,17050
20340,1200,25018,20118
20419,1210,25018,21018
20344,1200,25019,20119
20423,1210,25019,21019
20502,1220,25019,25398
20436,1210,25020,21020
21051,1200,25020,25349
20515,1220,25020,25735
22764,1900,25020,25993
22883,1900,25020,26034
22887,1900,25020,26035
22892,1900,25020,26037
22897,1900,25020,26039
22902,1900,25020,26041
20382,1200,25021,20121
20461,1210,25021,21021
20540,1220,25021,22007
20539,1220,25022,6085
20381,1200,25022,20122
20460,1210,25022,21022
20362,1200,25023,20123
20441,1210,25023,21003
20520,1220,25023,25476
20374,1200,25024,20124
20453,1210,25024,21024
20532,1220,25024,25508
20385,1200,25025,20125
20464,1210,25025,21025
20543,1220,25025,25639
20533,1220,25027,6085
20375,1200,25027,20127
20454,1210,25027,21027
20812,1200,25028,15040
21180,1220,25028,22010
20400,1210,25028,25309
20359,1200,25029,20129
20438,1210,25029,21029
20517,1220,25029,25601
20368,1200,25030,20130
20447,1210,25030,21030
20526,1220,25030,25492
20391,1200,25031,20131
20470,1210,25031,25680
20549,1220,25031,25681
20332,1200,25032,20132
20411,1210,25032,21032
20490,1220,25032,25364
20343,1200,25033,20133
20422,1210,25033,21033
20501,1220,25033,25390
20493,1220,25034,17021
20335,1200,25034,20134
20414,1210,25034,21034
20369,1200,25035,20128
20448,1210,25035,21035
21181,1220,25035,22010
20390,1200,25036,20136
20469,1210,25036,25676
20548,1220,25036,25677
20372,1200,25037,20137
20451,1210,25037,21037
20530,1220,25037,25736
20531,1220,25038,6085
20373,1200,25038,20138
20452,1210,25038,21038
20358,1200,25039,20139
20437,1210,25039,21039
20516,1220,25039,25737
20386,1200,25040,20140
20465,1210,25040,21040
20544,1220,25040,25647
20389,1200,25041,20141
20468,1210,25041,21041
20547,1220,25041,25671
20387,1200,25042,20142
20466,1210,25042,21042
20545,1220,25042,25421
21134,1200,25043,15040
20449,1210,25043,21043
21182,1220,25043,22010
22561,1900,25043,25932
22593,1900,25043,25940
22621,1900,25043,25947
22649,1900,25043,25954
22677,1900,25043,25961
22705,1900,25043,25968
20489,1220,25044,17050
20331,1200,25044,20144
20410,1210,25044,21044
20333,1200,25045,20145
20491,1220,25045,22010
20412,1210,25045,25556
20320,1200,25046,20146
20399,1210,25046,21046
20478,1220,25046,25738
20529,1220,25047,6087
20371,1200,25047,20147
20450,1210,25047,21047
20360,1200,25048,20148
20439,1210,25048,21048
20518,1220,25048,25462
20342,1200,25049,20149
20421,1210,25049,21049
21183,1220,25049,22010
20521,1220,25050,17050
20363,1200,25050,20150
20442,1210,25050,25618
20506,1220,25051,17050
20348,1200,25051,20151
20427,1210,25051,25576
20507,1220,25052,17050
20349,1200,25052,20152
20428,1210,25052,25580
20519,1220,25053,17050
20361,1200,25053,20153
20440,1210,25053,21053
20510,1220,25054,17050
20352,1200,25054,20154
20431,1210,25054,25592
20535,1220,25055,17050
20377,1200,25055,20155
20456,1210,25055,25626
22569,1900,25055,25934
22601,1900,25055,25942
22629,1900,25055,25949
22657,1900,25055,25956
22685,1900,25055,25963
22713,1900,25055,25970
20487,1220,25056,17050
20329,1200,25056,20156
20408,1210,25056,25548
22906,1900,25056,26042
22914,1900,25056,26044
22922,1900,25056,26046
22930,1900,25056,26048
22938,1900,25056,26050
22946,1900,25056,26052
20499,1220,25057,17110
20341,1200,25057,20157
20420,1210,25057,25572
20509,1220,25058,17050
20351,1200,25058,20158
20430,1210,25058,25588
20508,1220,25059,17050
20350,1200,25059,20159
20429,1210,25059,25584
20488,1220,25060,17050
20330,1200,25060,20160
20409,1210,25060,25552
22910,1900,25060,26043
22918,1900,25060,26045
22926,1900,25060,26047
22934,1900,25060,26049
22942,1900,25060,26051
22950,1900,25060,26053
20345,1200,25061,20161
20424,1210,25061,21061
20503,1220,25061,25412
20384,1200,25062,20162
20463,1210,25062,25634
20542,1220,25062,25635
20541,1220,25063,17050
20383,1200,25063,20163
20462,1210,25063,21063
20511,1220,25064,17050
20353,1200,25064,20164
20432,1210,25064,25596
20378,1200,25065,20165
20457,1210,25065,21065
20536,1220,25065,25631
20380,1200,25066,20166
20459,1210,25066,21066
20538,1220,25066,25739
20354,1200,25067,20167
20433,1210,25067,21067
20512,1220,25067,25740
20336,1200,25068,20168
20415,1210,25068,25564
20494,1220,25068,25565
20472,1210,25069,21081
20393,1200,25069,25255
20551,1220,25069,25741
22433,1900,25069,25886
22451,1900,25069,25896
22467,1900,25069,25900
22484,1900,25069,25905
22503,1900,25069,25912
22522,1900,25069,25919
20706,1225,25255,1360
20707,1225,25257,1360
20708,1225,25258,1360
20709,1200,25262,15030
21184,1220,25262,22010
20710,1210,25262,25260
22553,1900,25262,25930
22585,1900,25262,25938
22613,1900,25262,25945
22641,1900,25262,25952
22669,1900,25262,25959
22697,1900,25262,25966
22117,1105,25265,1130
20725,1190,25265,25101
20726,1190,25265,25102
20727,1190,25265,25103
20728,1190,25265,25104
20729,1190,25265,25105
20826,1220,25319,6085
20824,1200,25319,15020
20825,1210,25319,21075
22565,1900,25319,25933
22597,1900,25319,25941
22625,1900,25319,25948
22653,1900,25319,25955
22681,1900,25319,25962
22709,1900,25319,25969
22015,1225,25320,1340
22121,1105,25322,1130
21192,1190,25322,25121
21193,1190,25322,25122
21194,1190,25322,25123
21195,1190,25322,25124
21196,1190,25322,25125
22124,1105,25331,1110
21200,1225,25333,1340
20880,1220,25340,6090
20878,1200,25340,25333
20879,1210,25340,25338
20899,1220,25348,6090
20897,1200,25348,20008
20898,1210,25348,25346
21433,1225,25349,1340
22141,1105,25364,1130
20935,1190,25364,25141
20936,1190,25364,25142
20937,1190,25364,25143
20938,1190,25364,25144
20939,1190,25364,25145
22130,1105,25373,1130
22334,1190,25373,25146
22335,1190,25373,25147
22336,1190,25373,25148
22337,1190,25373,25149
22338,1190,25373,25150
22339,1190,25373,25151
22340,1190,25373,25152
22341,1190,25373,25153
22342,1190,25373,25154
22343,1190,25373,25845
22142,1105,25390,1130
20975,1190,25390,25267
20976,1190,25390,25268
20977,1190,25390,25269
20978,1190,25390,25270
22133,1105,25398,1130
20988,1190,25398,25159
20989,1190,25398,25160
20990,1190,25398,25161
20991,1190,25398,25162
20992,1190,25398,25163
20993,1190,25398,25164
20994,1190,25398,25165
20995,1190,25398,25166
20996,1190,25398,25167
20997,1190,25398,25168
22017,1190,25398,25169
22018,1190,25398,25170
22152,1105,25412,1130
21009,1190,25412,25171
21010,1190,25412,25172
21011,1190,25412,25173
21012,1190,25412,25174
21013,1190,25412,25175
22149,1105,25421,1130
21411,1190,25421,25244
21412,1190,25421,25245
22151,1105,25462,1130
21083,1190,25462,25210
21084,1190,25462,25211
21085,1190,25462,25212
21086,1190,25462,25213
21087,1190,25462,25214
21088,1190,25462,25215
21089,1190,25462,25216
21090,1190,25462,25217
21091,1190,25462,25218
21092,1190,25462,25219
22127,1105,25476,1110
22132,1105,25484,1110
22139,1105,25492,1110
22136,1105,25508,1110
22016,1225,25517,1350
22157,1105,25565,1117
22138,1105,25601,1130
21311,1190,25601,25197
22019,1190,25601,25198
22020,1190,25601,25199
22022,1190,25601,25200
22024,1190,25601,25201
22025,1190,25601,25202
22026,1190,25601,25203
22027,1190,25601,25204
22028,1190,25601,25205
22029,1190,25601,25206
22030,1190,25601,25207
22031,1190,25601,25208
22032,1190,25601,25209
22154,1105,25631,1110
22153,1105,25635,1110
22137,1105,25639,1130
21375,1190,25639,25232
21376,1190,25639,25233
21377,1190,25639,25234
21378,1190,25639,25235
22147,1105,25647,1130
21389,1190,25647,25236
21390,1190,25647,25237
21391,1190,25647,25238
21392,1190,25647,25239
21393,1190,25647,25240
21394,1190,25647,25241
21395,1190,25647,25242
21396,1190,25647,25243
22131,1105,25665,1130
21421,1190,25665,25246
21422,1190,25665,25247
22148,1105,25671,1130
21431,1190,25671,25248
21432,1190,25671,25249
22144,1105,25677,1110
22140,1105,25681,1110
22062,1105,25706,1130
8870,1190,25706,10210
8871,1190,25706,10220
8872,1190,25706,10230
8873,1190,25706,10240
8874,1190,25706,10250
8875,1190,25706,10260
8876,1190,25706,10270
8877,1190,25706,10280
22064,1105,25707,1130
22065,1105,25708,1120
22069,1105,25709,1130
8945,1190,25709,8143
8946,1190,25709,8144
8947,1190,25709,8145
22071,1105,25710,1130
10055,1190,25710,10055
10100,1190,25710,10100
10110,1190,25710,10110
10120,1190,25710,10120
10130,1190,25710,10130
10140,1190,25710,10140
10145,1190,25710,10145
10150,1190,25710,10150
10160,1190,25710,10160
10115,1190,25710,10165
8990,1190,25710,10166
8991,1190,25710,10167
22389,1190,25710,10168
22072,1105,25711,1130
9009,1190,25711,8147
9010,1190,25711,8148
9011,1190,25711,8149
9012,1190,25711,8151
22073,1105,25712,1130
10060,1190,25712,10060
10070,1190,25712,10070
10080,1190,25712,10080
10090,1190,25712,10090
8906,1190,25712,10091
8907,1190,25712,10092
8908,1190,25712,10093
22412,1190,25712,10094
22413,1190,25712,10095
22414,1190,25712,10096
22415,1190,25712,10097
22078,1105,25713,1120
22080,1105,25714,1130
8382,1190,25714,10170
8383,1190,25714,10180
23148,1190,25714,10185
8384,1190,25714,10190
8385,1190,25714,10200
22089,1105,25715,1120
22091,1105,25716,1120
22092,1105,25717,1120
22094,1105,25718,1130
8575,1190,25718,10290
8576,1190,25718,10300
22096,1105,25719,1117
22097,1105,25720,1117
22100,1105,25721,1130
9040,1190,25721,8414
9041,1190,25721,8415
22101,1105,25722,1130
9080,1190,25722,8611
9081,1190,25722,8612
22102,1105,25723,1130
22103,1105,25724,1130
22104,1105,25725,1130
22113,1105,25726,1130
19100,1190,25726,19100
19110,1190,25726,19110
19120,1190,25726,19120
19130,1190,25726,19130
19140,1190,25726,19140
22114,1105,25727,1130
19150,1190,25727,19150
19160,1190,25727,19160
19170,1190,25727,19170
19180,1190,25727,19180
19190,1190,25727,19190
19200,1190,25727,19200
19210,1190,25727,19210
19220,1190,25727,19220
19230,1190,25727,19230
19240,1190,25727,19240
22118,1105,25728,1130
20754,1190,25728,25106
20755,1190,25728,25107
20756,1190,25728,25108
20757,1190,25728,25109
20758,1190,25728,25110
22119,1105,25729,1130
20779,1190,25729,25111
20780,1190,25729,25112
20781,1190,25729,25113
20782,1190,25729,25114
20783,1190,25729,25115
22120,1105,25730,1130
20792,1190,25730,25116
20793,1190,25730,25117
20794,1190,25730,25118
20795,1190,25730,25119
20796,1190,25730,25120
22123,1105,25731,1130
20840,1190,25731,25131
20841,1190,25731,25132
20842,1190,25731,25133
20843,1190,25731,25134
20844,1190,25731,25135
22125,1105,25732,1130
20909,1190,25732,25136
20910,1190,25732,25137
20911,1190,25732,25138
20912,1190,25732,25139
20913,1190,25732,25140
22126,1105,25733,1130
21031,1190,25733,25178
21032,1190,25733,25179
21033,1190,25733,25180
21034,1190,25733,25181
21035,1190,25733,25182
22128,1105,25734,1130
21044,1190,25734,25183
21045,1190,25734,25184
21046,1190,25734,25185
21047,1190,25734,25186
21048,1190,25734,25187
22134,1105,25735,1130
21057,1190,25735,25188
21058,1190,25735,25189
21059,1190,25735,25190
21060,1190,25735,25191
21061,1190,25735,25192
22145,1105,25736,1130
20672,1190,25736,25221
20673,1190,25736,25222
20674,1190,25736,25223
20675,1190,25736,25224
22146,1105,25737,1130
21070,1190,25737,25324
21071,1190,25737,25325
21072,1190,25737,25326
21073,1190,25737,25327
22150,1105,25738,1130
20805,1190,25738,25126
20806,1190,25738,25127
20807,1190,25738,25128
20808,1190,25738,25129
20809,1190,25738,25130
22155,1105,25739,1130
21158,1190,25739,25225
21159,1190,25739,25226
21160,1190,25739,25227
22156,1105,25740,1130
21022,1190,25740,25176
21023,1190,25740,25177
22158,1105,25741,1130
21173,1190,25741,25250
21174,1190,25741,25251
21175,1190,25741,25252
21176,1190,25741,25253
21177,1190,25741,25254
22185,1200,25743,2210
22186,1220,25743,6040
22184,1210,25743,25742
22581,1900,25743,25937
22187,1210,25744,4110
22189,1220,25744,6060
22188,1200,25744,15030
22191,1200,25746,20130
22192,1220,25746,25492
22190,1210,25746,25745
22194,1200,25748,20130
22195,1220,25748,25492
22193,1210,25748,25747
22197,1200,25750,20130
22198,1220,25750,25492
22196,1210,25750,25749
22200,1200,25752,20130
22201,1220,25752,25492
22199,1210,25752,25751
22202,1105,25754,1130
22203,1190,25754,25755
22204,1190,25754,25756
22205,1190,25754,25757
22206,1190,25754,25758
22207,1190,25754,25759
22209,1200,25760,20003
22208,1210,25760,25753
22210,1220,25760,25754
22211,1105,25762,1130
22212,1190,25762,25763
22213,1190,25762,25764
22214,1190,25762,25765
22215,1190,25762,25766
22216,1190,25762,25767
22218,1200,25768,20003
22217,1210,25768,25761
22219,1220,25768,25762
22220,1105,25770,1130
22221,1190,25770,25771
22222,1190,25770,25772
22223,1190,25770,25773
22224,1190,25770,25774
22225,1190,25770,25775
22227,1200,25776,25257
22226,1210,25776,25769
22228,1220,25776,25770
22229,1105,25778,1130
22230,1190,25778,25779
22231,1190,25778,25780
22232,1190,25778,25781
22233,1190,25778,25782
22234,1190,25778,25783
22236,1200,25784,25257
22235,1210,25784,25777
22237,1220,25784,25778
22238,1225,25785,1360
22239,1105,25787,1130
22240,1190,25787,25788
22241,1190,25787,25789
22242,1190,25787,25790
22243,1190,25787,25791
22244,1190,25787,25792
22246,1200,25793,25785
22245,1210,25793,25786
22247,1220,25793,25787
22248,1105,25795,1130
22249,1190,25795,25796
22250,1190,25795,25797
22251,1190,25795,25798
22252,1190,25795,25799
22253,1190,25795,25800
22255,1200,25801,25785
22254,1210,25801,25794
22256,1220,25801,25795
22257,1225,25802,1360
22258,1105,25804,1130
22259,1190,25804,25805
22260,1190,25804,25806
22261,1190,25804,25807
22262,1190,25804,25808
22263,1190,25804,25809
22265,1200,25810,25802
22264,1210,25810,25803
22266,1220,25810,25804
22267,1225,25811,1440
22270,1220,25813,6060
22269,1200,25813,25811
22268,1210,25813,25812
22273,1220,25814,22010
22272,1200,25814,25811
22271,1210,25814,25812
22276,1220,25815,6060
22275,1200,25815,15040
22274,1210,25815,21028
22277,1225,25816,1350
22278,1210,25817,4290
22280,1220,25817,6085
22279,1200,25817,25816
22283,1220,25819,6085
22282,1200,25819,25816
22281,1210,25819,25818
22286,1220,25821,6085
22285,1200,25821,25816
22284,1210,25821,25820
22289,1220,25823,6085
22288,1200,25823,25816
22287,1210,25823,25822
22292,1220,25825,6085
22291,1200,25825,25816
22290,1210,25825,25824
22295,1220,25827,6085
22294,1200,25827,25816
22293,1210,25827,25826
22297,1200,25828,20136
22298,1220,25828,25677
22296,1210,25828,25745
22300,1200,25829,20136
22301,1220,25829,25677
22299,1210,25829,25747
22303,1200,25830,20136
22304,1220,25830,25677
22302,1210,25830,25749
22306,1200,25831,20136
22307,1220,25831,25677
22305,1210,25831,25751
22310,1200,25834,20136
22311,1220,25834,25677
22309,1210,25834,25833
22314,1220,25835,6085
22313,1200,25835,15020
22312,1210,25835,25818
22317,1220,25836,6085
22316,1200,25836,15020
22315,1210,25836,25820
22320,1220,25837,6085
22319,1200,25837,15020
22318,1210,25837,25822
22323,1220,25838,6085
22322,1200,25838,15020
22321,1210,25838,25824
22326,1220,25839,6085
22325,1200,25839,15020
22324,1210,25839,25826
22329,1220,25840,6088
22328,1200,25840,20008
22327,1210,25840,25342
22330,1225,25841,1340
22331,1210,25842,4090
22333,1220,25842,6180
22332,1200,25842,25841
22345,1200,25846,20130
22346,1220,25846,25492
22344,1210,25846,25833
22347,1105,25848,1130
22348,1190,25848,25849
22349,1190,25848,25850
22350,1190,25848,25851
22351,1190,25848,25852
22352,1190,25848,25853
22354,1200,25854,25255
22353,1210,25854,25847
22355,1220,25854,25848
22438,1900,25854,25888
22455,1900,25854,25897
22471,1900,25854,25901
22489,1900,25854,25907
22508,1900,25854,25914
22527,1900,25854,25921
22356,1105,25856,1130
22357,1190,25856,25857
22358,1190,25856,25858
22359,1190,25856,25859
22360,1190,25856,25860
22361,1190,25856,25861
22363,1200,25862,25255
22362,1210,25862,25855
22364,1220,25862,25856
22443,1900,25862,25890
22459,1900,25862,25898
22475,1900,25862,25902
22494,1900,25862,25909
22513,1900,25862,25916
22532,1900,25862,25923
22365,1105,25863,1130
22366,1190,25863,25864
22367,1190,25863,25865
22368,1190,25863,25866
22369,1190,25863,25867
22370,1190,25863,25868
22372,1200,25869,25258
22371,1210,25869,25847
22373,1220,25869,25863
22374,1105,25870,1130
22375,1190,25870,25871
22376,1190,25870,25872
22377,1190,25870,25873
22378,1190,25870,25874
22379,1190,25870,25875
22381,1200,25876,25258
22380,1210,25876,25855
22382,1220,25876,25870
22384,1200,25877,2122
22383,1210,25877,4030
22385,1220,25877,6095
22393,1210,25878,16060
22394,1200,25878,20008
22395,1220,25878,22008
22399,1225,25879,1086
22400,1210,25880,4030
22402,1220,25880,22008
22401,1200,25880,25879
22403,1210,25881,4040
22405,1220,25881,6090
22404,1200,25881,15009
22407,1200,25882,2000
22406,1210,25882,4080
22408,1220,25882,6040
22411,1220,25883,17090
22410,1200,25883,20131
22409,1210,25883,21000
22954,1900,25883,26054
22958,1900,25883,26055
22962,1900,25883,26056
22966,1900,25883,26057
22970,1900,25883,26058
22974,1900,25883,26059
22427,1220,25884,6085
22426,1200,25884,15020
22425,1210,25884,16090
22429,1105,25885,1110
22430,1210,25886,16090
22431,1200,25886,25255
22432,1220,25886,25885
22434,1105,25887,1110
22435,1210,25888,16090
22436,1200,25888,25255
22437,1220,25888,25887
22439,1105,25889,1110
22440,1210,25890,16090
22441,1200,25890,25255
22442,1220,25890,25889
22444,1210,25895,4130
22446,1220,25895,6085
22445,1200,25895,15020
22448,1210,25896,4130
22449,1200,25896,25255
22450,1220,25896,25885
22452,1210,25897,4130
22453,1200,25897,25255
22454,1220,25897,25887
22456,1210,25898,4130
22457,1200,25898,25255
22458,1220,25898,25889
22462,1220,25899,6085
22461,1200,25899,15020
22460,1210,25899,25891
22465,1200,25900,25255
22466,1220,25900,25885
22464,1210,25900,25891
22469,1200,25901,25255
22470,1220,25901,25887
22468,1210,25901,25891
22473,1200,25902,25255
22474,1220,25902,25889
22472,1210,25902,25891
22478,1220,25903,6085
22477,1200,25903,15020
22476,1210,25903,25892
22480,1105,25904,1110
22482,1200,25905,25255
22481,1210,25905,25892
22483,1220,25905,25904
22485,1105,25906,1110
22487,1200,25907,25255
22486,1210,25907,25892
22488,1220,25907,25906
22490,1105,25908,1110
22492,1200,25909,25255
22491,1210,25909,25892
22493,1220,25909,25908
22497,1220,25910,6085
22496,1200,25910,15020
22495,1210,25910,25893
22499,1105,25911,1110
22501,1200,25912,25255
22500,1210,25912,25893
22502,1220,25912,25911
22504,1105,25913,1110
22506,1200,25914,25255
22505,1210,25914,25893
22507,1220,25914,25913
22509,1105,25915,1110
22511,1200,25916,25255
22510,1210,25916,25893
22512,1220,25916,25915
22516,1220,25917,6085
22515,1200,25917,15020
22514,1210,25917,25894
22518,1105,25918,1110
22520,1200,25919,25255
22519,1210,25919,25894
22521,1220,25919,25918
22523,1105,25920,1110
22525,1200,25921,25255
22524,1210,25921,25894
22526,1220,25921,25920
22528,1105,25922,1110
22530,1200,25923,25255
22529,1210,25923,25894
22531,1220,25923,25922
22542,1220,25925,25265
22541,1200,25925,25785
22540,1210,25925,25924
22744,1900,25925,25985
22772,1900,25925,25995
22792,1900,25925,26000
22814,1900,25925,26007
22839,1900,25925,26017
22864,1900,25925,26027
22543,1210,25926,4290
22545,1220,25926,6085
22544,1200,25926,15020
22546,1225,25927,1362
22549,1220,25929,25265
22548,1200,25929,25927
22547,1210,25929,25928
22551,1200,25930,15030
22550,1210,25930,16090
22552,1220,25930,22010
22556,1220,25931,6090
22555,1200,25931,15009
22554,1210,25931,16090
22559,1200,25932,15040
22558,1210,25932,16090
22560,1220,25932,22010
22564,1220,25933,6085
22563,1200,25933,15020
22562,1210,25933,16090
22566,1210,25934,16090
22568,1220,25934,17050
22567,1200,25934,20155
22572,1220,25935,6087
22570,1210,25935,16090
22571,1200,25935,25517
22576,1220,25936,6180
22574,1210,25936,16090
22575,1200,25936,25333
22579,1200,25937,2210
22580,1220,25937,6040
22578,1210,25937,16090
22582,1210,25938,4130
22583,1200,25938,15030
22584,1220,25938,22010
22586,1210,25939,4130
22588,1220,25939,6090
22587,1200,25939,15009
22590,1210,25940,4130
22591,1200,25940,15040
22592,1220,25940,22010
22594,1210,25941,4130
22596,1220,25941,6085
22595,1200,25941,15020
22598,1210,25942,4130
22600,1220,25942,17050
22599,1200,25942,20155
22602,1210,25943,4130
22604,1220,25943,6087
22603,1200,25943,25517
22606,1210,25944,4130
22608,1220,25944,6180
22607,1200,25944,25333
22611,1200,25945,15030
22612,1220,25945,22010
22610,1210,25945,25891
22616,1220,25946,6090
22615,1200,25946,15009
22614,1210,25946,25891
22619,1200,25947,15040
22620,1220,25947,22010
22618,1210,25947,25891
22624,1220,25948,6085
22623,1200,25948,15020
22622,1210,25948,25891
22628,1220,25949,17050
22627,1200,25949,20155
22626,1210,25949,25891
22632,1220,25950,6087
22631,1200,25950,25517
22630,1210,25950,25891
22636,1220,25951,6180
22635,1200,25951,25333
22634,1210,25951,25891
22639,1200,25952,15030
22640,1220,25952,22010
22638,1210,25952,25892
22644,1220,25953,6090
22643,1200,25953,15009
22642,1210,25953,25892
22647,1200,25954,15040
22648,1220,25954,22010
22646,1210,25954,25892
22652,1220,25955,6085
22651,1200,25955,15020
22650,1210,25955,25892
22656,1220,25956,17050
22655,1200,25956,20155
22654,1210,25956,25892
22660,1220,25957,6087
22659,1200,25957,25517
22658,1210,25957,25892
22664,1220,25958,6180
22663,1200,25958,25333
22662,1210,25958,25892
22667,1200,25959,15030
22668,1220,25959,22010
22666,1210,25959,25893
22672,1220,25960,6090
22671,1200,25960,15009
22670,1210,25960,25893
22675,1200,25961,15040
22676,1220,25961,22010
22674,1210,25961,25893
22680,1220,25962,6085
22679,1200,25962,15020
22678,1210,25962,25893
22684,1220,25963,17050
22683,1200,25963,20155
22682,1210,25963,25893
22688,1220,25964,6087
22687,1200,25964,25517
22686,1210,25964,25893
22692,1220,25965,6180
22691,1200,25965,25333
22690,1210,25965,25893
22695,1200,25966,15030
22696,1220,25966,22010
22694,1210,25966,25894
22700,1220,25967,6090
22699,1200,25967,15009
22698,1210,25967,25894
22703,1200,25968,15040
22704,1220,25968,22010
22702,1210,25968,25894
22708,1220,25969,6085
22707,1200,25969,15020
22706,1210,25969,25894
22712,1220,25970,17050
22711,1200,25970,20155
22710,1210,25970,25894
22716,1220,25971,6087
22715,1200,25971,25517
22714,1210,25971,25894
22720,1220,25972,6180
22719,1200,25972,25333
22718,1210,25972,25894
22722,1105,25973,1130
22723,1190,25973,25974
22724,1190,25973,25975
22725,1190,25973,25976
22726,1190,25973,25977
22727,1190,25973,25978
22728,1190,25973,25979
22730,1200,25980,2054
22729,1210,25980,4020
22731,1220,25980,6060
22733,1200,25981,2058
22732,1210,25981,4020
22734,1220,25981,6060
22735,1105,25982,1110
22736,1210,25983,16090
22737,1200,25983,25257
22738,1220,25983,25982
22740,1105,25984,1110
22741,1210,25985,16090
22742,1200,25985,25785
22743,1220,25985,25984
22745,1105,25986,1110
22746,1210,25987,16090
22747,1200,25987,25258
22748,1220,25987,25986
22750,1105,25988,1110
22751,1210,25989,16090
22752,1200,25989,25320
22753,1220,25989,25988
22755,1105,25990,1110
22756,1210,25991,16090
22757,1200,25991,20003
22758,1220,25991,25990
22760,1105,25992,1110
22761,1210,25993,16090
22762,1200,25993,25349
22763,1220,25993,25992
22765,1210,25994,4130
22766,1200,25994,25257
22767,1220,25994,25982
22769,1210,25995,4130
22770,1200,25995,25785
22771,1220,25995,25984
22773,1210,25996,4130
22774,1200,25996,25258
22775,1220,25996,25986
22777,1210,25997,4130
22778,1200,25997,25320
22779,1220,25997,25988
22781,1210,25998,4130
22782,1200,25998,20003
22783,1220,25998,25990
22786,1200,25999,25257
22785,1210,25999,25891
22787,1220,25999,25982
22790,1200,26000,25785
22789,1210,26000,25891
22791,1220,26000,25984
22794,1200,26001,25258
22793,1210,26001,25891
22795,1220,26001,25986
22798,1200,26002,25320
22797,1210,26002,25891
22799,1220,26002,25988
22802,1200,26003,20003
22801,1210,26003,25891
22803,1220,26003,25990
22805,1105,26004,1110
22807,1200,26005,25257
22806,1210,26005,25892
22808,1220,26005,26004
22810,1105,26006,1110
22812,1200,26007,25785
22811,1210,26007,25892
22813,1220,26007,26006
22815,1105,26008,1110
22817,1200,26009,25258
22816,1210,26009,25892
22818,1220,26009,26008
22820,1105,26010,1110
22822,1200,26011,25320
22821,1210,26011,25892
22823,1220,26011,26010
22825,1105,26012,1110
22827,1200,26013,20003
22826,1210,26013,25892
22828,1220,26013,26012
22830,1105,26014,1110
22832,1200,26015,25257
22831,1210,26015,25893
22833,1220,26015,26014
22835,1105,26016,1110
22837,1200,26017,25785
22836,1210,26017,25893
22838,1220,26017,26016
22840,1105,26018,1110
22842,1200,26019,25258
22841,1210,26019,25893
22843,1220,26019,26018
22845,1105,26020,1110
22847,1200,26021,25320
22846,1210,26021,25893
22848,1220,26021,26020
22850,1105,26022,1110
22852,1200,26023,20003
22851,1210,26023,25893
22853,1220,26023,26022
22855,1105,26024,1110
22857,1200,26025,25257
22856,1210,26025,25894
22858,1220,26025,26024
22860,1105,26026,1110
22862,1200,26027,25785
22861,1210,26027,25894
22863,1220,26027,26026
22865,1105,26028,1110
22867,1200,26029,25258
22866,1210,26029,25894
22868,1220,26029,26028
22870,1105,26030,1110
22872,1200,26031,25320
22871,1210,26031,25894
22873,1220,26031,26030
22875,1105,26032,1110
22877,1200,26033,20003
22876,1210,26033,25894
22878,1220,26033,26032
22880,1210,26034,4130
22881,1200,26034,25349
22882,1220,26034,25992
22885,1200,26035,25349
22884,1210,26035,25891
22886,1220,26035,25992
22888,1105,26036,1110
22890,1200,26037,25349
22889,1210,26037,25892
22891,1220,26037,26036
22893,1105,26038,1110
22895,1200,26039,25349
22894,1210,26039,25893
22896,1220,26039,26038
22898,1105,26040,1110
22900,1200,26041,25349
22899,1210,26041,25894
22901,1220,26041,26040
22903,1210,26042,16090
22905,1220,26042,17050
22904,1200,26042,20156
22907,1210,26043,16090
22909,1220,26043,17050
22908,1200,26043,20160
22911,1210,26044,4130
22913,1220,26044,17050
22912,1200,26044,20156
22915,1210,26045,4130
22917,1220,26045,17050
22916,1200,26045,20160
22921,1220,26046,17050
22920,1200,26046,20156
22919,1210,26046,25891
22925,1220,26047,17050
22924,1200,26047,20160
22923,1210,26047,25891
22929,1220,26048,17050
22928,1200,26048,20156
22927,1210,26048,25892
22933,1220,26049,17050
22932,1200,26049,20160
22931,1210,26049,25892
22937,1220,26050,17050
22936,1200,26050,20156
22935,1210,26050,25893
22941,1220,26051,17050
22940,1200,26051,20160
22939,1210,26051,25893
22945,1220,26052,17050
22944,1200,26052,20156
22943,1210,26052,25894
22949,1220,26053,17050
22948,1200,26053,20160
22947,1210,26053,25894
22951,1210,26054,16090
22953,1220,26054,17090
22952,1200,26054,20131
22955,1210,26055,4130
22957,1220,26055,17090
22956,1200,26055,20131
22961,1220,26056,17090
22960,1200,26056,20131
22959,1210,26056,25891
22965,1220,26057,17090
22964,1200,26057,20131
22963,1210,26057,25892
22969,1220,26058,17090
22968,1200,26058,20131
22967,1210,26058,25893
22973,1220,26059,17090
22972,1200,26059,20131
22971,1210,26059,25894
22976,1225,26060,1360
22975,1225,26060,1362
22977,1210,26061,4030
22979,1220,26061,25973
22978,1200,26061,26060
22980,1225,26062,1362
22981,1210,26063,4030
22983,1220,26063,25973
22982,1200,26063,26062
22985,1200,26064,2550
22984,1210,26064,4030
22986,1220,26064,25973
22987,1210,26065,4030
22988,1200,26065,20002
22989,1220,26065,25973
22990,1105,26066,1130
22991,1190,26066,26067
22992,1190,26066,26068
22993,1190,26066,26069
22994,1190,26066,26070
22995,1190,26066,26071
22996,1190,26066,26072
22997,1190,26066,26073
22998,1190,26066,26074
22999,1190,26066,26075
23000,1190,26066,26076
23001,1190,26066,26077
23002,1190,26066,26078
23004,1200,26079,2240
23003,1210,26079,4030
23005,1220,26079,26066
23008,1220,26081,6060
23007,1200,26081,15030
23006,1210,26081,26080
23009,1210,26082,4111
23011,1220,26082,6060
23010,1200,26082,26083
23012,1225,26083,8580
23014,1200,26084,2128
23013,1210,26084,4030
23015,1220,26084,6086
23016,1225,26085,8580
23017,1210,26086,4030
23019,1220,26086,6040
23018,1200,26086,26085
23020,1225,26087,8580
23021,1210,26088,4030
23023,1220,26088,6095
23022,1200,26088,26087
23024,1105,26089,1130
23025,1190,26089,26090
23026,1190,26089,26091
23027,1190,26089,26092
23028,1190,26089,26093
23029,1190,26089,26094
23030,1105,26096,1130
23031,1190,26096,26097
23032,1190,26096,26098
23033,1190,26096,26099
23034,1190,26096,26100
23035,1190,26096,26101
23036,1225,26102,1440
23037,1105,26103,1130
23038,1190,26103,26104
23039,1190,26103,26105
23040,1190,26103,26106
23041,1190,26103,26107
23042,1225,26108,1362
23043,1210,26110,26095
23045,1220,26110,26096
23044,1200,26110,26108
23046,1225,26111,1362
23047,1210,26112,26095
23049,1220,26112,26096
23048,1200,26112,26111
23050,1225,26113,1362
23051,1210,26114,26095
23053,1220,26114,26096
23052,1200,26114,26113
23054,1225,26115,1362
23055,1210,26116,26095
23057,1220,26116,26096
23056,1200,26116,26115
23058,1225,26117,1362
23059,1210,26118,26095
23061,1220,26118,26096
23060,1200,26118,26117
23062,1225,26119,1362
23063,1210,26120,26095
23065,1220,26120,26096
23064,1200,26120,26119
23066,1225,26121,1362
23067,1210,26122,26095
23069,1220,26122,26096
23068,1200,26122,26121
23070,1225,26123,1362
23071,1210,26124,26095
23073,1220,26124,26096
23072,1200,26124,26123
23074,1225,26125,1362
23075,1210,26126,26095
23077,1220,26126,26096
23076,1200,26126,26125
23078,1225,26127,1362
23079,1210,26128,26095
23081,1220,26128,26096
23080,1200,26128,26127
23082,1225,26129,1362
23085,1220,26131,26103
23084,1200,26131,26129
23083,1210,26131,26130
23089,1225,26133,1340
23090,1210,26134,4130
23092,1220,26134,6085
23091,1200,26134,26133
23095,1220,26135,6090
23094,1200,26135,15009
23093,1210,26135,25338
23096,1225,26136,1362
23100,1225,26138,1362
23101,1210,26139,26095
23103,1220,26139,26096
23102,1200,26139,26138
23104,1225,26140,1362
23105,1210,26141,26095
23107,1220,26141,26096
23106,1200,26141,26140
23108,1225,26142,1362
23109,1210,26143,26095
23111,1220,26143,26096
23110,1200,26143,26142
23112,1225,26144,1362
23115,1220,26145,26103
23113,1210,26145,26130
23114,1200,26145,26144
23116,1225,26146,1362
23119,1220,26147,26103
23117,1210,26147,26130
23118,1200,26147,26146
23120,1225,26148,1362
23123,1220,26149,26103
23121,1210,26149,26130
23122,1200,26149,26148
23124,1225,26150,1362
23125,1210,26151,26095
23127,1220,26151,26096
23126,1200,26151,26150
23128,1225,26152,1362
23129,1210,26153,26095
23131,1220,26153,26096
23130,1200,26153,26152
23132,1225,26154,1362
23133,1210,26155,26095
23135,1220,26155,26096
23134,1200,26155,26154
23136,1225,26156,1362
23137,1210,26157,26095
23139,1220,26157,26096
23138,1200,26157,26156
23140,1225,26158,1362
23141,1210,26159,26095
23143,1220,26159,26096
23142,1200,26159,26158
23144,1225,26160,1362
23145,1210,26161,26095
23147,1220,26161,26096
23146,1200,26161,26160
23149,1225,26162,1340
23150,1105,26163,1130
23151,1190,26163,26164
23152,1190,26163,26165
23153,1190,26163,26166
23154,1190,26163,26167
23155,1190,26163,26168
23156,1210,26169,25812
23157,1200,26169,26162
23158,1220,26169,26163
23159,1225,26171,1362
23160,1210,26172,26095
23162,1220,26172,26096
23161,1200,26172,26171
23163,1225,26173,1362
23164,1225,26174,1362
23165,1225,26175,1362
23166,1225,26176,1362
23167,1225,26177,1362
23168,1225,26178,1362
23169,1210,26179,26095
23171,1220,26179,26096
23170,1200,26179,26177
23172,1210,26180,26095
23174,1220,26180,26096
23173,1200,26180,26178
23175,1210,26181,26095
23177,1220,26181,26096
23176,1200,26181,26173
23178,1210,26182,26095
23180,1220,26182,26096
23179,1200,26182,26174
23181,1210,26183,26095
23183,1220,26183,26096
23182,1200,26183,26175
23184,1210,26184,26095
23186,1220,26184,26096
23185,1200,26184,26176
23188,1225,26185,1440
23189,1225,26186,8580
23192,1220,26188,6060
23191,1200,26188,26186
23190,1210,26188,26187
23193,1210,26189,4030
23195,1220,26189,26066
23194,1200,26189,26185
23196,1225,26190,1380
23197,1225,26191,1380
23198,1225,26192,1380
23199,1225,26193,1380
23200,1225,26194,1380
23201,1225,26195,1380
23202,1225,26196,1380
23203,1225,26197,1380
23204,1225,26198,1380
23205,1225,26199,1380
23206,1225,26200,1380
23207,1225,26201,1380
23208,1225,26202,1380
23209,1225,26203,1380
23210,1225,26204,1380
23211,1225,26205,1380
23212,1225,26206,1380
23213,1225,26207,1380
23214,1225,26208,1380
23215,1225,26209,1380
23216,1225,26210,1380
23217,1225,26211,1380
23218,1225,26212,1380
23219,1225,26213,1380
23220,1225,26214,1380
23221,1225,26215,1380
23222,1225,26216,1380
23223,1225,26217,1380
23224,1225,26218,1380
23225,1225,26219,1380
23226,1225,26220,1380
23227,1225,26221,1380
23228,1225,26222,1380
23229,1225,26223,1380
23230,1225,26224,1380
23231,1225,26225,1380
23232,1225,26226,1380
23233,1225,26227,1380
23234,1225,26228,1380
23235,1225,26229,1380
23236,1225,26230,1380
23237,1225,26231,1380
23238,1225,26232,1380
23239,1225,26233,1380
23240,1225,26234,1380
23241,1225,26235,1380
23242,1225,26236,1380
23243,1225,26237,1380
23244,1225,26238,1380
23245,1225,26239,1380
23246,1225,26240,1380
23247,1225,26241,1380
23248,1225,26242,1380
23249,1225,26243,1380
23250,1225,26244,1380
23251,1225,26245,1380
23252,1225,26246,1380
23253,1225,26247,1380
23254,1225,26248,1380
23255,1225,26249,1380
23256,1225,26250,1380
23257,1225,26251,1380
23258,1225,26252,1380
23259,1225,26253,1380
23260,1225,26254,1380
23261,1225,26255,1380
23262,1225,26256,1380
23263,1225,26257,1380
23264,1225,26258,1380
23265,1225,26259,1380
23266,1225,26260,1380
23267,1225,26261,1380
23268,1225,26262,1380
23269,1225,26263,1380
23270,1225,26264,1380
23271,1225,26265,1380
23272,1225,26266,1380
23273,1225,26267,1380
23274,1225,26268,1380
23275,1225,26269,1380
23276,1225,26270,1380
23277,1225,26271,1380
23278,1225,26272,1380
23279,1225,26273,1380
23280,1225,26274,1380
23281,1225,26275,1380
23282,1225,26276,1380
23283,1225,26277,1380
23284,1225,26278,1380
23285,1225,26279,1380
23286,1225,26280,1380
23287,1225,26281,1380
23288,1225,26282,1380
23289,1225,26283,1380
23450,1210,26317,4031
23577,1220,26317,6020
23323,1200,26317,26190
23451,1210,26318,4031
23578,1220,26318,6020
23324,1200,26318,26191
23452,1210,26319,4031
23579,1220,26319,6020
23325,1200,26319,26192
23453,1210,26320,4031
23580,1220,26320,6020
23326,1200,26320,26193
23454,1210,26321,4031
23581,1220,26321,6020
23327,1200,26321,26194
23455,1210,26322,4031
23582,1220,26322,6020
23328,1200,26322,26194
23456,1210,26323,4031
23583,1220,26323,6020
23329,1200,26323,26195
23457,1210,26324,4031
23584,1220,26324,6020
23330,1200,26324,26196
23458,1210,26325,4031
23585,1220,26325,6020
23331,1200,26325,26197
23459,1210,26326,4031
23586,1220,26326,6020
23332,1200,26326,26198
23460,1210,26327,4031
23587,1220,26327,6020
23333,1200,26327,26199
23461,1210,26328,4031
23588,1220,26328,6020
23334,1200,26328,26200
23462,1210,26329,4031
23589,1220,26329,6020
23335,1200,26329,26201
23463,1210,26330,4031
23590,1220,26330,6020
23336,1200,26330,26202
23337,1200,26331,2655
23464,1210,26331,4031
23591,1220,26331,6020
23465,1210,26332,4031
23592,1220,26332,6020
23338,1200,26332,26203
23466,1210,26333,4031
23593,1220,26333,6020
23339,1200,26333,26204
23467,1210,26334,4031
23594,1220,26334,6020
23340,1200,26334,26205
23468,1210,26335,4031
23595,1220,26335,6020
23341,1200,26335,26206
23469,1210,26336,4031
23596,1220,26336,6020
23342,1200,26336,26207
23470,1210,26337,4031
23597,1220,26337,6020
23343,1200,26337,26208
23471,1210,26338,4031
23598,1220,26338,6020
23344,1200,26338,26209
23472,1210,26339,4031
23599,1220,26339,6020
23345,1200,26339,26210
23473,1210,26340,4031
23600,1220,26340,6020
23346,1200,26340,26211
23474,1210,26341,4031
23601,1220,26341,6020
23347,1200,26341,26212
23475,1210,26342,4031
23602,1220,26342,6020
23348,1200,26342,26213
23476,1210,26343,4031
23603,1220,26343,6020
23349,1200,26343,26214
23477,1210,26344,4031
23604,1220,26344,6020
23350,1200,26344,26215
23478,1210,26345,4031
23605,1220,26345,6020
23351,1200,26345,26216
23479,1210,26346,4031
23606,1220,26346,6020
23352,1200,26346,26217
23480,1210,26347,4031
23607,1220,26347,6020
23353,1200,26347,26218
23481,1210,26348,4031
23608,1220,26348,6020
23354,1200,26348,26219
23482,1210,26349,4031
23609,1220,26349,6020
23355,1200,26349,26220
23483,1210,26350,4032
23610,1220,26350,6020
23356,1200,26350,26221
23484,1210,26351,4032
23611,1220,26351,6020
23357,1200,26351,26221
23485,1210,26352,4032
23612,1220,26352,6020
23358,1200,26352,26222
23486,1210,26353,4032
23613,1220,26353,6020
23359,1200,26353,26223
23487,1210,26354,4032
23614,1220,26354,6020
23360,1200,26354,26224
23488,1210,26355,4032
23615,1220,26355,6020
23361,1200,26355,26225
23489,1210,26356,4032
23616,1220,26356,6020
23362,1200,26356,26226
23490,1210,26357,4032
23617,1220,26357,6020
23363,1200,26357,26227
23491,1210,26358,4032
23618,1220,26358,6020
23364,1200,26358,26228
23492,1210,26359,4032
23619,1220,26359,6020
23365,1200,26359,26229
23493,1210,26360,4032
23620,1220,26360,6020
23366,1200,26360,26230
23494,1210,26361,4032
23621,1220,26361,6020
23367,1200,26361,26231
23495,1210,26362,4032
23622,1220,26362,6020
23368,1200,26362,26232
23496,1210,26363,4032
23623,1220,26363,6020
23369,1200,26363,26233
23497,1210,26364,4032
23624,1220,26364,6020
23370,1200,26364,26234
23498,1210,26365,4032
23625,1220,26365,6020
23371,1200,26365,26235
23499,1210,26366,4032
23626,1220,26366,6020
23372,1200,26366,26102
23500,1210,26367,4032
23627,1220,26367,6020
23373,1200,26367,26236
23374,1200,26368,2058
23501,1210,26368,4032
23628,1220,26368,6020
23502,1210,26369,4032
23629,1220,26369,6020
23375,1200,26369,26237
23503,1210,26370,4032
23630,1220,26370,6020
23376,1200,26370,26238
23504,1210,26371,4032
23631,1220,26371,6020
23377,1200,26371,26239
23505,1210,26372,4032
23632,1220,26372,6020
23378,1200,26372,26240
23506,1210,26373,4032
23633,1220,26373,6020
23379,1200,26373,26241
23507,1210,26374,4032
23634,1220,26374,6020
23380,1200,26374,26242
23508,1210,26375,4032
23635,1220,26375,6020
23381,1200,26375,26243
23509,1210,26376,4032
23636,1220,26376,6020
23382,1200,26376,26244
23510,1210,26377,4032
23637,1220,26377,6020
23383,1200,26377,26245
23511,1210,26378,4032
23638,1220,26378,6020
23384,1200,26378,26246
23512,1210,26379,4032
23639,1220,26379,6020
23385,1200,26379,26247
23513,1210,26380,4032
23640,1220,26380,6020
23386,1200,26380,26248
23514,1210,26381,4032
23641,1220,26381,6020
23387,1200,26381,26249
23515,1210,26382,4032
23642,1220,26382,6020
23388,1200,26382,26250
23516,1210,26383,4032
23643,1220,26383,6020
23389,1200,26383,26251
23517,1210,26384,4032
23644,1220,26384,6020
23390,1200,26384,26252
23518,1210,26385,4032
23645,1220,26385,6020
23391,1200,26385,26253
23519,1210,26386,4032
23646,1220,26386,6020
23392,1200,26386,26254
23520,1210,26387,4032
23647,1220,26387,6020
23393,1200,26387,26255
23521,1210,26388,4032
23648,1220,26388,6020
23394,1200,26388,26256
23522,1210,26389,4032
23649,1220,26389,6020
23395,1200,26389,26257
23523,1210,26390,4032
23650,1220,26390,6020
23396,1200,26390,26258
23524,1210,26391,4032
23651,1220,26391,6020
23397,1200,26391,26259
23525,1210,26392,4032
23652,1220,26392,6020
23398,1200,26392,26260
23526,1210,26393,4032
23653,1220,26393,6020
23399,1200,26393,26261
23527,1210,26394,4032
23654,1220,26394,6020
23400,1200,26394,26262
23528,1210,26395,4032
23655,1220,26395,6020
23401,1200,26395,26259
23529,1210,26396,4032
23656,1220,26396,6020
23402,1200,26396,26263
23530,1210,26397,4032
23657,1220,26397,6020
23403,1200,26397,26264
23531,1210,26398,4032
23658,1220,26398,6020
23404,1200,26398,26265
23532,1210,26399,4032
23659,1220,26399,6020
23405,1200,26399,26266
23533,1210,26400,4032
23660,1220,26400,6020
23406,1200,26400,26267
23407,1200,26401,2300
23534,1210,26401,4032
23661,1220,26401,6020
23535,1210,26402,4032
23662,1220,26402,6020
23408,1200,26402,26268
23536,1210,26403,4032
23663,1220,26403,6020
23409,1200,26403,26269
23537,1210,26404,4032
23664,1220,26404,6020
23410,1200,26404,26270
23538,1210,26405,4032
23665,1220,26405,6020
23411,1200,26405,26271
23539,1210,26406,4032
23666,1220,26406,6020
23412,1200,26406,26272
23540,1210,26407,4032
23667,1220,26407,6020
23413,1200,26407,26273
23541,1210,26408,4032
23668,1220,26408,6020
23414,1200,26408,26274
23542,1210,26409,4032
23669,1220,26409,6020
23415,1200,26409,26275
23543,1210,26410,4032
23670,1220,26410,6020
23416,1200,26410,26276
23544,1210,26411,4032
23671,1220,26411,6020
23417,1200,26411,26277
23418,1200,26412,2220
23545,1210,26412,4032
23672,1220,26412,6020
23546,1210,26413,4032
23673,1220,26413,6020
23419,1200,26413,26278
23547,1210,26414,4032
23674,1220,26414,6020
23420,1200,26414,26279
23548,1210,26415,4032
23675,1220,26415,6020
23421,1200,26415,26280
23549,1210,26416,4032
23676,1220,26416,6020
23422,1200,26416,26281
23550,1210,26417,4032
23677,1220,26417,6020
23423,1200,26417,26282
23551,1210,26418,4032
23678,1220,26418,6020
23424,1200,26418,26283
23720,1200,26419,2208
23721,1210,26419,4030
23722,1220,26419,6020
