cvtermprop_id,cvterm_id,type_id,value,rank
21014,1901,8048,2015-12-07T19:25:12.000Z,0
21015,1902,8048,2015-12-07T19:25:12.000Z,0
21016,1903,8048,2015-12-07T19:25:12.000Z,0
21017,1904,8048,2015-12-07T19:25:12.000Z,0
21018,1905,8048,2015-12-07T19:25:12.000Z,0
21019,1906,8048,2015-12-07T19:25:12.000Z,0
21020,1907,8048,2015-12-07T19:25:12.000Z,0
21021,1908,8048,2015-12-07T19:25:12.000Z,0
21022,1909,8048,2015-12-07T19:25:12.000Z,0
21023,1910,8048,2015-12-07T19:25:12.000Z,0
20681,2000,8048,2015-12-07T19:25:12.000Z,0
20682,2002,8048,2015-12-07T19:25:12.000Z,0
20683,2010,8048,2015-12-07T19:25:12.000Z,0
20684,2012,8048,2015-12-07T19:25:12.000Z,0
20685,2014,8048,2015-12-07T19:25:12.000Z,0
20686,2015,8048,2015-12-07T19:25:12.000Z,0
20687,2020,8048,2015-12-07T19:25:12.000Z,0
20688,2030,8048,2015-12-07T19:25:12.000Z,0
20689,2040,8048,2015-12-07T19:25:12.000Z,0
20690,2045,8048,2015-12-07T19:25:12.000Z,0
20691,2050,8048,2015-12-07T19:25:12.000Z,0
20692,2052,8048,2015-12-07T19:25:12.000Z,0
20693,2053,8048,2015-12-07T19:25:12.000Z,0
20694,2054,8048,2015-12-07T19:25:12.000Z,0
20695,2056,8048,2015-12-07T19:25:12.000Z,0
20696,2058,8048,2015-12-07T19:25:12.000Z,0
20697,2060,8048,2015-12-07T19:25:12.000Z,0
20698,2065,8048,2015-12-07T19:25:12.000Z,0
20699,2070,8048,2015-12-07T19:25:12.000Z,0
20700,2080,8048,2015-12-07T19:25:12.000Z,0
20701,2090,8048,2015-12-07T19:25:12.000Z,0
20702,2100,8048,2015-12-07T19:25:12.000Z,0
20703,2105,8048,2015-12-07T19:25:12.000Z,0
20704,2110,8048,2015-12-07T19:25:12.000Z,0
20705,2120,8048,2015-12-07T19:25:12.000Z,0
20706,2122,8048,2015-12-07T19:25:12.000Z,0
20707,2123,8048,2015-12-07T19:25:12.000Z,0
20708,2124,8048,2015-12-07T19:25:12.000Z,0
20709,2126,8048,2015-12-07T19:25:12.000Z,0
20710,2128,8048,2015-12-07T19:25:12.000Z,0
20711,2129,8048,2015-12-07T19:25:12.000Z,0
20712,2130,8048,2015-12-07T19:25:12.000Z,0
20713,2140,8048,2015-12-07T19:25:12.000Z,0
20714,2141,8048,2015-12-07T19:25:12.000Z,0
20715,2142,8048,2015-12-07T19:25:12.000Z,0
20716,2143,8048,2015-12-07T19:25:12.000Z,0
20717,2144,8048,2015-12-07T19:25:12.000Z,0
20718,2145,8048,2015-12-07T19:25:12.000Z,0
20719,2146,8048,2015-12-07T19:25:12.000Z,0
20720,2147,8048,2015-12-07T19:25:12.000Z,0
20721,2148,8048,2015-12-07T19:25:12.000Z,0
20722,2149,8048,2015-12-07T19:25:12.000Z,0
20723,2150,8048,2015-12-07T19:25:12.000Z,0
20724,2151,8048,2015-12-07T19:25:12.000Z,0
20725,2152,8048,2015-12-07T19:25:12.000Z,0
20726,2153,8048,2015-12-07T19:25:12.000Z,0
20727,2154,8048,2015-12-07T19:25:12.000Z,0
20728,2155,8048,2015-12-07T19:25:12.000Z,0
20729,2160,8048,2015-12-07T19:25:12.000Z,0
20730,2170,8048,2015-12-07T19:25:12.000Z,0
20731,2180,8048,2015-12-07T19:25:12.000Z,0
20732,2182,8048,2015-12-07T19:25:12.000Z,0
20733,2190,8048,2015-12-07T19:25:12.000Z,0
20734,2191,8048,2015-12-07T19:25:12.000Z,0
20735,2200,8048,2015-12-07T19:25:12.000Z,0
20736,2204,8048,2015-12-07T19:25:12.000Z,0
20737,2205,8048,2015-12-07T19:25:12.000Z,0
20738,2206,8048,2015-12-07T19:25:12.000Z,0
20739,2207,8048,2015-12-07T19:25:12.000Z,0
20740,2208,8048,2015-12-07T19:25:12.000Z,0
20741,2209,8048,2015-12-07T19:25:12.000Z,0
20742,2210,8048,2015-12-07T19:25:12.000Z,0
20743,2220,8048,2015-12-07T19:25:12.000Z,0
20744,2230,8048,2015-12-07T19:25:12.000Z,0
20745,2240,8048,2015-12-07T19:25:12.000Z,0
20746,2250,8048,2015-12-07T19:25:12.000Z,0
20747,2260,8048,2015-12-07T19:25:12.000Z,0
20748,2270,8048,2015-12-07T19:25:12.000Z,0
20749,2280,8048,2015-12-07T19:25:12.000Z,0
20750,2285,8048,2015-12-07T19:25:12.000Z,0
20751,2290,8048,2015-12-07T19:25:12.000Z,0
20752,2300,8048,2015-12-07T19:25:12.000Z,0
20753,2305,8048,2015-12-07T19:25:12.000Z,0
20754,2310,8048,2015-12-07T19:25:12.000Z,0
20755,2320,8048,2015-12-07T19:25:12.000Z,0
20756,2325,8048,2015-12-07T19:25:12.000Z,0
20757,2330,8048,2015-12-07T19:25:12.000Z,0
20758,2340,8048,2015-12-07T19:25:12.000Z,0
20759,2350,8048,2015-12-07T19:25:12.000Z,0
20760,2360,8048,2015-12-07T19:25:12.000Z,0
20761,2370,8048,2015-12-07T19:25:12.000Z,0
20762,2380,8048,2015-12-07T19:25:12.000Z,0
20763,2390,8048,2015-12-07T19:25:12.000Z,0
20764,2400,8048,2015-12-07T19:25:12.000Z,0
20765,2403,8048,2015-12-07T19:25:12.000Z,0
20766,2405,8048,2015-12-07T19:25:12.000Z,0
20767,2410,8048,2015-12-07T19:25:12.000Z,0
20768,2420,8048,2015-12-07T19:25:12.000Z,0
20769,2430,8048,2015-12-07T19:25:12.000Z,0
20770,2440,8048,2015-12-07T19:25:12.000Z,0
20771,2450,8048,2015-12-07T19:25:12.000Z,0
20772,2451,8048,2015-12-07T19:25:12.000Z,0
20773,2452,8048,2015-12-07T19:25:12.000Z,0
20774,2460,8048,2015-12-07T19:25:12.000Z,0
20775,2470,8048,2015-12-07T19:25:12.000Z,0
20776,2475,8048,2015-12-07T19:25:12.000Z,0
20777,2477,8048,2015-12-07T19:25:12.000Z,0
20778,2478,8048,2015-12-07T19:25:12.000Z,0
20779,2480,8048,2015-12-07T19:25:12.000Z,0
20780,2481,8048,2015-12-07T19:25:12.000Z,0
20781,2482,8048,2015-12-07T19:25:12.000Z,0
20782,2490,8048,2015-12-07T19:25:12.000Z,0
20783,2495,8048,2015-12-07T19:25:12.000Z,0
20784,2500,8048,2015-12-07T19:25:12.000Z,0
20785,2510,8048,2015-12-07T19:25:12.000Z,0
20786,2515,8048,2015-12-07T19:25:12.000Z,0
20787,2520,8048,2015-12-07T19:25:12.000Z,0
20788,2530,8048,2015-12-07T19:25:12.000Z,0
20789,2540,8048,2015-12-07T19:25:12.000Z,0
20790,2550,8048,2015-12-07T19:25:12.000Z,0
20791,2560,8048,2015-12-07T19:25:12.000Z,0
20792,2570,8048,2015-12-07T19:25:12.000Z,0
20793,2580,8048,2015-12-07T19:25:12.000Z,0
20794,2590,8048,2015-12-07T19:25:12.000Z,0
20795,2600,8048,2015-12-07T19:25:12.000Z,0
20796,2610,8048,2015-12-07T19:25:12.000Z,0
20797,2620,8048,2015-12-07T19:25:12.000Z,0
20798,2630,8048,2015-12-07T19:25:12.000Z,0
20799,2640,8048,2015-12-07T19:25:12.000Z,0
20800,2650,8048,2015-12-07T19:25:12.000Z,0
20801,2655,8048,2015-12-07T19:25:12.000Z,0
20802,2657,8048,2015-12-07T19:25:12.000Z,0
20803,2660,8048,2015-12-07T19:25:12.000Z,0
20804,2670,8048,2015-12-07T19:25:12.000Z,0
20805,2680,8048,2015-12-07T19:25:12.000Z,0
20806,2690,8048,2015-12-07T19:25:12.000Z,0
20807,2700,8048,2015-12-07T19:25:12.000Z,0
20808,2710,8048,2015-12-07T19:25:12.000Z,0
20809,2720,8048,2015-12-07T19:25:12.000Z,0
20810,2730,8048,2015-12-07T19:25:12.000Z,0
20811,2740,8048,2015-12-07T19:25:12.000Z,0
20812,2750,8048,2015-12-07T19:25:12.000Z,0
20813,2760,8048,2015-12-07T19:25:12.000Z,0
20814,2770,8048,2015-12-07T19:25:12.000Z,0
20815,2780,8048,2015-12-07T19:25:12.000Z,0
20816,2790,8048,2015-12-07T19:25:12.000Z,0
20817,2800,8048,2015-12-07T19:25:12.000Z,0
20833,4000,8048,2015-12-07T19:25:12.000Z,0
20834,4010,8048,2015-12-07T19:25:12.000Z,0
20835,4020,8048,2015-12-07T19:25:12.000Z,0
20836,4025,8048,2015-12-07T19:25:12.000Z,0
20837,4030,8048,2015-12-07T19:25:12.000Z,0
20838,4040,8048,2015-12-07T19:25:12.000Z,0
20839,4050,8048,2015-12-07T19:25:12.000Z,0
20840,4060,8048,2015-12-07T19:25:12.000Z,0
20841,4070,8048,2015-12-07T19:25:12.000Z,0
20842,4080,8048,2015-12-07T19:25:12.000Z,0
20843,4090,8048,2015-12-07T19:25:12.000Z,0
20844,4100,8048,2015-12-07T19:25:12.000Z,0
20845,4110,8048,2015-12-07T19:25:12.000Z,0
20846,4111,8048,2015-12-07T19:25:12.000Z,0
20847,4112,8048,2015-12-07T19:25:12.000Z,0
20848,4113,8048,2015-12-07T19:25:12.000Z,0
20849,4120,8048,2015-12-07T19:25:12.000Z,0
20850,4130,8048,2015-12-07T19:25:12.000Z,0
20851,4140,8048,2015-12-07T19:25:12.000Z,0
20852,4150,8048,2015-12-07T19:25:12.000Z,0
20853,4160,8048,2015-12-07T19:25:12.000Z,0
20854,4170,8048,2015-12-07T19:25:12.000Z,0
20855,4180,8048,2015-12-07T19:25:12.000Z,0
20856,4190,8048,2015-12-07T19:25:12.000Z,0
20857,4200,8048,2015-12-07T19:25:12.000Z,0
20858,4210,8048,2015-12-07T19:25:12.000Z,0
20859,4250,8048,2015-12-07T19:25:12.000Z,0
20860,4260,8048,2015-12-07T19:25:12.000Z,0
20861,4270,8048,2015-12-07T19:25:12.000Z,0
20862,4280,8048,2015-12-07T19:25:12.000Z,0
20863,4290,8048,2015-12-07T19:25:12.000Z,0
20864,4300,8048,2015-12-07T19:25:12.000Z,0
20865,4310,8048,2015-12-07T19:25:12.000Z,0
20866,4320,8048,2015-12-07T19:25:12.000Z,0
20867,4330,8048,2015-12-07T19:25:12.000Z,0
20868,4340,8048,2015-12-07T19:25:12.000Z,0
20869,4350,8048,2015-12-07T19:25:12.000Z,0
20870,4360,8048,2015-12-07T19:25:12.000Z,0
20871,4370,8048,2015-12-07T19:25:12.000Z,0
20872,4380,8048,2015-12-07T19:25:12.000Z,0
20873,4390,8048,2015-12-07T19:25:12.000Z,0
20874,4400,8048,2015-12-07T19:25:12.000Z,0
20875,4410,8048,2015-12-07T19:25:12.000Z,0
20876,4420,8048,2015-12-07T19:25:12.000Z,0
20877,4430,8048,2015-12-07T19:25:12.000Z,0
20878,4440,8048,2015-12-07T19:25:12.000Z,0
20879,4450,8048,2015-12-07T19:25:12.000Z,0
20880,4460,8048,2015-12-07T19:25:12.000Z,0
20881,4470,8048,2015-12-07T19:25:12.000Z,0
20882,4480,8048,2015-12-07T19:25:12.000Z,0
20883,4490,8048,2015-12-07T19:25:12.000Z,0
20884,4520,8048,2015-12-07T19:25:12.000Z,0
20885,4530,8048,2015-12-07T19:25:12.000Z,0
20886,4540,8048,2015-12-07T19:25:12.000Z,0
20887,4550,8048,2015-12-07T19:25:12.000Z,0
20888,4560,8048,2015-12-07T19:25:12.000Z,0
20889,4570,8048,2015-12-07T19:25:12.000Z,0
21024,6000,8048,2015-12-07T19:25:12.000Z,0
21025,6010,8048,2015-12-07T19:25:12.000Z,0
21026,6014,8048,2015-12-07T19:25:12.000Z,0
21027,6015,8048,2015-12-07T19:25:12.000Z,0
21028,6016,8048,2015-12-07T19:25:12.000Z,0
21029,6020,8048,2015-12-07T19:25:12.000Z,0
21030,6025,8048,2015-12-07T19:25:12.000Z,0
21031,6030,8048,2015-12-07T19:25:12.000Z,0
21032,6035,8048,2015-12-07T19:25:12.000Z,0
21033,6036,8048,2015-12-07T19:25:12.000Z,0
21034,6040,8048,2015-12-07T19:25:12.000Z,0
21035,6041,8048,2015-12-07T19:25:12.000Z,0
21036,6042,8048,2015-12-07T19:25:12.000Z,0
21037,6045,8048,2015-12-07T19:25:12.000Z,0
21038,6050,8048,2015-12-07T19:25:12.000Z,0
21039,6060,8048,2015-12-07T19:25:12.000Z,0
21040,6064,8048,2015-12-07T19:25:12.000Z,0
21041,6065,8048,2015-12-07T19:25:12.000Z,0
21042,6066,8048,2015-12-07T19:25:12.000Z,0
21043,6067,8048,2015-12-07T19:25:12.000Z,0
21044,6070,8048,2015-12-07T19:25:12.000Z,0
21045,6080,8048,2015-12-07T19:25:12.000Z,0
21046,6084,8048,2015-12-07T19:25:12.000Z,0
21047,6085,8048,2015-12-07T19:25:12.000Z,0
21048,6086,8048,2015-12-07T19:25:12.000Z,0
21049,6087,8048,2015-12-07T19:25:12.000Z,0
21050,6088,8048,2015-12-07T19:25:12.000Z,0
21051,6089,8048,2015-12-07T19:25:12.000Z,0
21052,6090,8048,2015-12-07T19:25:12.000Z,0
21053,6095,8048,2015-12-07T19:25:12.000Z,0
20667,6100,1113,1.00,0
20674,6100,1115,14.00,0
21054,6105,8048,2015-12-07T19:25:12.000Z,0
21055,6110,8048,2015-12-07T19:25:12.000Z,0
21056,6115,8048,2015-12-07T19:25:12.000Z,0
21057,6120,8048,2015-12-07T19:25:12.000Z,0
21058,6130,8048,2015-12-07T19:25:12.000Z,0
21059,6140,8048,2015-12-07T19:25:12.000Z,0
21060,6150,8048,2015-12-07T19:25:12.000Z,0
21061,6160,8048,2015-12-07T19:25:12.000Z,0
21062,6170,8048,2015-12-07T19:25:12.000Z,0
21063,6180,8048,2015-12-07T19:25:12.000Z,0
21064,6190,8048,2015-12-07T19:25:12.000Z,0
20334,8005,1800,Study Detail,0
20335,8006,1800,Study Detail,0
20336,8007,1800,Study Detail,0
20337,8008,1800,Study Detail,0
20338,8009,1800,Study Detail,0
20339,8010,1800,Study Detail,0
20340,8020,1800,Study Detail,0
20341,8021,1800,Study Detail,0
20342,8030,1800,Study Detail,0
20343,8040,1800,Study Detail,0
20344,8045,1800,Study Detail,0
20345,8050,1800,Study Detail,0
20346,8060,1800,Study Detail,0
20347,8065,1800,Study Detail,0
20348,8066,1800,Study Detail,0
20349,8070,1800,Study Detail,0
20350,8071,1800,Study Detail,0
20351,8080,1800,Study Detail,0
20352,8090,1800,Study Detail,0
20353,8100,1800,Study Detail,0
20354,8110,1800,Study Detail,0
20355,8115,1800,Study Detail,0
21990,8116,1800,Environment Detail,1
21989,8116,1800,Study Detail,0
21992,8117,1800,Environment Detail,1
21991,8117,1800,Study Detail,0
21994,8118,1800,Environment Detail,1
21993,8118,1800,Study Detail,0
21996,8119,1800,Environment Detail,1
21995,8119,1800,Study Detail,0
20356,8120,1800,Study Detail,0
20357,8130,1800,Study Detail,0
20359,8131,1800,Experimental Design,1
20361,8132,1800,Experimental Design,1
20363,8133,1800,Experimental Design,1
20365,8134,1800,Experimental Design,1
20366,8135,1800,Environment Detail,0
20369,8136,1800,Experimental Design,1
20371,8137,1800,Experimental Design,1
20373,8138,1800,Experimental Design,1
20375,8139,1800,Experimental Design,1
20376,8140,1800,Study Detail,0
20378,8142,1800,Experimental Design,1
20380,8146,1800,Experimental Design,1
20381,8150,1800,Study Detail,0
20382,8155,1800,Study Detail,0
21276,8165,1800,Environment Detail,0
20384,8170,1800,Environment Detail,0
20386,8180,1800,Environment Detail,0
20388,8185,1800,Environment Detail,0
20389,8185,1800,Study Detail,1
20390,8186,1800,Environment Detail,0
21668,8186,8049,2020-12-01T20:02:23.520Z,0
20392,8189,1800,Environment Detail,0
20394,8190,1800,Environment Detail,0
20396,8191,1800,Environment Detail,0
20398,8192,1800,Environment Detail,0
20400,8193,1800,Environment Detail,0
20402,8194,1800,Environment Detail,0
20404,8195,1800,Environment Detail,0
20406,8196,1800,Environment Detail,0
20408,8200,1800,Experimental Design,0
21280,8201,1800,Germplasm Descriptor,0
21292,8205,1800,Observation Unit,0
21649,8205,8049,2021-02-01T22:57:47.052Z,0
21293,8206,1800,Observation Unit,0
21294,8207,1800,Observation Unit,0
20409,8210,1800,Experimental Design,0
20410,8220,1800,Experimental Design,0
20411,8221,1800,Experimental Design,0
20412,8221,1800,Treatment Factor,1
20413,8222,1800,Experimental Design,0
20414,8222,1800,Treatment Factor,1
20415,8230,1800,Germplasm Descriptor,0
20416,8240,1800,Germplasm Descriptor,0
20417,8241,1800,Experimental Design,0
20418,8241,1800,Treatment Factor,1
20419,8250,1800,Germplasm Descriptor,0
20420,8251,1800,Study Detail,0
20421,8252,1800,Selection Method,0
20422,8253,1800,Experimental Design,0
20423,8255,1800,Germplasm Descriptor,0
20424,8256,1800,Study Detail,0
20425,8257,1800,Study Detail,0
20426,8258,1800,Experimental Design,0
20427,8259,1800,Experimental Design,0
20428,8260,1800,Experimental Design,0
20429,8260,1800,Treatment Factor,1
20430,8261,1800,Selection Method,0
20431,8262,1800,Selection Method,0
20432,8263,1800,Selection Method,0
20433,8264,1800,Selection Method,0
20436,8266,1800,Selection Method,0
20437,8267,1800,Selection Method,0
20438,8268,1800,Selection Method,0
20440,8270,1800,Environment Condition,0
20442,8280,1800,Environment Detail,0
20443,8280,1800,Study Detail,1
20444,8282,1800,Experimental Design,0
20445,8282,1800,Treatment Factor,1
20446,8284,1800,Experimental Design,0
20447,8284,1800,Treatment Factor,1
20448,8300,1800,Germplasm Descriptor,0
20449,8310,1800,Germplasm Descriptor,0
20450,8320,1800,Germplasm Descriptor,0
20451,8330,1800,Germplasm Descriptor,0
20452,8340,1800,Germplasm Descriptor,0
20453,8350,1800,Experimental Design,0
20454,8360,1800,Germplasm Descriptor,0
20455,8369,1800,Environment Detail,0
20456,8369,1800,Study Detail,1
20457,8370,1800,Environment Detail,0
20458,8370,1800,Study Detail,1
20459,8371,1800,Environment Detail,0
20460,8371,1800,Study Detail,1
20461,8372,1800,Environment Detail,0
20462,8372,1800,Study Detail,1
20463,8373,1800,Environment Detail,0
20464,8373,1800,Study Detail,1
20465,8377,1800,Germplasm Descriptor,0
20466,8378,1800,Germplasm Descriptor,0
20467,8380,1800,Experimental Design,0
20468,8383,1800,Environment Detail,0
21478,8383,8049,2019-12-03T15:39:36.555Z,0
20470,8384,1800,Environment Detail,0
20472,8385,1800,Environment Detail,0
20473,8385,1800,Study Detail,1
20474,8386,1800,Environment Detail,0
20476,8387,1800,Environment Detail,0
20478,8388,1800,Experimental Design,0
20479,8388,1800,Treatment Factor,1
20480,8390,1800,Trait,0
21475,8390,8049,2019-12-03T14:34:41.242Z,0
20481,8391,1800,Trait,0
20482,8392,1800,Trait,0
20483,8393,1800,Trait,0
20484,8400,1800,Experimental Design,0
20485,8410,1800,Experimental Design,0
20487,8411,1800,Experimental Design,1
20489,8412,1800,Experimental Design,1
20491,8413,1800,Experimental Design,1
20492,8581,1800,Experimental Design,0
20493,8582,1800,Experimental Design,0
20494,8583,1800,Environment Detail,0
20496,8584,1800,Environment Detail,0
20498,8590,1800,Experimental Design,0
20499,8600,1800,Experimental Design,0
20500,8600,1800,Treatment Factor,1
20501,8620,1800,Environment Detail,0
20503,8630,1800,Trait,0
20504,8640,1800,Environment Detail,0
20505,8640,1800,Study Detail,1
20506,8650,1800,Environment Detail,0
20507,8650,1800,Study Detail,1
20508,8660,1800,Environment Detail,0
20509,8660,1800,Study Detail,1
20510,8670,1800,Environment Detail,0
20511,8670,1800,Study Detail,1
20512,8680,1800,Study Detail,0
20513,8690,1800,Environment Detail,0
20515,8700,1800,Environment Detail,0
20517,8710,1800,Selection Method,0
20518,8720,1800,Environment Detail,0
20520,8730,1800,Environment Detail,0
20522,8740,1800,Environment Detail,0
20524,8750,1800,Environment Detail,0
20526,8760,1800,Environment Detail,0
20528,8770,1800,Environment Detail,0
20530,8780,1800,Environment Detail,0
20532,8790,1800,Environment Detail,0
20534,8800,1800,Environment Detail,0
20536,8810,1800,Environment Detail,0
20538,8820,1800,Environment Detail,0
20540,8830,1800,Environment Detail,0
21278,8831,1800,Study Detail,0
21359,8842,1800,Experimental Design,0
20818,15009,8048,2015-12-07T19:25:12.000Z,0
20819,15010,8048,2015-12-07T19:25:12.000Z,0
20820,15020,8048,2015-12-07T19:25:12.000Z,0
20821,15030,8048,2015-12-07T19:25:12.000Z,0
20822,15040,8048,2015-12-07T19:25:12.000Z,0
20823,15045,8048,2015-12-07T19:25:12.000Z,0
20824,15050,8048,2015-12-07T19:25:12.000Z,0
20825,15060,8048,2015-12-07T19:25:12.000Z,0
20826,15080,8048,2015-12-07T19:25:12.000Z,0
20827,15090,8048,2015-12-07T19:25:12.000Z,0
20828,15100,8048,2015-12-07T19:25:12.000Z,0
20829,15110,8048,2015-12-07T19:25:12.000Z,0
20830,15115,8048,2015-12-07T19:25:12.000Z,0
20831,15120,8048,2015-12-07T19:25:12.000Z,0
20832,15130,8048,2015-12-07T19:25:12.000Z,0
20890,16000,8048,2015-12-07T19:25:12.000Z,0
20891,16010,8048,2015-12-07T19:25:12.000Z,0
20892,16020,8048,2015-12-07T19:25:12.000Z,0
20893,16030,8048,2015-12-07T19:25:12.000Z,0
20894,16040,8048,2015-12-07T19:25:12.000Z,0
20895,16050,8048,2015-12-07T19:25:12.000Z,0
20896,16060,8048,2015-12-07T19:25:12.000Z,0
20897,16070,8048,2015-12-07T19:25:12.000Z,0
20898,16075,8048,2015-12-07T19:25:12.000Z,0
20899,16080,8048,2015-12-07T19:25:12.000Z,0
20900,16090,8048,2015-12-07T19:25:12.000Z,0
20901,16091,8048,2015-12-07T19:25:12.000Z,0
20902,16095,8048,2015-12-07T19:25:12.000Z,0
20903,16100,8048,2015-12-07T19:25:12.000Z,0
20904,16110,8048,2015-12-07T19:25:12.000Z,0
20905,16120,8048,2015-12-07T19:25:12.000Z,0
20906,16130,8048,2015-12-07T19:25:12.000Z,0
20907,16140,8048,2015-12-07T19:25:12.000Z,0
21065,17010,8048,2015-12-07T19:25:12.000Z,0
21066,17021,8048,2015-12-07T19:25:12.000Z,0
21067,17040,8048,2015-12-07T19:25:12.000Z,0
20668,17050,1113,0.00,0
20675,17050,1115,100.00,0
21068,17070,8048,2015-12-07T19:25:12.000Z,0
21069,17080,8048,2015-12-07T19:25:12.000Z,0
21070,17090,8048,2015-12-07T19:25:12.000Z,0
21071,17100,8048,2015-12-07T19:25:12.000Z,0
20669,17110,1113,0.00,0
20676,17110,1115,100.00,0
21072,17120,8048,2015-12-07T19:25:12.000Z,0
21073,17130,8048,2015-12-07T19:25:12.000Z,0
21074,17140,8048,2015-12-07T19:25:12.000Z,0
21075,17150,8048,2015-12-07T19:25:12.000Z,0
21076,17160,8048,2015-12-07T19:25:12.000Z,0
20542,18000,1800,Trait,0
21370,18000,8049,2019-10-15T13:48:26.070Z,0
20543,18010,1800,Trait,0
20544,18020,1800,Trait,0
20545,18030,1800,Trait,0
20546,18040,1800,Trait,0
20547,18050,1800,Trait,0
20548,18060,1800,Trait,0
20549,18070,1800,Trait,0
21813,18070,8049,2021-09-27T20:07:10.976Z,0
20550,18080,1800,Trait,0
20551,18090,1800,Trait,0
20552,18100,1800,Trait,0
20553,18110,1800,Trait,0
20554,18120,1800,Trait,0
20555,18130,1800,Trait,0
20556,18140,1800,Analysis,0
20557,18150,1800,Analysis,0
20558,18160,1800,Analysis,0
20559,18170,1800,Analysis,0
20560,18180,1800,Analysis,0
20561,18190,1800,Analysis,0
20562,18200,1800,Analysis,0
20563,18210,1800,Analysis,0
20564,18220,1800,Analysis,0
20565,18230,1800,Analysis,0
20566,18240,1800,Analysis,0
20567,18250,1800,Analysis,0
20568,18260,1800,Analysis,0
20569,18270,1800,Analysis,0
20570,18271,1800,Analysis,0
20571,18272,1800,Analysis,0
20572,18273,1800,Analysis,0
20573,18274,1800,Analysis,0
20574,18275,1800,Analysis,0
20575,18276,1800,Analysis,0
20576,18277,1800,Analysis,0
20577,18278,1800,Analysis,0
20578,18279,1800,Analysis,0
20579,18280,1800,Analysis,0
20580,18281,1800,Analysis,0
20581,18282,1800,Analysis,0
20071,20002,1226,CO_336:0000009,0
20070,20003,1226,CO_336:0000006,0
20073,20005,1226,CO_336:0000015,0
20074,20006,1226,CO_336:0000018,0
20077,20007,1226,CO_336:0000033,0
20079,20008,1226,CO_336:0000039,0
20081,20009,1226,CO_336:0000045,0
20080,20010,1226,CO_336:0000042,0
20199,20010,1226,CO_336:0000248,0
20083,20011,1226,CO_336:0000250,0
20582,20011,1800,Trait,0
21373,20011,8049,2021-02-01T22:48:41.162Z,0
20084,20012,1226,CO_336:0000251,0
20583,20012,1800,Trait,0
21372,20012,8049,2021-02-01T23:13:42.796Z,0
20085,20013,1226,CO_336:0000252,0
20584,20013,1800,Trait,0
20086,20014,1226,CO_336:0000253,0
20585,20014,1800,Trait,0
21378,20014,8049,2021-02-01T23:05:10.330Z,0
20087,20015,1226,CO_336:0000254,0
20586,20015,1800,Trait,0
20587,20016,1800,Trait,0
20588,20017,1800,Trait,0
20092,20018,1226,CO_336:0000259,0
20589,20018,1800,Trait,0
21382,20018,8049,2019-10-15T14:08:42.440Z,0
20093,20019,1226,CO_336:0000260,0
20590,20019,1800,Trait,0
20095,20021,1226,CO_336:0000262,0
20591,20021,1800,Trait,0
20096,20022,1226,CO_336:0000264,0
20592,20022,1800,Trait,0
20097,20023,1226,CO_336:0000265,0
20593,20023,1800,Trait,0
20075,20064,1226,CO_336:0000024,0
20001,20100,1226,CO_336:0000238,0
20002,20101,1226,CO_336:0000126,0
20003,20102,1226,CO_336:0000162,0
20004,20103,1226,CO_336:0000075,0
20005,20104,1226,CO_336:0000099,0
20006,20105,1226,CO_336:0000129,0
20007,20106,1226,CO_336:0000201,0
20008,20107,1226,CO_336:0000078,0
20009,20108,1226,CO_336:0000192,0
20239,20109,1226,CO_336:0000000,0
20010,20109,1226,CO_336:0000165,0
20011,20110,1226,CO_336:0000072,0
20012,20111,1226,CO_336:0000063,0
20013,20112,1226,CO_336:0000228,0
20014,20113,1226,CO_336:0000159,0
20015,20114,1226,CO_336:0000156,0
20016,20115,1226,CO_336:0000036,0
20017,20116,1226,CO_336:0000102,0
20018,20117,1226,CO_336:0000024,0
20019,20118,1226,CO_336:0000081,0
20020,20119,1226,CO_336:0000093,0
20021,20120,1226,CO_336:0000132,0
20225,20120,1226,CO_336:0000248,0
20022,20121,1226,CO_336:0000210,0
20023,20122,1226,CO_336:0000207,0
20024,20123,1226,CO_336:0000150,0
20025,20124,1226,CO_336:0000186,0
20026,20125,1226,CO_336:0000219,0
20027,20127,1226,CO_336:0000189,0
20028,20128,1226,CO_336:0000021,0
20029,20129,1226,CO_336:0000141,0
20030,20130,1226,CO_336:0000168,0
20031,20131,1226,CO_336:0000237,0
20032,20132,1226,CO_336:0000057,0
20033,20133,1226,CO_336:0000090,0
20034,20134,1226,CO_336:0000066,0
20035,20135,1226,CO_336:0000171,0
20036,20136,1226,CO_336:0000236,0
20037,20137,1226,CO_336:0000180,0
20038,20138,1226,CO_336:0000183,0
20039,20139,1226,CO_336:0000135,0
20040,20140,1226,CO_336:0000222,0
20041,20141,1226,CO_336:0000231,0
20042,20142,1226,CO_336:0000225,0
20247,20143,1226,CO_336:0000021,0
20043,20143,1226,CO_336:0000174,0
20044,20144,1226,CO_336:0000054,0
20045,20145,1226,CO_336:0000060,0
20046,20146,1226,CO_336:0000018,0
20047,20147,1226,CO_336:0000177,0
20048,20148,1226,CO_336:0000144,0
20049,20149,1226,CO_336:0000087,0
20050,20150,1226,CO_336:0000153,0
20051,20151,1226,CO_336:0000105,0
20052,20152,1226,CO_336:0000108,0
20053,20153,1226,CO_336:0000147,0
20054,20154,1226,CO_336:0000117,0
20055,20155,1226,CO_336:0000195,0
20056,20156,1226,CO_336:0000048,0
20057,20157,1226,CO_336:0000084,0
20058,20158,1226,CO_336:0000114,0
20059,20159,1226,CO_336:0000111,0
20060,20160,1226,CO_336:0000051,0
20061,20161,1226,CO_336:0000096,0
20062,20162,1226,CO_336:0000216,0
20063,20163,1226,CO_336:0000213,0
20064,20164,1226,CO_336:0000120,0
20065,20165,1226,CO_336:0000198,0
20066,20166,1226,CO_336:0000204,0
20067,20167,1226,CO_336:0000123,0
20068,20168,1226,CO_336:0000069,0
20908,21000,8048,2015-12-07T19:25:12.000Z,0
20909,21001,8048,2015-12-07T19:25:12.000Z,0
20910,21002,8048,2015-12-07T19:25:12.000Z,0
20911,21003,8048,2015-12-07T19:25:12.000Z,0
20912,21004,8048,2015-12-07T19:25:12.000Z,0
20913,21005,8048,2015-12-07T19:25:12.000Z,0
20914,21006,8048,2015-12-07T19:25:12.000Z,0
20915,21007,8048,2015-12-07T19:25:12.000Z,0
20916,21008,8048,2015-12-07T19:25:12.000Z,0
20917,21009,8048,2015-12-07T19:25:12.000Z,0
20918,21010,8048,2015-12-07T19:25:12.000Z,0
20919,21011,8048,2015-12-07T19:25:12.000Z,0
20920,21012,8048,2015-12-07T19:25:12.000Z,0
20921,21013,8048,2015-12-07T19:25:12.000Z,0
20922,21014,8048,2015-12-07T19:25:12.000Z,0
20923,21015,8048,2015-12-07T19:25:12.000Z,0
20924,21016,8048,2015-12-07T19:25:12.000Z,0
20925,21017,8048,2015-12-07T19:25:12.000Z,0
20926,21018,8048,2015-12-07T19:25:12.000Z,0
20927,21019,8048,2015-12-07T19:25:12.000Z,0
20928,21020,8048,2015-12-07T19:25:12.000Z,0
20929,21021,8048,2015-12-07T19:25:12.000Z,0
20930,21022,8048,2015-12-07T19:25:12.000Z,0
20931,21024,8048,2015-12-07T19:25:12.000Z,0
20932,21025,8048,2015-12-07T19:25:12.000Z,0
20933,21027,8048,2015-12-07T19:25:12.000Z,0
20934,21028,8048,2015-12-07T19:25:12.000Z,0
20935,21029,8048,2015-12-07T19:25:12.000Z,0
20936,21030,8048,2015-12-07T19:25:12.000Z,0
20937,21031,8048,2015-12-07T19:25:12.000Z,0
20938,21032,8048,2015-12-07T19:25:12.000Z,0
20939,21033,8048,2015-12-07T19:25:12.000Z,0
20940,21034,8048,2015-12-07T19:25:12.000Z,0
20941,21035,8048,2015-12-07T19:25:12.000Z,0
20942,21036,8048,2015-12-07T19:25:12.000Z,0
20943,21037,8048,2015-12-07T19:25:12.000Z,0
20944,21038,8048,2015-12-07T19:25:12.000Z,0
20945,21039,8048,2015-12-07T19:25:12.000Z,0
20946,21040,8048,2015-12-07T19:25:12.000Z,0
20947,21041,8048,2015-12-07T19:25:12.000Z,0
20948,21042,8048,2015-12-07T19:25:12.000Z,0
20949,21043,8048,2015-12-07T19:25:12.000Z,0
20950,21044,8048,2015-12-07T19:25:12.000Z,0
20951,21045,8048,2015-12-07T19:25:12.000Z,0
20952,21046,8048,2015-12-07T19:25:12.000Z,0
20953,21047,8048,2015-12-07T19:25:12.000Z,0
20954,21048,8048,2015-12-07T19:25:12.000Z,0
20955,21049,8048,2015-12-07T19:25:12.000Z,0
20956,21050,8048,2015-12-07T19:25:12.000Z,0
20957,21051,8048,2015-12-07T19:25:12.000Z,0
20958,21052,8048,2015-12-07T19:25:12.000Z,0
20959,21053,8048,2015-12-07T19:25:12.000Z,0
20960,21054,8048,2015-12-07T19:25:12.000Z,0
20961,21055,8048,2015-12-07T19:25:12.000Z,0
20962,21056,8048,2015-12-07T19:25:12.000Z,0
20963,21057,8048,2015-12-07T19:25:12.000Z,0
20964,21058,8048,2015-12-07T19:25:12.000Z,0
20965,21059,8048,2015-12-07T19:25:12.000Z,0
20966,21060,8048,2015-12-07T19:25:12.000Z,0
20967,21061,8048,2015-12-07T19:25:12.000Z,0
20968,21062,8048,2015-12-07T19:25:12.000Z,0
20969,21063,8048,2015-12-07T19:25:12.000Z,0
20970,21064,8048,2015-12-07T19:25:12.000Z,0
20971,21065,8048,2015-12-07T19:25:12.000Z,0
20972,21066,8048,2015-12-07T19:25:12.000Z,0
20973,21067,8048,2015-12-07T19:25:12.000Z,0
20974,21068,8048,2015-12-07T19:25:12.000Z,0
20975,21069,8048,2015-12-07T19:25:12.000Z,0
20976,21070,8048,2015-12-07T19:25:12.000Z,0
20977,21071,8048,2015-12-07T19:25:12.000Z,0
20978,21072,8048,2015-12-07T19:25:12.000Z,0
20979,21073,8048,2015-12-07T19:25:12.000Z,0
20980,21074,8048,2015-12-07T19:25:12.000Z,0
20981,21075,8048,2015-12-07T19:25:12.000Z,0
20982,21076,8048,2015-12-07T19:25:12.000Z,0
20983,21077,8048,2015-12-07T19:25:12.000Z,0
20984,21078,8048,2015-12-07T19:25:12.000Z,0
20985,21079,8048,2015-12-07T19:25:12.000Z,0
20986,21080,8048,2015-12-07T19:25:12.000Z,0
20987,21081,8048,2015-12-07T19:25:12.000Z,0
21077,22001,8048,2015-12-07T19:25:12.000Z,0
21078,22002,8048,2015-12-07T19:25:12.000Z,0
21079,22003,8048,2015-12-07T19:25:12.000Z,0
21080,22004,8048,2015-12-07T19:25:12.000Z,0
21081,22006,8048,2015-12-07T19:25:12.000Z,0
21082,22007,8048,2015-12-07T19:25:12.000Z,0
21083,22008,8048,2015-12-07T19:25:12.000Z,0
21084,22009,8048,2015-12-07T19:25:12.000Z,0
21085,22010,8048,2015-12-07T19:25:12.000Z,0
21086,22011,8048,2015-12-07T19:25:12.000Z,0
21087,22012,8048,2015-12-07T19:25:12.000Z,0
21088,22013,8048,2015-12-07T19:25:12.000Z,0
20161,25000,1226,CO_336:0000333,0
20594,25000,1800,Trait,0
21369,25000,8049,2019-10-15T14:12:04.395Z,0
20124,25001,1226,CO_336:0000292,0
20595,25001,1800,Trait,0
20135,25002,1226,CO_336:0000164,0
20596,25002,1800,Trait,0
20107,25003,1226,CO_336:0000275,0
20597,25003,1800,Trait,0
20115,25004,1226,CO_336:0000101,0
20598,25004,1800,Trait,0
20125,25005,1226,CO_336:0000293,0
20599,25005,1800,Trait,0
20148,25006,1226,CO_336:0000203,0
20600,25006,1800,Trait,0
21623,25006,8049,2020-04-28T06:16:28.816Z,0
20108,25007,1226,CO_336:0000080,0
20601,25007,1800,Trait,0
20145,25008,1226,CO_336:0000317,0
20602,25008,1800,Trait,0
20136,25009,1226,CO_336:0000307,0
20603,25009,1800,Trait,0
20106,25010,1226,CO_336:0000074,0
20604,25010,1800,Trait,0
20103,25011,1226,CO_336:0000271,0
20605,25011,1800,Trait,0
21362,25011,8049,2019-10-15T14:15:49.689Z,0
20157,25012,1226,CO_336:0000329,0
20606,25012,1800,Trait,0
20134,25013,1226,CO_336:0000304,0
20607,25013,1800,Trait,0
20133,25014,1226,CO_336:0000303,0
20608,25014,1800,Trait,0
20094,25015,1226,CO_336:0000261,0
20609,25015,1800,Trait,0
21368,25015,8049,2019-10-15T14:10:14.031Z,0
20116,25016,1226,CO_336:0000104,0
20610,25016,1800,Trait,0
20090,25017,1226,CO_336:0000257,0
20611,25017,1800,Trait,0
20109,25018,1226,CO_336:0000083,0
20612,25018,1800,Trait,0
20113,25019,1226,CO_336:0000281,0
20613,25019,1800,Trait,0
20126,25020,1226,CO_336:0000295,0
20614,25020,1800,Trait,0
21367,25020,8049,2019-10-15T13:51:48.339Z,0
20151,25021,1226,CO_336:0000212,0
20615,25021,1800,Trait,0
20150,25022,1226,CO_336:0000209,0
20616,25022,1800,Trait,0
20131,25023,1226,CO_336:0000301,0
20617,25023,1800,Trait,0
20143,25024,1226,CO_336:0000315,0
20618,25024,1800,Trait,0
20154,25025,1226,CO_336:0000326,0
20619,25025,1800,Trait,0
20144,25027,1226,CO_336:0000191,0
20620,25027,1800,Trait,0
20089,25028,1226,CO_336:0000256,0
20621,25028,1800,Trait,0
21364,25028,8049,2019-10-15T14:07:12.863Z,0
20128,25029,1226,CO_336:0000297,0
20622,25029,1800,Trait,0
20137,25030,1226,CO_336:0000308,0
20623,25030,1800,Trait,0
20160,25031,1226,CO_336:0000332,0
20624,25031,1800,Trait,0
20101,25032,1226,CO_336:0000269,0
20625,25032,1800,Trait,0
20112,25033,1226,CO_336:0000280,0
20626,25033,1800,Trait,0
20104,25034,1226,CO_336:0000272,0
20627,25034,1800,Trait,0
20138,25035,1226,CO_336:0000309,0
20628,25035,1800,Trait,0
21365,25035,8049,2019-10-15T13:50:03.994Z,0
20159,25036,1226,CO_336:0000331,0
20629,25036,1800,Trait,0
20141,25037,1226,CO_336:0000182,0
20630,25037,1800,Trait,0
20142,25038,1226,CO_336:0000185,0
20631,25038,1800,Trait,0
20127,25039,1226,CO_336:0000296,0
20632,25039,1800,Trait,0
21363,25039,8049,2019-10-14T19:46:55.832Z,0
20155,25040,1226,CO_336:0000327,0
20633,25040,1800,Trait,0
20158,25041,1226,CO_336:0000330,0
20634,25041,1800,Trait,0
20156,25042,1226,CO_336:0000328,0
20635,25042,1800,Trait,0
20139,25043,1226,CO_336:0000311,0
20636,25043,1800,Trait,0
21366,25043,8049,2019-10-15T14:06:43.624Z,0
20100,25044,1226,CO_336:0000056,0
20637,25044,1800,Trait,0
20102,25045,1226,CO_336:0000270,0
20638,25045,1800,Trait,0
20088,25046,1226,CO_336:0000255,0
20639,25046,1800,Trait,0
20140,25047,1226,CO_336:0000312,0
20640,25047,1800,Trait,0
20129,25048,1226,CO_336:0000299,0
20641,25048,1800,Trait,0
20111,25049,1226,CO_336:0000279,0
20642,25049,1800,Trait,0
20132,25050,1226,CO_336:0000302,0
20643,25050,1800,Trait,0
20117,25051,1226,CO_336:0000285,0
20644,25051,1800,Trait,0
20118,25052,1226,CO_336:0000286,0
20645,25052,1800,Trait,0
20130,25053,1226,CO_336:0000300,0
20646,25053,1800,Trait,0
20121,25054,1226,CO_336:0000289,0
20647,25054,1800,Trait,0
20146,25055,1226,CO_336:0000318,0
20648,25055,1800,Trait,0
21371,25055,8049,2019-10-15T14:13:35.459Z,0
20098,25056,1226,CO_336:0000266,0
20649,25056,1800,Trait,0
21620,25056,8049,2020-04-28T05:46:06.883Z,0
20110,25057,1226,CO_336:0000278,0
20650,25057,1800,Trait,0
20120,25058,1226,CO_336:0000288,0
20651,25058,1800,Trait,0
20119,25059,1226,CO_336:0000287,0
20652,25059,1800,Trait,0
20099,25060,1226,CO_336:0000267,0
20653,25060,1800,Trait,0
21621,25060,8049,2020-04-28T05:46:56.668Z,0
20114,25061,1226,CO_336:0000282,0
20654,25061,1800,Trait,0
20153,25062,1226,CO_336:0000325,0
20655,25062,1800,Trait,0
20152,25063,1226,CO_336:0000215,0
20656,25063,1800,Trait,0
20122,25064,1226,CO_336:0000290,0
20657,25064,1800,Trait,0
20147,25065,1226,CO_336:0000319,0
20658,25065,1800,Trait,0
20149,25066,1226,CO_336:0000321,0
20659,25066,1800,Trait,0
21275,25066,8049,2015-12-18T19:13:07.571Z,0
20123,25067,1226,CO_336:0000291,0
20660,25067,1800,Trait,0
20105,25068,1226,CO_336:0000273,0
20661,25068,1800,Trait,0
20162,25069,1226,CO_336:0000334,0
20662,25069,1800,Trait,0
21477,25069,8049,2021-02-01T22:57:33.021Z,0
20164,25255,1226,CO_336:0000239,0
20165,25257,1226,CO_336:0000003,0
20166,25258,1226,CO_336:0000012,0
20988,25260,8048,2015-12-07T19:25:12.000Z,0
20168,25262,1226,CO_336:0000249,0
20663,25262,1800,Trait,0
21360,25262,8049,2019-10-15T14:18:18.635Z,0
21089,25265,8048,2015-12-07T19:25:12.000Z,0
20989,25309,8048,2015-12-07T19:25:12.000Z,0
20184,25319,1226,CO_336:0000258,0
20664,25319,1800,Trait,0
21379,25319,8049,2019-10-14T19:39:08.075Z,0
20187,25320,1226,CO_336:0000030,0
20990,25321,8048,2015-12-07T19:25:12.000Z,0
21090,25322,8048,2015-12-07T19:25:12.000Z,0
20991,25330,8048,2015-12-07T19:25:12.000Z,0
21091,25331,8048,2015-12-07T19:25:12.000Z,0
20191,25333,1226,CO_336:0000036,0
20992,25334,8048,2015-12-07T19:25:12.000Z,0
20993,25338,8048,2015-12-07T19:25:12.000Z,0
20192,25340,1226,CO_336:0000337,0
20665,25340,1800,Trait,0
20994,25342,8048,2015-12-07T19:25:12.000Z,0
20995,25346,8048,2015-12-07T19:25:12.000Z,0
20196,25348,1226,CO_336:0000340,0
20666,25348,1800,Trait,0
20200,25349,1226,CO_336:0000248,0
21092,25364,8048,2015-12-07T19:25:12.000Z,0
21093,25373,8048,2015-12-07T19:25:12.000Z,0
21094,25390,8048,2015-12-07T19:25:12.000Z,0
21095,25398,8048,2015-12-07T19:25:12.000Z,0
21096,25412,8048,2015-12-07T19:25:12.000Z,0
21097,25421,8048,2015-12-07T19:25:12.000Z,0
21098,25462,8048,2015-12-07T19:25:12.000Z,0
21099,25476,8048,2015-12-07T19:25:12.000Z,0
21100,25484,8048,2015-12-07T19:25:12.000Z,0
21101,25492,8048,2015-12-07T19:25:12.000Z,0
21102,25508,8048,2015-12-07T19:25:12.000Z,0
20257,25517,1226,CO_336:0000238,0
20996,25548,8048,2015-12-07T19:25:12.000Z,0
20997,25552,8048,2015-12-07T19:25:12.000Z,0
20998,25556,8048,2015-12-07T19:25:12.000Z,0
20999,25564,8048,2015-12-07T19:25:12.000Z,0
21103,25565,8048,2015-12-07T19:25:12.000Z,0
21000,25572,8048,2015-12-07T19:25:12.000Z,0
21001,25576,8048,2015-12-07T19:25:12.000Z,0
21002,25580,8048,2015-12-07T19:25:12.000Z,0
21003,25584,8048,2015-12-07T19:25:12.000Z,0
21004,25588,8048,2015-12-07T19:25:12.000Z,0
21005,25592,8048,2015-12-07T19:25:12.000Z,0
21006,25596,8048,2015-12-07T19:25:12.000Z,0
21104,25601,8048,2015-12-07T19:25:12.000Z,0
21007,25618,8048,2015-12-07T19:25:12.000Z,0
21008,25622,8048,2015-12-07T19:25:12.000Z,0
21009,25626,8048,2015-12-07T19:25:12.000Z,0
20671,25631,1113,0.00,0
20678,25631,1115,100.00,0
21010,25634,8048,2015-12-07T19:25:12.000Z,0
20670,25635,1113,0.00,0
20677,25635,1115,100.00,0
21105,25639,8048,2015-12-07T19:25:12.000Z,0
21106,25647,8048,2015-12-07T19:25:12.000Z,0
21011,25664,8048,2015-12-07T19:25:12.000Z,0
21107,25665,8048,2015-12-07T19:25:12.000Z,0
21108,25671,8048,2015-12-07T19:25:12.000Z,0
21012,25676,8048,2015-12-07T19:25:12.000Z,0
21109,25677,8048,2015-12-07T19:25:12.000Z,0
21013,25680,8048,2015-12-07T19:25:12.000Z,0
21110,25681,8048,2015-12-07T19:25:12.000Z,0
21111,25706,8048,2015-12-07T19:25:12.000Z,0
21112,25707,8048,2015-12-07T19:25:12.000Z,0
21113,25708,8048,2015-12-07T19:25:12.000Z,0
21114,25709,8048,2015-12-07T19:25:12.000Z,0
21115,25710,8048,2015-12-07T19:25:12.000Z,0
21116,25711,8048,2015-12-07T19:25:12.000Z,0
21117,25712,8048,2015-12-07T19:25:12.000Z,0
21118,25713,8048,2015-12-07T19:25:12.000Z,0
21119,25714,8048,2015-12-07T19:25:12.000Z,0
21120,25715,8048,2015-12-07T19:25:12.000Z,0
21121,25716,8048,2015-12-07T19:25:12.000Z,0
21122,25717,8048,2015-12-07T19:25:12.000Z,0
21123,25718,8048,2015-12-07T19:25:12.000Z,0
21124,25719,8048,2015-12-07T19:25:12.000Z,0
21125,25720,8048,2015-12-07T19:25:12.000Z,0
21126,25721,8048,2015-12-07T19:25:12.000Z,0
21127,25722,8048,2015-12-07T19:25:12.000Z,0
21128,25723,8048,2015-12-07T19:25:12.000Z,0
21129,25724,8048,2015-12-07T19:25:12.000Z,0
21130,25725,8048,2015-12-07T19:25:12.000Z,0
21131,25726,8048,2015-12-07T19:25:12.000Z,0
21132,25727,8048,2015-12-07T19:25:12.000Z,0
21133,25728,8048,2015-12-07T19:25:12.000Z,0
21134,25729,8048,2015-12-07T19:25:12.000Z,0
21135,25730,8048,2015-12-07T19:25:12.000Z,0
21136,25731,8048,2015-12-07T19:25:12.000Z,0
21137,25732,8048,2015-12-07T19:25:12.000Z,0
21138,25733,8048,2015-12-07T19:25:12.000Z,0
21139,25734,8048,2015-12-07T19:25:12.000Z,0
21140,25735,8048,2015-12-07T19:25:12.000Z,0
21141,25736,8048,2015-12-07T19:25:12.000Z,0
21142,25737,8048,2015-12-07T19:25:12.000Z,0
21143,25738,8048,2015-12-07T19:25:12.000Z,0
21144,25739,8048,2015-12-07T19:25:12.000Z,0
21145,25740,8048,2015-12-07T19:25:12.000Z,0
21146,25741,8048,2015-12-07T19:25:12.000Z,0
21147,25742,8048,2015-12-10T01:09:37.817Z,0
21148,25743,1800,Trait,0
21149,25743,8048,2015-12-10T01:10:51.733Z,0
21361,25743,8049,2019-10-14T19:36:16.195Z,0
21150,25744,1800,Trait,0
21151,25744,8048,2015-12-10T01:13:41.008Z,0
21152,25745,8048,2015-12-10T01:16:14.339Z,0
21153,25746,1800,Trait,0
21154,25746,8048,2015-12-10T01:16:45.983Z,0
21155,25747,8048,2015-12-10T01:17:35.118Z,0
21156,25748,1800,Trait,0
21157,25748,8048,2015-12-10T01:17:48.104Z,0
21158,25749,8048,2015-12-10T01:18:30.881Z,0
21159,25750,1800,Trait,0
21160,25750,8048,2015-12-10T01:18:46.172Z,0
21161,25751,8048,2015-12-10T01:20:16.786Z,0
21162,25752,1800,Trait,0
21163,25752,8048,2015-12-10T01:20:28.013Z,0
21164,25753,8048,2015-12-10T01:24:17.903Z,0
21165,25754,8048,2015-12-10T01:28:11.438Z,0
21166,25760,1800,Trait,0
21167,25760,8048,2015-12-10T01:28:24.049Z,0
21168,25761,8048,2015-12-10T01:30:28.636Z,0
21169,25762,8048,2015-12-10T01:32:21.804Z,0
21170,25768,1800,Trait,0
21171,25768,8048,2015-12-10T01:32:28.711Z,0
21172,25769,8048,2015-12-10T18:52:36.399Z,0
21173,25770,8048,2015-12-10T18:56:01.524Z,0
21174,25776,1800,Trait,0
21175,25776,8048,2015-12-10T18:56:17.560Z,0
21643,25776,8049,2021-02-01T22:48:47.709Z,0
21176,25777,8048,2015-12-10T18:58:20.723Z,0
21177,25778,8048,2015-12-10T19:00:25.741Z,0
21178,25784,1800,Trait,0
21179,25784,8048,2015-12-10T19:00:39.812Z,0
21180,25785,1226,CO_336:0000006,0
21181,25785,8048,2015-12-10T19:08:34.051Z,0
21672,25785,8049,2021-01-29T19:59:16.958Z,0
21182,25786,8048,2015-12-10T19:09:58.666Z,0
21183,25787,8048,2015-12-10T19:12:47.037Z,0
21184,25793,1800,Trait,0
21185,25793,8048,2015-12-10T19:13:04.712Z,0
21186,25794,8048,2015-12-10T19:14:14.912Z,0
21187,25795,8048,2015-12-10T19:16:14.252Z,0
21188,25801,1800,Trait,0
21189,25801,8048,2015-12-10T19:16:27.216Z,0
21190,25802,1226,,0
21191,25802,8048,2015-12-10T19:18:04.973Z,0
21192,25803,8048,2015-12-10T19:19:55.452Z,0
21193,25804,8048,2015-12-10T19:22:24.323Z,0
21194,25810,1800,Trait,0
21195,25810,8048,2015-12-10T19:22:36.444Z,0
21644,25810,8049,2020-06-30T09:32:29.684Z,0
21196,25811,1226,,0
21197,25811,8048,2015-12-10T19:24:30.949Z,0
21198,25812,8048,2015-12-10T19:26:23.550Z,0
21199,25813,1800,Trait,0
21200,25813,8048,2015-12-10T19:27:01.536Z,0
21201,25814,1800,Trait,0
21202,25814,8048,2015-12-10T19:29:00.876Z,0
21203,25815,1800,Trait,0
21204,25815,8048,2015-12-10T19:30:37.690Z,0
21205,25816,1226,,0
21206,25816,8048,2015-12-10T19:31:21.416Z,0
21207,25817,1800,Trait,0
21208,25817,8048,2015-12-10T19:32:43.005Z,0
21622,25817,8049,2020-04-28T05:52:23.914Z,0
21209,25818,8048,2015-12-10T19:34:34.701Z,0
21210,25819,1800,Trait,0
21211,25819,8048,2015-12-10T19:34:51.830Z,0
21212,25820,8048,2015-12-10T19:36:24.665Z,0
21213,25821,1800,Trait,0
21214,25821,8048,2015-12-10T19:36:38.659Z,0
21215,25822,8048,2015-12-10T19:37:28.142Z,0
21216,25823,1800,Trait,0
21217,25823,8048,2015-12-10T19:37:54.069Z,0
21218,25824,8048,2015-12-10T19:38:42.726Z,0
21219,25825,1800,Trait,0
21220,25825,8048,2015-12-10T19:38:56.610Z,0
21221,25826,8048,2015-12-10T19:39:36.577Z,0
21222,25827,1800,Trait,0
21223,25827,8048,2015-12-10T19:39:45.968Z,0
21224,25828,1800,Trait,0
21225,25828,8048,2015-12-10T19:42:10.502Z,0
21226,25829,1800,Trait,0
21227,25829,8048,2015-12-10T19:43:03.933Z,0
21228,25830,1800,Trait,0
21229,25830,8048,2015-12-10T19:43:44.508Z,0
21230,25831,1800,Trait,0
21231,25831,8048,2015-12-10T19:44:35.364Z,0
21232,25832,8048,2015-12-10T19:45:30.542Z,0
21233,25833,8048,2015-12-10T19:46:46.328Z,0
21234,25834,1800,Trait,0
21235,25834,8048,2015-12-10T19:47:06.764Z,0
21236,25835,1800,Trait,0
21237,25835,8048,2015-12-10T19:49:59.472Z,0
21238,25836,1800,Trait,0
21239,25836,8048,2015-12-10T19:50:44.338Z,0
21240,25837,1800,Trait,0
21241,25837,8048,2015-12-10T19:51:34.554Z,0
21242,25838,1800,Trait,0
21243,25838,8048,2015-12-10T19:53:14.800Z,0
21244,25839,1800,Trait,0
21245,25839,8048,2015-12-10T19:54:08.823Z,0
21246,25840,1800,Trait,0
21247,25840,8048,2015-12-10T20:22:01.391Z,0
21248,25841,1226,,0
21249,25841,8048,2015-12-10T20:23:33.946Z,0
21250,25842,1800,Trait,0
21251,25842,8048,2015-12-10T20:26:42.113Z,0
21252,25846,1800,Trait,0
21253,25846,8048,2015-12-16T20:59:51.372Z,0
21254,25847,8048,2015-12-16T21:08:36.383Z,0
21255,25848,8048,2015-12-16T21:11:40.299Z,0
21256,25854,1800,Trait,0
21257,25854,8048,2015-12-16T21:11:55.559Z,0
21258,25855,8048,2015-12-16T21:13:12.705Z,0
21259,25856,8048,2015-12-16T21:15:06.893Z,0
21260,25862,1800,Trait,0
21261,25862,8048,2015-12-16T21:15:17.466Z,0
21262,25863,8048,2015-12-16T21:19:54.437Z,0
21263,25869,1800,Trait,0
21264,25869,8048,2015-12-16T21:20:04.532Z,0
21265,25870,8048,2015-12-16T21:22:31.716Z,0
21266,25876,1800,Trait,0
21267,25876,8048,2015-12-16T21:22:58.151Z,0
21268,25877,1226,,0
21273,25877,1800,Environment Detail,0
21274,25877,1800,Study Detail,1
21269,25877,8048,2015-12-17T23:48:03.292Z,0
21279,25878,1800,Trait,0
21272,25878,8048,2017-03-24T10:26:29.625Z,0
21281,25879,1226,,0
21282,25879,8048,2017-07-11T10:35:50.636Z,0
21283,25880,1800,Trait,0
21284,25880,8048,2017-07-11T10:36:54.633Z,0
21285,25881,1800,Trait,0
21286,25881,8048,2017-07-11T10:40:59.092Z,0
21287,25881,8049,2017-07-11T10:42:58.618Z,0
21288,25882,1800,Study Detail,0
21289,25882,8048,2018-04-06T00:14:07.167Z,0
21290,25883,1800,Trait,0
21291,25883,8048,2018-07-18T13:39:13.012Z,0
21295,25884,1800,Analysis,0
21296,25884,8048,2019-05-21T12:12:33.198Z,0
21297,25885,8048,2019-05-21T12:12:33.260Z,0
21298,25886,1800,Analysis,0
21299,25886,8048,2019-05-21T12:12:33.276Z,0
21300,25887,8048,2019-05-21T12:12:33.354Z,0
21301,25888,1800,Analysis,0
21302,25888,8048,2019-05-21T12:12:33.370Z,0
21303,25889,8048,2019-05-21T12:12:33.433Z,0
21304,25890,1800,Analysis,0
21305,25890,8048,2019-05-21T12:12:33.464Z,0
21306,25891,8048,2019-05-21T12:12:34.917Z,0
21307,25892,8048,2019-05-21T12:12:34.964Z,0
21308,25893,8048,2019-05-21T12:12:34.995Z,0
21309,25894,8048,2019-05-21T12:12:35.026Z,0
21310,25895,1800,Analysis Summary,0
21311,25895,8048,2019-05-21T12:12:35.073Z,0
21312,25896,1800,Analysis Summary,0
21313,25896,8048,2019-05-21T12:12:35.151Z,0
21314,25897,1800,Analysis Summary,0
21315,25897,8048,2019-05-21T12:12:35.214Z,0
21316,25898,1800,Analysis Summary,0
21317,25898,8048,2019-05-21T12:12:35.276Z,0
21318,25899,1800,Analysis Summary,0
21319,25899,8048,2019-05-21T12:12:35.324Z,0
21320,25900,1800,Analysis Summary,0
21321,25900,8048,2019-05-21T12:12:35.401Z,0
21322,25901,1800,Analysis Summary,0
21323,25901,8048,2019-05-21T12:12:35.479Z,0
21324,25902,1800,Analysis Summary,0
21325,25902,8048,2019-05-21T12:12:35.558Z,0
21326,25903,1800,Analysis Summary,0
21327,25903,8048,2019-05-21T12:12:35.589Z,0
21328,25904,8048,2019-05-21T12:12:35.651Z,0
21329,25905,1800,Analysis Summary,0
21330,25905,8048,2019-05-21T12:12:35.667Z,0
21331,25906,8048,2019-05-21T12:12:35.745Z,0
21332,25907,1800,Analysis Summary,0
21333,25907,8048,2019-05-21T12:12:35.776Z,0
21334,25908,8048,2019-05-21T12:12:35.823Z,0
21335,25909,1800,Analysis Summary,0
21336,25909,8048,2019-05-21T12:12:35.854Z,0
21337,25910,1800,Analysis Summary,0
21338,25910,8048,2019-05-21T12:12:35.917Z,0
21339,25911,8048,2019-05-21T12:12:35.964Z,0
21340,25912,1800,Analysis Summary,0
21341,25912,8048,2019-05-21T12:12:35.995Z,0
21342,25913,8048,2019-05-21T12:12:36.058Z,0
21343,25914,1800,Analysis Summary,0
21344,25914,8048,2019-05-21T12:12:36.089Z,0
21345,25915,8048,2019-05-21T12:12:36.136Z,0
21346,25916,1800,Analysis Summary,0
21347,25916,8048,2019-05-21T12:12:36.151Z,0
21348,25917,1800,Analysis Summary,0
21349,25917,8048,2019-05-21T12:12:36.198Z,0
21350,25918,8048,2019-05-21T12:12:36.245Z,0
21351,25919,1800,Analysis Summary,0
21352,25919,8048,2019-05-21T12:12:36.276Z,0
21353,25920,8048,2019-05-21T12:12:36.339Z,0
21354,25921,1800,Analysis Summary,0
21355,25921,8048,2019-05-21T12:12:36.370Z,0
21356,25922,8048,2019-05-21T12:12:36.417Z,0
21357,25923,1800,Analysis Summary,0
21358,25923,8048,2019-05-21T12:12:36.448Z,0
21374,25924,8048,2019-09-04T10:55:17.941Z,0
21375,25925,1800,Trait,0
21376,25925,8048,2019-09-04T10:56:55.368Z,0
21377,25925,8049,2021-02-01T20:23:33.629Z,0
21380,25926,1800,Trait,0
21381,25926,8048,2019-09-20T14:35:51.511Z,0
21383,25927,1226,,0
21384,25927,8048,2019-10-15T20:30:55.416Z,0
21385,25928,8048,2019-10-15T20:36:43.300Z,0
21386,25929,1800,Trait,0
21387,25929,8048,2019-10-15T20:40:02.214Z,0
21388,25929,8049,2021-02-01T23:13:23.264Z,0
21389,25930,1800,Analysis,0
21390,25930,8048,2019-11-28T08:32:55.851Z,0
21391,25931,1800,Analysis,0
21392,25931,8048,2019-11-28T08:32:55.883Z,0
21393,25932,1800,Analysis,0
21394,25932,8048,2019-11-28T08:32:55.898Z,0
21395,25933,1800,Analysis,0
21396,25933,8048,2019-11-28T08:32:55.929Z,0
21397,25934,1800,Analysis,0
21398,25934,8048,2019-11-28T08:32:55.961Z,0
21399,25935,1800,Analysis,0
21400,25935,8048,2019-11-28T08:32:55.976Z,0
21401,25936,1800,Analysis,0
21402,25936,8048,2019-11-28T08:32:56.023Z,0
21403,25937,1800,Analysis,0
21404,25937,8048,2019-11-28T08:32:56.070Z,0
21405,25938,1800,Analysis Summary,0
21406,25938,8048,2019-11-28T08:32:59.289Z,0
21407,25939,1800,Analysis Summary,0
21408,25939,8048,2019-11-28T08:32:59.383Z,0
21409,25940,1800,Analysis Summary,0
21410,25940,8048,2019-11-28T08:32:59.445Z,0
21411,25941,1800,Analysis Summary,0
21412,25941,8048,2019-11-28T08:32:59.523Z,0
21413,25942,1800,Analysis Summary,0
21414,25942,8048,2019-11-28T08:32:59.601Z,0
21415,25943,1800,Analysis Summary,0
21416,25943,8048,2019-11-28T08:32:59.679Z,0
21417,25944,1800,Analysis Summary,0
21418,25944,8048,2019-11-28T08:32:59.742Z,0
21419,25945,1800,Analysis Summary,0
21420,25945,8048,2019-11-28T08:32:59.789Z,0
21421,25946,1800,Analysis Summary,0
21422,25946,8048,2019-11-28T08:32:59.851Z,0
21423,25947,1800,Analysis Summary,0
21424,25947,8048,2019-11-28T08:32:59.914Z,0
21425,25948,1800,Analysis Summary,0
21426,25948,8048,2019-11-28T08:33:00.070Z,0
21427,25949,1800,Analysis Summary,0
21428,25949,8048,2019-11-28T08:33:00.117Z,0
21429,25950,1800,Analysis Summary,0
21430,25950,8048,2019-11-28T08:33:00.164Z,0
21431,25951,1800,Analysis Summary,0
21432,25951,8048,2019-11-28T08:33:00.211Z,0
21433,25952,1800,Analysis Summary,0
21434,25952,8048,2019-11-28T08:33:00.273Z,0
21435,25953,1800,Analysis Summary,0
21436,25953,8048,2019-11-28T08:33:00.336Z,0
21437,25954,1800,Analysis Summary,0
21438,25954,8048,2019-11-28T08:33:00.383Z,0
21439,25955,1800,Analysis Summary,0
21440,25955,8048,2019-11-28T08:33:00.445Z,0
21441,25956,1800,Analysis Summary,0
21442,25956,8048,2019-11-28T08:33:00.492Z,0
21443,25957,1800,Analysis Summary,0
21444,25957,8048,2019-11-28T08:33:00.539Z,0
21445,25958,1800,Analysis Summary,0
21446,25958,8048,2019-11-28T08:33:00.601Z,0
21447,25959,1800,Analysis Summary,0
21448,25959,8048,2019-11-28T08:33:00.648Z,0
21449,25960,1800,Analysis Summary,0
21450,25960,8048,2019-11-28T08:33:00.695Z,0
21451,25961,1800,Analysis Summary,0
21452,25961,8048,2019-11-28T08:33:00.758Z,0
21453,25962,1800,Analysis Summary,0
21454,25962,8048,2019-11-28T08:33:00.804Z,0
21455,25963,1800,Analysis Summary,0
21456,25963,8048,2019-11-28T08:33:00.867Z,0
21457,25964,1800,Analysis Summary,0
21458,25964,8048,2019-11-28T08:33:00.914Z,0
21459,25965,1800,Analysis Summary,0
21460,25965,8048,2019-11-28T08:33:00.976Z,0
21461,25966,1800,Analysis Summary,0
21462,25966,8048,2019-11-28T08:33:01.039Z,0
21463,25967,1800,Analysis Summary,0
21464,25967,8048,2019-11-28T08:33:01.101Z,0
21465,25968,1800,Analysis Summary,0
21466,25968,8048,2019-11-28T08:33:01.148Z,0
21467,25969,1800,Analysis Summary,0
21468,25969,8048,2019-11-28T08:33:01.195Z,0
21469,25970,1800,Analysis Summary,0
21470,25970,8048,2019-11-28T08:33:01.258Z,0
21471,25971,1800,Analysis Summary,0
21472,25971,8048,2019-11-28T08:33:01.304Z,0
21473,25972,1800,Analysis Summary,0
21474,25972,8048,2019-11-28T08:33:01.367Z,0
21476,25973,8048,2019-12-03T14:58:14.168Z,0
21479,25980,1800,Environment Detail,0
21480,25980,1800,Study Detail,1
21481,25980,1800,Trait,2
21482,25980,8048,2019-12-03T15:44:11.797Z,0
21483,25980,8049,2019-12-03T15:44:24.517Z,0
21484,25981,1800,Environment Detail,0
21485,25981,1800,Study Detail,1
21486,25981,1800,Trait,2
21487,25981,8048,2019-12-03T15:45:43.956Z,0
21488,25982,8048,2019-12-11T15:16:03.839Z,0
21489,25983,1800,Analysis,0
21490,25983,8048,2019-12-11T15:16:03.855Z,0
21491,25984,8048,2019-12-11T15:16:03.902Z,0
21492,25985,1800,Analysis,0
21493,25985,8048,2019-12-11T15:16:03.918Z,0
21494,25986,8048,2019-12-11T15:16:03.949Z,0
21495,25987,1800,Analysis,0
21496,25987,8048,2019-12-11T15:16:03.964Z,0
21497,25988,8048,2019-12-11T15:16:04.183Z,0
21498,25989,1800,Analysis,0
21499,25989,8048,2019-12-11T15:16:04.199Z,0
21500,25990,8048,2019-12-11T15:16:04.511Z,0
21501,25991,1800,Analysis,0
21502,25991,8048,2019-12-11T15:16:04.543Z,0
21503,25992,8048,2019-12-11T15:16:04.621Z,0
21504,25993,1800,Analysis,0
21505,25993,8048,2019-12-11T15:16:04.668Z,0
21506,25994,1800,Analysis Summary,0
21507,25994,8048,2019-12-11T15:16:07.808Z,0
21508,25995,1800,Analysis Summary,0
21509,25995,8048,2019-12-11T15:16:07.902Z,0
21510,25996,1800,Analysis Summary,0
21511,25996,8048,2019-12-11T15:16:07.996Z,0
21512,25997,1800,Analysis Summary,0
21513,25997,8048,2019-12-11T15:16:08.199Z,0
21514,25998,1800,Analysis Summary,0
21515,25998,8048,2019-12-11T15:16:08.402Z,0
21516,25999,1800,Analysis Summary,0
21517,25999,8048,2019-12-11T15:16:08.574Z,0
21518,26000,1800,Analysis Summary,0
21519,26000,8048,2019-12-11T15:16:08.652Z,0
21520,26001,1800,Analysis Summary,0
21521,26001,8048,2019-12-11T15:16:08.730Z,0
21522,26002,1800,Analysis Summary,0
21523,26002,8048,2019-12-11T15:16:08.902Z,0
21524,26003,1800,Analysis Summary,0
21525,26003,8048,2019-12-11T15:16:09.214Z,0
21526,26004,8048,2019-12-11T15:16:09.418Z,0
21527,26005,1800,Analysis Summary,0
21528,26005,8048,2019-12-11T15:16:09.464Z,0
21529,26006,8048,2019-12-11T15:16:09.589Z,0
21530,26007,1800,Analysis Summary,0
21531,26007,8048,2019-12-11T15:16:09.636Z,0
21532,26008,8048,2019-12-11T15:16:09.714Z,0
21533,26009,1800,Analysis Summary,0
21534,26009,8048,2019-12-11T15:16:09.761Z,0
21535,26010,8048,2019-12-11T15:16:10.058Z,0
21536,26011,1800,Analysis Summary,0
21537,26011,8048,2019-12-11T15:16:10.105Z,0
21538,26012,8048,2019-12-11T15:16:10.371Z,0
21539,26013,1800,Analysis Summary,0
21540,26013,8048,2019-12-11T15:16:10.433Z,0
21541,26014,8048,2019-12-11T15:16:10.699Z,0
21542,26015,1800,Analysis Summary,0
21543,26015,8048,2019-12-11T15:16:10.730Z,0
21544,26016,8048,2019-12-11T15:16:10.824Z,0
21545,26017,1800,Analysis Summary,0
21546,26017,8048,2019-12-11T15:16:10.871Z,0
21547,26018,8048,2019-12-11T15:16:10.980Z,0
21548,26019,1800,Analysis Summary,0
21549,26019,8048,2019-12-11T15:16:11.011Z,0
21550,26020,8048,2019-12-11T15:16:11.261Z,0
21551,26021,1800,Analysis Summary,0
21552,26021,8048,2019-12-11T15:16:11.308Z,0
21553,26022,8048,2019-12-11T15:16:11.527Z,0
21554,26023,1800,Analysis Summary,0
21555,26023,8048,2019-12-11T15:16:11.574Z,0
21556,26024,8048,2019-12-11T15:16:11.824Z,0
21557,26025,1800,Analysis Summary,0
21558,26025,8048,2019-12-11T15:16:11.855Z,0
21559,26026,8048,2019-12-11T15:16:11.949Z,0
21560,26027,1800,Analysis Summary,0
21561,26027,8048,2019-12-11T15:16:12.011Z,0
21562,26028,8048,2019-12-11T15:16:12.105Z,0
21563,26029,1800,Analysis Summary,0
21564,26029,8048,2019-12-11T15:16:12.152Z,0
21565,26030,8048,2019-12-11T15:16:12.386Z,0
21566,26031,1800,Analysis Summary,0
21567,26031,8048,2019-12-11T15:16:12.418Z,0
21568,26032,8048,2019-12-11T15:16:12.652Z,0
21569,26033,1800,Analysis Summary,0
21570,26033,8048,2019-12-11T15:16:12.683Z,0
21571,26034,1800,Analysis Summary,0
21572,26034,8048,2019-12-12T22:36:53.709Z,0
21573,26035,1800,Analysis Summary,0
21574,26035,8048,2019-12-12T22:36:53.756Z,0
21575,26036,8048,2019-12-12T22:36:53.787Z,0
21576,26037,1800,Analysis Summary,0
21577,26037,8048,2019-12-12T22:36:53.803Z,0
21578,26038,8048,2019-12-12T22:36:53.834Z,0
21579,26039,1800,Analysis Summary,0
21580,26039,8048,2019-12-12T22:36:53.850Z,0
21581,26040,8048,2019-12-12T22:36:53.897Z,0
21582,26041,1800,Analysis Summary,0
21583,26041,8048,2019-12-12T22:36:53.897Z,0
21584,26042,1800,Analysis,0
21585,26042,8048,2020-03-26T20:53:16.657Z,0
21586,26043,1800,Analysis,0
21587,26043,8048,2020-03-26T20:53:16.692Z,0
21588,26044,1800,Analysis Summary,0
21589,26044,8048,2020-03-26T20:53:18.403Z,0
21590,26045,1800,Analysis Summary,0
21591,26045,8048,2020-03-26T20:53:18.454Z,0
21592,26046,1800,Analysis Summary,0
21593,26046,8048,2020-03-26T20:53:18.510Z,0
21594,26047,1800,Analysis Summary,0
21595,26047,8048,2020-03-26T20:53:18.569Z,0
21596,26048,1800,Analysis Summary,0
21597,26048,8048,2020-03-26T20:53:18.635Z,0
21598,26049,1800,Analysis Summary,0
21599,26049,8048,2020-03-26T20:53:18.676Z,0
21600,26050,1800,Analysis Summary,0
21601,26050,8048,2020-03-26T20:53:18.719Z,0
21602,26051,1800,Analysis Summary,0
21603,26051,8048,2020-03-26T20:53:18.761Z,0
21604,26052,1800,Analysis Summary,0
21605,26052,8048,2020-03-26T20:53:18.809Z,0
21606,26053,1800,Analysis Summary,0
21607,26053,8048,2020-03-26T20:53:18.857Z,0
21608,26054,1800,Analysis,0
21609,26054,8048,2020-03-30T14:50:04.707Z,0
21610,26055,1800,Analysis Summary,0
21611,26055,8048,2020-03-30T14:50:06.330Z,0
21612,26056,1800,Analysis Summary,0
21613,26056,8048,2020-03-30T14:50:06.380Z,0
21614,26057,1800,Analysis Summary,0
21615,26057,8048,2020-03-30T14:50:06.429Z,0
21616,26058,1800,Analysis Summary,0
21617,26058,8048,2020-03-30T14:50:06.477Z,0
21618,26059,1800,Analysis Summary,0
21619,26059,8048,2020-03-30T14:50:06.529Z,0
21624,26060,1226,,0
21625,26060,8048,2020-04-28T06:22:44.459Z,0
21626,26061,1800,Trait,0
21627,26061,8048,2020-04-28T06:23:48.866Z,0
21628,26061,8049,2021-02-01T23:10:31.542Z,0
21629,26062,1226,,0
21630,26062,8048,2020-04-28T06:26:53.018Z,0
21631,26063,1800,Trait,0
21632,26063,8048,2020-04-28T06:27:12.627Z,0
21633,26063,8049,2021-02-01T22:52:03.511Z,0
21634,26064,1800,Trait,0
21635,26064,8048,2020-04-28T06:31:12.834Z,0
21636,26064,8049,2020-04-28T06:31:22.784Z,0
21637,26065,1800,Trait,0
21638,26065,8048,2020-04-28T06:34:07.465Z,0
21639,26066,8048,2020-04-28T06:50:32.917Z,0
21640,26079,1800,Trait,0
21641,26079,8048,2020-04-28T06:53:26.056Z,0
21642,26079,8049,2021-09-28T19:12:19.093Z,0
21645,26080,8048,2020-09-10T13:24:38.176Z,0
21646,26081,1800,Trait,0
21647,26081,8048,2020-09-10T13:26:24.944Z,0
21648,26081,8049,2020-09-10T13:27:00.915Z,0
21653,26082,1800,Trait,0
21651,26082,8048,2020-09-15T12:50:33.949Z,0
21652,26082,8049,2021-09-28T19:11:12.873Z,0
21654,26083,1226,,0
21655,26083,8048,2020-10-06T14:13:08.175Z,0
21656,26084,1800,Environment Detail,0
21657,26084,8048,2020-10-06T14:37:27.576Z,0
21658,26085,1226,,0
21659,26085,8048,2020-10-06T14:41:27.795Z,0
21660,26086,1800,Environment Detail,0
21661,26086,8048,2020-10-06T14:41:56.586Z,0
21662,26087,1226,,0
21663,26087,8048,2020-10-06T14:45:18.183Z,0
21664,26088,1800,Environment Detail,0
21665,26088,8048,2020-10-06T14:46:01.110Z,0
21732,26088,8049,2021-02-16T17:41:58.815Z,0
21666,26089,8048,2020-11-25T19:21:28.094Z,0
21667,26095,8048,2020-11-25T19:26:05.491Z,0
21669,26096,8048,2021-01-29T16:55:55.232Z,0
21670,26102,1226,,0
21671,26102,8048,2021-01-29T19:33:44.483Z,0
21673,26103,8048,2021-01-29T20:07:19.534Z,0
21674,26108,1226,,0
21675,26108,8048,2021-01-29T20:13:13.762Z,0
21677,26110,1800,Trait,0
21678,26110,8048,2021-01-29T20:21:37.277Z,0
21679,26110,8049,2021-09-28T19:02:30.250Z,0
21680,26111,1226,,0
21681,26111,8048,2021-02-01T22:44:48.046Z,0
21682,26112,1800,Trait,0
21683,26112,8048,2021-02-01T22:45:42.297Z,0
21684,26112,8049,2021-09-28T19:02:33.015Z,0
21685,26113,1226,,0
21686,26113,8048,2021-02-01T22:50:33.477Z,0
21687,26114,1800,Trait,0
21688,26114,8048,2021-02-01T22:51:08.758Z,0
21689,26114,8049,2021-09-28T19:02:35.187Z,0
21690,26115,1226,,0
21691,26115,8048,2021-02-01T22:53:20.809Z,0
21692,26116,1800,Trait,0
21693,26116,8048,2021-02-01T22:53:57.201Z,0
21694,26116,8049,2021-09-28T19:02:37.000Z,0
21695,26117,1226,,0
21696,26117,8048,2021-02-01T22:58:54.429Z,0
21697,26118,1800,Trait,0
21698,26118,8048,2021-02-01T22:59:27.447Z,0
21699,26118,8049,2021-09-28T19:02:38.923Z,0
21700,26119,1226,,0
21701,26119,8048,2021-02-01T23:02:45.936Z,0
21702,26120,1800,Trait,0
21703,26120,8048,2021-02-01T23:03:09.311Z,0
21704,26120,8049,2021-09-28T19:02:44.375Z,0
21705,26121,1226,,0
21706,26121,8048,2021-02-01T23:05:55.801Z,0
21707,26122,1800,Trait,0
21708,26122,8048,2021-02-01T23:06:19.722Z,0
21709,26122,8049,2021-09-28T19:02:50.250Z,0
21710,26123,1226,,0
21711,26123,8048,2021-02-01T23:09:57.087Z,0
21712,26124,1800,Trait,0
21713,26124,8048,2021-02-01T23:10:20.494Z,0
21714,26124,8049,2021-02-01T23:28:04.827Z,0
21715,26125,1226,,0
21716,26125,8048,2021-02-01T23:12:23.043Z,0
21717,26126,1800,Trait,0
21718,26126,8048,2021-02-01T23:12:45.138Z,0
21719,26126,8049,2021-09-28T19:03:26.032Z,0
21720,26127,1226,,0
21721,26127,8048,2021-02-01T23:14:59.235Z,0
21722,26128,1800,Trait,0
21723,26128,8048,2021-02-01T23:15:22.875Z,0
21724,26128,8049,2021-09-28T19:03:32.735Z,0
21725,26129,1226,,0
21726,26129,8048,2021-02-01T23:17:51.443Z,0
21727,26130,8048,2021-02-01T23:18:43.475Z,0
21730,26130,8049,2021-02-01T23:22:48.606Z,0
21728,26131,1800,Trait,0
21729,26131,8048,2021-02-01T23:20:01.024Z,0
21731,26131,8049,2021-09-28T19:03:29.314Z,0
21735,26133,1226,,0
21736,26133,8048,2021-04-07T07:22:51.953Z,0
21737,26134,1800,Trait,0
21738,26134,8048,2021-04-07T07:23:22.110Z,0
21739,26135,1800,Trait,0
21740,26135,8048,2021-04-07T09:01:20.158Z,0
21741,26135,8049,2021-04-07T09:02:32.691Z,0
21742,26136,1226,,0
21743,26136,8048,2021-06-24T23:30:37.842Z,0
21747,26138,1226,,0
21748,26138,8048,2021-07-26T17:16:05.437Z,0
21749,26139,1800,Trait,0
21750,26139,8048,2021-07-26T17:16:55.611Z,0
21751,26139,8049,2021-07-26T17:17:47.438Z,0
21752,26140,1226,,0
21753,26140,8048,2021-07-26T17:19:35.632Z,0
21754,26141,1800,Trait,0
21755,26141,8048,2021-07-26T17:19:55.154Z,0
21756,26141,8049,2021-07-26T17:20:11.147Z,0
21757,26142,1226,,0
21758,26142,8048,2021-07-26T17:21:39.477Z,0
21759,26143,1800,Trait,0
21760,26143,8048,2021-07-26T17:21:59.615Z,0
21761,26143,8049,2021-07-26T17:22:11.197Z,0
21762,26144,1226,,0
21763,26144,8048,2021-07-26T17:25:54.077Z,0
21764,26145,1800,Trait,0
21765,26145,8048,2021-07-26T17:26:22.327Z,0
21766,26145,8049,2021-07-26T17:26:33.927Z,0
21767,26146,1226,,0
21768,26146,8048,2021-07-26T17:27:30.521Z,0
21769,26147,1800,Trait,0
21770,26147,8048,2021-07-26T17:27:54.927Z,0
21771,26147,8049,2021-07-26T17:28:02.507Z,0
21772,26148,1226,,0
21773,26148,8048,2021-07-26T17:29:03.910Z,0
21774,26149,1800,Trait,0
21775,26149,8048,2021-07-26T17:29:41.937Z,0
21776,26149,8049,2021-07-26T17:29:48.413Z,0
21777,26150,1226,,0
21778,26150,8048,2021-07-26T17:33:25.543Z,0
21779,26151,1800,Trait,0
21780,26151,8048,2021-07-26T17:33:47.254Z,0
21789,26151,8049,2021-07-26T17:36:17.592Z,0
21781,26152,1226,,0
21782,26152,8048,2021-07-26T17:34:34.049Z,0
21783,26153,1800,Trait,0
21784,26153,8048,2021-07-26T17:35:02.071Z,0
21790,26153,8049,2021-07-26T17:36:18.873Z,0
21785,26154,1226,,0
21786,26154,8048,2021-07-26T17:35:48.294Z,0
21787,26155,1800,Trait,0
21788,26155,8048,2021-07-26T17:36:08.634Z,0
21791,26155,8049,2021-07-26T17:36:19.957Z,0
21792,26156,1226,,0
21793,26156,8048,2021-07-26T17:41:44.748Z,0
21794,26157,1800,Trait,0
21795,26157,8048,2021-07-26T17:42:09.851Z,0
21800,26157,8049,2021-07-26T17:43:37.495Z,0
21796,26158,1226,,0
21797,26158,8048,2021-07-26T17:43:06.341Z,0
21798,26159,1800,Trait,0
21799,26159,8048,2021-07-26T17:43:28.308Z,0
21801,26159,8049,2021-07-26T17:43:38.603Z,0
21802,26160,1226,,0
21803,26160,8048,2021-07-26T17:44:48.606Z,0
21804,26161,1800,Trait,0
21805,26161,8048,2021-07-26T17:45:11.862Z,0
21806,26161,8049,2021-07-26T17:45:20.123Z,0
21807,26162,1226,,0
21808,26162,8048,2021-08-31T20:33:42.084Z,0
21809,26163,8048,2021-08-31T20:44:27.543Z,0
21810,26169,1800,Trait,0
21811,26169,8048,2021-08-31T20:44:43.529Z,0
21812,26169,8049,2021-08-31T20:44:51.170Z,0
21814,26170,8048,2021-09-28T18:41:07.020Z,0
21815,26171,1226,,0
21816,26171,8048,2021-09-28T18:42:36.272Z,0
21817,26172,1800,Trait,0
21818,26172,8048,2021-09-28T18:42:53.193Z,0
21819,26172,8049,2021-09-28T18:43:04.664Z,0
21820,26173,1226,,0
21821,26173,8048,2021-09-28T18:43:55.477Z,0
21822,26174,1226,,0
21823,26174,8048,2021-09-28T18:44:12.822Z,0
21824,26175,1226,,0
21825,26175,8048,2021-09-28T18:44:28.088Z,0
21826,26176,1226,,0
21827,26176,8048,2021-09-28T18:44:43.322Z,0
21828,26177,1226,,0
21829,26177,8048,2021-09-28T18:50:58.161Z,0
21830,26178,1226,,0
21831,26178,8048,2021-09-28T18:51:16.444Z,0
21832,26179,1800,Trait,0
21833,26179,8048,2021-09-28T18:56:45.172Z,0
21834,26179,8049,2021-09-28T18:57:33.048Z,0
21835,26180,1800,Trait,0
21836,26180,8048,2021-09-28T18:58:26.893Z,0
21837,26180,8049,2021-09-28T18:58:42.690Z,0
21838,26181,1800,Trait,0
21839,26181,8048,2021-09-28T18:59:41.457Z,0
21840,26181,8049,2021-09-28T18:59:52.145Z,0
21841,26182,1800,Trait,0
21842,26182,8048,2021-09-28T19:00:30.432Z,0
21843,26182,8049,2021-09-28T19:00:42.386Z,0
21844,26183,1800,Trait,0
21845,26183,8048,2021-09-28T19:01:25.514Z,0
21846,26183,8049,2021-09-28T19:01:33.094Z,0
21847,26184,1800,Trait,0
21848,26184,8048,2021-09-28T19:02:10.984Z,0
21849,26184,8049,2021-09-28T19:02:18.984Z,0
21850,26185,1226,,0
21851,26185,8048,2021-09-28T19:07:59.273Z,0
21852,26185,8049,2021-09-28T19:08:25.169Z,0
21853,26186,1226,,0
21854,26186,8048,2021-09-28T19:09:10.042Z,0
21855,26187,8048,2021-09-28T19:10:44.621Z,0
21856,26188,1800,Trait,0
21857,26188,8048,2021-09-28T19:11:01.748Z,0
21858,26188,8049,2021-09-28T19:11:12.107Z,0
21859,26189,1800,Trait,0
21860,26189,8048,2021-09-28T19:12:12.077Z,0
21861,26189,8049,2021-09-28T19:12:20.359Z,0
21862,26317,1800,Germplasm Attribute,0
21863,26318,1800,Germplasm Attribute,0
21864,26319,1800,Germplasm Attribute,0
21865,26320,1800,Germplasm Attribute,0
21866,26321,1800,Germplasm Attribute,0
21867,26322,1800,Germplasm Attribute,0
21868,26323,1800,Germplasm Attribute,0
21869,26324,1800,Germplasm Attribute,0
21870,26325,1800,Germplasm Attribute,0
21871,26326,1800,Germplasm Attribute,0
21872,26327,1800,Germplasm Attribute,0
21873,26328,1800,Germplasm Attribute,0
21874,26329,1800,Germplasm Attribute,0
21875,26330,1800,Germplasm Attribute,0
21876,26331,1800,Germplasm Attribute,0
21877,26332,1800,Germplasm Attribute,0
21878,26333,1800,Germplasm Attribute,0
21879,26334,1800,Germplasm Attribute,0
21880,26335,1800,Germplasm Attribute,0
21881,26336,1800,Germplasm Attribute,0
21882,26337,1800,Germplasm Attribute,0
21883,26338,1800,Germplasm Attribute,0
21884,26339,1800,Germplasm Attribute,0
21885,26340,1800,Germplasm Attribute,0
21886,26341,1800,Germplasm Attribute,0
21887,26342,1800,Germplasm Attribute,0
21888,26343,1800,Germplasm Attribute,0
21889,26344,1800,Germplasm Attribute,0
21890,26345,1800,Germplasm Attribute,0
21891,26346,1800,Germplasm Attribute,0
21892,26347,1800,Germplasm Attribute,0
21893,26348,1800,Germplasm Attribute,0
21894,26349,1800,Germplasm Attribute,0
21895,26350,1800,Germplasm Passport,0
21896,26351,1800,Germplasm Passport,0
21897,26352,1800,Germplasm Passport,0
21898,26353,1800,Germplasm Passport,0
21899,26354,1800,Germplasm Passport,0
21900,26355,1800,Germplasm Passport,0
21901,26356,1800,Germplasm Passport,0
21902,26357,1800,Germplasm Passport,0
21903,26358,1800,Germplasm Passport,0
21904,26359,1800,Germplasm Passport,0
21905,26360,1800,Germplasm Passport,0
21906,26361,1800,Germplasm Passport,0
21907,26362,1800,Germplasm Passport,0
21908,26363,1800,Germplasm Passport,0
21909,26364,1800,Germplasm Passport,0
21910,26365,1800,Germplasm Passport,0
21911,26366,1800,Germplasm Passport,0
21912,26367,1800,Germplasm Passport,0
21913,26368,1800,Germplasm Passport,0
21914,26369,1800,Germplasm Passport,0
21915,26370,1800,Germplasm Passport,0
21916,26371,1800,Germplasm Passport,0
21917,26372,1800,Germplasm Passport,0
21918,26373,1800,Germplasm Passport,0
21919,26374,1800,Germplasm Passport,0
21920,26375,1800,Germplasm Passport,0
21921,26376,1800,Germplasm Passport,0
21922,26377,1800,Germplasm Passport,0
21923,26378,1800,Germplasm Passport,0
21924,26379,1800,Germplasm Passport,0
21925,26380,1800,Germplasm Passport,0
21926,26381,1800,Germplasm Passport,0
21927,26382,1800,Germplasm Passport,0
21928,26383,1800,Germplasm Passport,0
21929,26384,1800,Germplasm Passport,0
21930,26385,1800,Germplasm Passport,0
21931,26386,1800,Germplasm Passport,0
21932,26387,1800,Germplasm Passport,0
21933,26388,1800,Germplasm Passport,0
21934,26389,1800,Germplasm Passport,0
21935,26390,1800,Germplasm Passport,0
21936,26391,1800,Germplasm Passport,0
21937,26392,1800,Germplasm Passport,0
21938,26393,1800,Germplasm Passport,0
21939,26394,1800,Germplasm Passport,0
21940,26395,1800,Germplasm Passport,0
21941,26396,1800,Germplasm Passport,0
21942,26397,1800,Germplasm Passport,0
21943,26398,1800,Germplasm Passport,0
21944,26399,1800,Germplasm Passport,0
21945,26400,1800,Germplasm Passport,0
21946,26401,1800,Germplasm Passport,0
21947,26402,1800,Germplasm Passport,0
21948,26403,1800,Germplasm Passport,0
21949,26404,1800,Germplasm Passport,0
21950,26405,1800,Germplasm Passport,0
21951,26406,1800,Germplasm Passport,0
21952,26407,1800,Germplasm Passport,0
21953,26408,1800,Germplasm Passport,0
21954,26409,1800,Germplasm Passport,0
21955,26410,1800,Germplasm Passport,0
21956,26411,1800,Germplasm Passport,0
21957,26412,1800,Germplasm Passport,0
21958,26413,1800,Germplasm Passport,0
21959,26414,1800,Germplasm Passport,0
21960,26415,1800,Germplasm Passport,0
21961,26416,1800,Germplasm Passport,0
21962,26417,1800,Germplasm Passport,0
21963,26418,1800,Germplasm Passport,0
21997,26419,1800,Entry Detail,0
21998,26419,8048,2022-03-27T02:25:49.000Z,0
