markeronmap_id,map_id,marker_id,start_position,end_position,linkage_group
1,1,357,7.349,7.349,1
2,1,617,15.983,15.983,1
3,1,910,16.649,16.649,1
4,1,459,16.723,16.723,1
5,1,246,17.33,17.33,1
6,1,143,18.589,18.589,1
7,1,556,24.795,24.795,1
8,1,1068,29.884,29.884,1
9,1,588,30.275,30.275,1
10,1,908,30.744,30.744,1
11,1,164,37.143,37.143,1
12,1,725,37.971,37.971,1
13,1,942,38.469,38.469,1
14,1,597,39.921,39.921,1
15,1,1044,40.745,40.745,1
16,1,184,40.869,40.869,1
17,1,252,40.869,40.869,1
18,1,927,41.578,41.578,1
19,1,667,41.58,41.58,1
20,1,999,41.58,41.58,1
21,1,755,41.689,41.689,1
22,1,966,42.007,42.007,1
23,1,838,42.227,42.227,1
24,1,948,42.572,42.572,1
25,1,970,42.627,42.627,1
26,1,551,43.745,43.745,1
27,1,600,43.795,43.795,1
28,1,1018,45.061,45.061,1
29,1,1020,45.061,45.061,1
30,1,1029,45.12,45.12,1
31,1,187,45.576,45.576,1
32,1,241,49.432,49.432,1
33,1,370,52.713,52.713,1
34,1,188,54.864,54.864,1
35,1,418,58.03,58.03,1
36,1,456,58.805,58.805,1
37,1,457,59.029,59.029,1
38,1,391,59.786,59.786,1
39,1,247,60.624,60.624,1
40,1,431,62.972,62.972,1
41,1,505,65.868,65.868,1
42,1,334,71.117,71.117,1
43,1,876,73.27,73.27,1
44,1,1000,74.677,74.677,1
45,1,913,75.635,75.635,1
46,1,108,77.066,77.066,1
47,1,1059,83.799,83.799,1
48,1,496,85.93,85.93,1
49,1,317,91.319,91.319,1
50,1,501,94.196,94.196,1
51,1,235,97.287,97.287,1
52,1,863,0,0,2
53,1,1052,4.877,4.877,2
54,1,354,18.433,18.433,2
55,1,275,18.801,18.801,2
56,1,57,19.781,19.781,2
57,1,90,19.812,19.812,2
58,1,573,21.962,21.962,2
59,1,321,25.115,25.115,2
60,1,1041,26.14,26.14,2
61,1,1030,29.984,29.984,2
62,1,521,30.386,30.386,2
63,1,437,30.668,30.668,2
64,1,478,30.668,30.668,2
65,1,14,32.397,32.397,2
66,1,674,36.115,36.115,2
67,1,775,36.115,36.115,2
68,1,886,38.319,38.319,2
69,1,558,40.326,40.326,2
70,1,563,41.693,41.693,2
71,1,218,44.246,44.246,2
72,1,135,44.461,44.461,2
73,1,951,46.851,46.851,2
74,1,1033,47.93,47.93,2
75,1,847,50.246,50.246,2
76,1,640,55.191,55.191,2
77,1,1007,65.18,65.18,2
78,1,470,66.176,66.176,2
79,1,920,71.695,71.695,2
80,1,167,81.581,81.581,2
81,1,949,82.215,82.215,2
82,1,208,82.225,82.225,2
83,1,905,83.008,83.008,2
84,1,386,83.356,83.356,2
85,1,433,83.356,83.356,2
86,1,461,83.356,83.356,2
87,1,531,83.384,83.384,2
88,1,511,84.305,84.305,2
89,1,526,84.305,84.305,2
90,1,243,85.057,85.057,2
91,1,49,85.835,85.835,2
92,1,871,88.855,88.855,2
93,1,856,94.037,94.037,2
94,1,842,94.405,94.405,2
95,1,500,95.414,95.414,2
96,1,613,100.33,100.33,2
97,1,360,101.181,101.181,2
98,1,467,103.612,103.612,2
99,1,429,103.895,103.895,2
100,1,210,105.034,105.034,2
101,1,466,116.494,116.494,2
102,1,404,119.19,119.19,2
103,1,767,125.79,125.79,2
104,1,774,126.235,126.235,2
105,1,850,126.256,126.256,2
106,1,621,130.805,130.805,2
107,1,701,131.851,131.851,2
108,1,664,132.023,132.023,2
109,1,671,134.019,134.019,2
110,1,222,12.532,12.532,3
111,1,223,12.532,12.532,3
112,1,806,20.596,20.596,3
113,1,388,21.13,21.13,3
114,1,302,22.033,22.033,3
115,1,841,23.323,23.323,3
116,1,555,25.967,25.967,3
117,1,410,27.183,27.183,3
118,1,670,27.429,27.429,3
119,1,772,27.637,27.637,3
120,1,1037,27.639,27.639,3
121,1,1040,27.779,27.779,3
122,1,474,28.436,28.436,3
123,1,473,28.457,28.457,3
124,1,489,28.656,28.656,3
125,1,846,30.518,30.518,3
126,1,592,30.713,30.713,3
127,1,97,32.618,32.618,3
128,1,858,32.618,32.618,3
129,1,880,32.618,32.618,3
130,1,107,37.468,37.468,3
131,1,572,38.175,38.175,3
132,1,178,44.989,44.989,3
133,1,318,45.589,45.589,3
134,1,153,49.693,49.693,3
135,1,346,59.266,59.266,3
136,1,10,60.667,60.667,3
137,1,660,60.667,60.667,3
138,1,399,60.959,60.959,3
139,1,230,61.334,61.334,3
140,1,654,61.481,61.481,3
141,1,542,61.63,61.63,3
142,1,547,61.637,61.637,3
143,1,541,61.887,61.887,3
144,1,251,62.615,62.615,3
145,1,185,67.505,67.505,3
146,1,339,73.224,73.224,3
147,1,337,73.627,73.627,3
148,1,173,74.162,74.162,3
149,1,645,79.051,79.051,3
150,1,436,85.075,85.075,3
151,1,373,85.18,85.18,3
152,1,176,85.822,85.822,3
153,1,262,86.213,86.213,3
154,1,649,86.907,86.907,3
155,1,631,88.225,88.225,3
156,1,488,91.756,91.756,3
157,1,479,92.06,92.06,3
158,1,525,92.06,92.06,3
159,1,791,92.72,92.72,3
160,1,681,94.686,94.686,3
161,1,695,94.686,94.686,3
162,1,343,95.842,95.842,3
163,1,195,4.856,4.856,4
164,1,249,6.143,6.143,4
165,1,301,6.173,6.173,4
166,1,163,10.044,10.044,4
167,1,194,10.513,10.513,4
168,1,211,12.185,12.185,4
169,1,89,15.583,15.583,4
170,1,61,16.715,16.715,4
171,1,50,19.496,19.496,4
172,1,552,20.098,20.098,4
173,1,1023,27.651,27.651,4
174,1,51,32.272,32.272,4
175,1,892,36.478,36.478,4
176,1,481,43.508,43.508,4
177,1,669,44.483,44.483,4
178,1,91,44.632,44.632,4
179,1,662,45.961,45.961,4
180,1,69,46.203,46.203,4
181,1,844,46.426,46.426,4
182,1,265,47.068,47.068,4
183,1,611,47.209,47.209,4
184,1,38,48.874,48.874,4
185,1,1038,50.769,50.769,4
186,1,687,51.076,51.076,4
187,1,1042,51.118,51.118,4
188,1,17,51.445,51.445,4
189,1,165,51.667,51.667,4
190,1,944,52.352,52.352,4
191,1,594,52.477,52.477,4
192,1,634,52.477,52.477,4
193,1,761,52.715,52.715,4
194,1,971,52.963,52.963,4
195,1,554,53.274,53.274,4
196,1,926,53.845,53.845,4
197,1,538,54.889,54.889,4
198,1,139,59.335,59.335,4
199,1,141,59.343,59.343,4
200,1,344,59.692,59.692,4
201,1,297,60.01,60.01,4
202,1,374,63.833,63.833,4
203,1,205,63.834,63.834,4
204,1,34,63.901,63.901,4
205,1,67,64.883,64.883,4
206,1,236,65.074,65.074,4
207,1,960,66.348,66.348,4
208,1,84,68.847,68.847,4
209,1,893,80.756,80.756,4
210,1,372,97.433,97.433,4
211,1,636,100.565,100.565,4
212,1,522,101.597,101.597,4
213,1,1014,103.423,103.423,4
214,1,150,104.605,104.605,4
215,1,752,108.244,108.244,4
216,1,11,0,0,5
217,1,692,0,0,5
218,1,517,2.452,2.452,5
219,1,875,3.449,3.449,5
220,1,657,4.067,4.067,5
221,1,848,4.083,4.083,5
222,1,790,5.034,5.034,5
223,1,559,6.866,6.866,5
224,1,1069,7.67,7.67,5
225,1,486,9.483,9.483,5
226,1,672,14.78,14.78,5
227,1,319,17.645,17.645,5
228,1,322,20.28,20.28,5
229,1,324,22.524,22.524,5
230,1,432,29.91,29.91,5
231,1,527,30.894,30.894,5
232,1,427,31.368,31.368,5
233,1,311,33.81,33.81,5
234,1,988,34.778,34.778,5
235,1,989,35.051,35.051,5
236,1,279,36.095,36.095,5
237,1,853,37.399,37.399,5
238,1,879,38.045,38.045,5
239,1,957,38.957,38.957,5
240,1,950,41.627,41.627,5
241,1,919,42.038,42.038,5
242,1,785,46.789,46.789,5
243,1,471,47.268,47.268,5
244,1,980,47.268,47.268,5
245,1,304,49.474,49.474,5
246,1,956,50.977,50.977,5
247,1,862,52.37,52.37,5
248,1,257,55.158,55.158,5
249,1,303,56.137,56.137,5
250,1,912,57.233,57.233,5
251,1,347,57.945,57.945,5
252,1,502,63.493,63.493,5
253,1,509,64.905,64.905,5
254,1,116,65.734,65.734,5
255,1,1050,70.438,70.438,5
256,1,894,71.832,71.832,5
257,1,263,72.963,72.963,5
258,1,673,73.037,73.037,5
259,1,627,75.767,75.767,5
260,1,614,77.959,77.959,5
261,1,705,78.469,78.469,5
262,1,342,78.846,78.846,5
263,1,584,80.461,80.461,5
264,1,576,80.51,80.51,5
265,1,1015,80.633,80.633,5
266,1,416,80.687,80.687,5
267,1,1065,80.687,80.687,5
268,1,403,81.129,81.129,5
269,1,494,81.929,81.929,5
270,1,990,82.976,82.976,5
271,1,661,86.746,86.746,5
272,1,518,5.196,5.196,6
273,1,528,5.4,5.4,6
274,1,428,6.108,6.108,6
275,1,490,16.388,16.388,6
276,1,397,23.207,23.207,6
277,1,604,23.661,23.661,6
278,1,918,23.813,23.813,6
279,1,911,26.077,26.077,6
280,1,327,30.508,30.508,6
281,1,677,30.83,30.83,6
282,1,992,33.278,33.278,6
283,1,288,34.398,34.398,6
284,1,608,36.765,36.765,6
285,1,353,65.67,65.67,6
286,1,799,65.73,65.73,6
287,1,776,66.091,66.091,6
288,1,811,66.294,66.294,6
289,1,270,67.988,67.988,6
290,1,145,70.92,70.92,6
291,1,493,71.603,71.603,6
292,1,612,86.271,86.271,6
293,1,921,86.957,86.957,6
294,1,837,88.142,88.142,6
295,1,716,90.88,90.88,6
296,1,498,93.207,93.207,6
297,1,54,93.678,93.678,6
298,1,198,97.061,97.061,6
299,1,112,97.811,97.811,6
300,1,941,98.146,98.146,6
301,1,946,98.146,98.146,6
302,1,507,98.553,98.553,6
303,1,566,98.553,98.553,6
304,1,81,100.913,100.913,6
305,1,1078,100.941,100.941,6
306,1,238,102.122,102.122,6
307,1,355,102.569,102.569,6
308,1,76,102.906,102.906,6
309,1,133,103.109,103.109,6
310,1,19,103.193,103.193,6
311,1,1062,103.198,103.198,6
312,1,1071,103.325,103.325,6
313,1,609,103.881,103.881,6
314,1,706,104.504,104.504,6
315,1,704,104.51,104.51,6
316,1,591,105.157,105.157,6
317,1,78,106.362,106.362,6
318,1,101,106.442,106.442,6
319,1,1032,106.465,106.465,6
320,1,995,106.582,106.582,6
321,1,123,107.007,107.007,6
322,1,495,107.007,107.007,6
323,1,638,107.007,107.007,6
324,1,475,108.554,108.554,6
325,1,967,110.153,110.153,6
326,1,224,113.28,113.28,6
327,1,220,114.129,114.129,6
328,1,813,114.457,114.457,6
329,1,909,128.367,128.367,6
330,1,102,129.529,129.529,6
331,1,95,130.272,130.272,6
332,1,152,132.414,132.414,6
333,1,368,132.849,132.849,6
334,1,446,135.042,135.042,6
335,1,697,135.042,135.042,6
336,1,1057,9.179,9.179,7
337,1,261,16.947,16.947,7
338,1,771,24.461,24.461,7
339,1,825,25.442,25.442,7
340,1,954,32.183,32.183,7
341,1,258,39.074,39.074,7
342,1,917,39.939,39.939,7
343,1,293,41.372,41.372,7
344,1,683,41.372,41.372,7
345,1,812,44.294,44.294,7
346,1,114,45.128,45.128,7
347,1,734,47.379,47.379,7
348,1,77,48.431,48.431,7
349,1,239,48.714,48.714,7
350,1,268,48.714,48.714,7
351,1,599,48.838,48.838,7
352,1,245,49.18,49.18,7
353,1,82,50.249,50.249,7
354,1,924,56.043,56.043,7
355,1,928,56.043,56.043,7
356,1,532,57.323,57.323,7
357,1,883,61.291,61.291,7
358,1,668,62.174,62.174,7
359,1,534,64.065,64.065,7
360,1,463,64.684,64.684,7
361,1,823,65.876,65.876,7
362,1,615,67.725,67.725,7
363,1,36,68.69,68.69,7
364,1,756,70.761,70.761,7
365,1,726,71.022,71.022,7
366,1,749,71.558,71.558,7
367,1,760,71.558,71.558,7
368,1,763,71.558,71.558,7
369,1,402,72.897,72.897,7
370,1,413,73.448,73.448,7
371,1,758,74.407,74.407,7
372,1,689,75.42,75.42,7
373,1,708,75.42,75.42,7
374,1,753,75.843,75.843,7
375,1,269,89.837,89.837,7
376,1,693,98.539,98.539,7
377,1,870,127.897,127.897,7
378,1,312,9.566,9.566,8
379,1,618,14.022,14.022,8
380,1,729,14.613,14.613,8
381,1,656,14.662,14.662,8
382,1,313,15.451,15.451,8
383,1,874,16.442,16.442,8
384,1,873,16.962,16.962,8
385,1,40,30.669,30.669,8
386,1,497,44.469,44.469,8
387,1,419,45.621,45.621,8
388,1,676,46.416,46.416,8
389,1,200,46.979,46.979,8
390,1,523,47.336,47.336,8
391,1,492,47.561,47.561,8
392,1,491,48.04,48.04,8
393,1,792,49.327,49.327,8
394,1,159,52.381,52.381,8
395,1,131,52.444,52.444,8
396,1,170,55.099,55.099,8
397,1,204,55.108,55.108,8
398,1,587,56.734,56.734,8
399,1,959,56.734,56.734,8
400,1,27,56.878,56.878,8
401,1,477,57.205,57.205,8
402,1,577,58.864,58.864,8
403,1,111,59.302,59.302,8
404,1,897,61.069,61.069,8
405,1,642,61.884,61.884,8
406,1,930,62.468,62.468,8
407,1,85,63.059,63.059,8
408,1,30,63.755,63.755,8
409,1,21,64.419,64.419,8
410,1,916,69.584,69.584,8
411,1,827,69.765,69.765,8
412,1,1034,70.116,70.116,8
413,1,616,73.546,73.546,8
414,1,483,74.63,74.63,8
415,1,962,75.01,75.01,8
416,1,619,76.426,76.426,8
417,1,29,77.062,77.062,8
418,1,548,77.062,77.062,8
419,1,171,81.247,81.247,8
420,1,843,85.579,85.579,8
421,1,484,85.599,85.599,8
422,1,515,87.105,87.105,8
423,1,286,88.163,88.163,8
424,1,1056,89.559,89.559,8
425,1,356,89.61,89.61,8
426,1,815,89.649,89.649,8
427,1,889,90.755,90.755,8
428,1,994,94.142,94.142,8
429,1,691,94.723,94.723,8
430,1,535,97.037,97.037,8
431,1,648,99.803,99.803,8
432,1,333,101.454,101.454,8
433,1,503,101.521,101.521,8
434,1,987,101.93,101.93,8
435,1,923,102.181,102.181,8
436,1,932,102.333,102.333,8
437,1,52,103.87,103.87,8
438,1,730,109.194,109.194,8
439,1,1013,110.328,110.328,8
440,1,986,110.528,110.528,8
441,1,1077,113.979,113.979,8
442,1,414,124.403,124.403,8
443,1,375,128.798,128.798,8
444,1,965,133.921,133.921,8
445,1,580,136.308,136.308,8
446,1,738,142.958,142.958,8
447,1,728,5.329,5.329,9
448,1,731,5.799,5.799,9
449,1,652,8.557,8.557,9
450,1,686,8.765,8.765,9
451,1,828,9.345,9.345,9
452,1,1075,14.419,14.419,9
453,1,430,23.81,23.81,9
454,1,739,29.323,29.323,9
455,1,721,31.95,31.95,9
456,1,352,35.018,35.018,9
457,1,336,35.093,35.093,9
458,1,172,39.511,39.511,9
459,1,231,39.868,39.868,9
460,1,284,39.868,39.868,9
461,1,282,39.881,39.881,9
462,1,260,40.124,40.124,9
463,1,289,40.126,40.126,9
464,1,625,40.126,40.126,9
465,1,426,41.311,41.311,9
466,1,639,41.798,41.798,9
467,1,315,41.87,41.87,9
468,1,816,42.631,42.631,9
469,1,201,43.82,43.82,9
470,1,305,43.82,43.82,9
471,1,685,44.167,44.167,9
472,1,1066,44.858,44.858,9
473,1,364,45.719,45.719,9
474,1,754,45.77,45.77,9
475,1,306,47.207,47.207,9
476,1,212,54.522,54.522,9
477,1,122,57.208,57.208,9
478,1,377,60.041,60.041,9
479,1,1053,60.041,60.041,9
480,1,314,69.282,69.282,9
481,1,765,69.64,69.64,9
482,1,778,70.65,70.65,9
483,1,64,74.562,74.562,9
484,1,964,76.078,76.078,9
485,1,963,77.44,77.44,9
486,1,453,81.115,81.115,9
487,1,130,81.336,81.336,9
488,1,529,84.148,84.148,9
489,1,651,84.243,84.243,9
490,1,48,84.99,84.99,9
491,1,25,89.402,89.402,9
492,1,465,90.172,90.172,9
493,1,285,90.392,90.392,9
494,1,332,91.079,91.079,9
495,1,732,91.916,91.916,9
496,1,415,92.24,92.24,9
497,1,308,93.035,93.035,9
498,1,118,93.753,93.753,9
499,1,117,93.79,93.79,9
500,1,237,95.024,95.024,9
501,1,1076,5.6,5.6,10
502,1,1080,6.23,6.23,10
503,1,1079,6.232,6.232,10
504,1,1072,7.774,7.774,10
505,1,110,10.747,10.747,10
506,1,229,10.982,10.982,10
507,1,936,25.524,25.524,10
508,1,1082,29.449,29.449,10
509,1,126,41.762,41.762,10
510,1,780,43.739,43.739,10
511,1,39,47.348,47.348,10
512,1,1047,51.447,51.447,10
513,1,1036,51.499,51.499,10
514,1,860,53.136,53.136,10
515,1,15,54.375,54.375,10
516,1,425,58.492,58.492,10
517,1,1017,64.956,64.956,10
518,1,380,65.555,65.555,10
519,1,138,66.821,66.821,10
520,1,4,66.854,66.854,10
521,1,746,69.796,69.796,10
522,1,906,76.674,76.674,10
523,1,680,82.103,82.103,10
524,1,696,82.103,82.103,10
525,1,766,83.712,83.712,10
526,1,807,84.476,84.476,10
527,1,562,94.973,94.973,10
528,1,978,99.685,99.685,10
529,1,724,105.133,105.133,10
530,1,643,117.377,117.377,10
531,1,182,117.856,117.856,10
532,1,743,118.187,118.187,10
533,1,264,119.92,119.92,10
534,1,723,120.355,120.355,10
535,1,1051,120.355,120.355,10
536,1,646,120.78,120.78,10
537,1,881,121.178,121.178,10
538,1,829,5.474,5.474,11
539,1,620,5.575,5.575,11
540,1,519,23.856,23.856,11
541,1,922,31.508,31.508,11
542,1,717,32.136,32.136,11
543,1,329,44.651,44.651,11
544,1,70,45.373,45.373,11
545,1,1,45.398,45.398,11
546,1,902,46.556,46.556,11
547,1,20,55.296,55.296,11
548,1,3,55.573,55.573,11
549,1,217,61.609,61.609,11
550,1,283,68.352,68.352,11
551,1,175,69.17,69.17,11
552,1,294,69.17,69.17,11
553,1,454,76.856,76.856,11
554,1,788,80.959,80.959,11
555,1,814,92.403,92.403,11
556,1,452,92.47,92.47,11
557,1,682,94.765,94.765,11
558,1,254,101.754,101.754,11
559,1,395,109.384,109.384,11
560,1,93,109.489,109.489,11
561,1,1049,109.913,109.913,11
562,1,769,110.169,110.169,11
563,1,56,110.289,110.289,11
564,1,810,110.628,110.628,11
565,1,378,111.022,111.022,11
566,1,190,111.29,111.29,11
567,1,779,111.997,111.997,11
568,1,199,112.692,112.692,11
569,1,166,112.735,112.735,11
570,1,796,113.624,113.624,11
571,1,472,115.554,115.554,11
572,1,590,5.763,5.763,12
573,1,144,6.175,6.175,12
574,1,191,6.175,6.175,12
575,1,560,6.175,6.175,12
576,1,209,6.751,6.751,12
577,1,805,7.162,7.162,12
578,1,417,9.737,9.737,12
579,1,1035,9.743,9.743,12
580,1,26,9.802,9.802,12
581,1,1060,10.766,10.766,12
582,1,549,15.72,15.72,12
583,1,1002,17.478,17.478,12
584,1,1004,18.079,18.079,12
585,1,888,26.913,26.913,12
586,1,105,31.367,31.367,12
587,1,72,33.888,33.888,12
588,1,868,42.707,42.707,12
589,1,741,45.175,45.175,12
590,1,603,49.406,49.406,12
591,1,341,52.74,52.74,12
592,1,274,55.638,55.638,12
593,1,367,55.833,55.833,12
594,1,1026,56.137,56.137,12
595,1,973,57.757,57.757,12
596,1,968,57.767,57.767,12
597,1,183,58.343,58.343,12
598,1,242,60.962,60.962,12
599,1,1027,61.154,61.154,12
600,1,398,61.536,61.536,12
601,1,390,61.691,61.691,12
602,1,250,62.005,62.005,12
603,1,68,62.138,62.138,12
604,1,702,74.864,74.864,12
605,1,961,75.586,75.586,12
606,1,890,77.448,77.448,12
607,1,177,78.391,78.391,12
608,1,887,78.391,78.391,12
609,1,215,79.704,79.704,12
610,1,801,81.355,81.355,12
611,1,735,83.151,83.151,12
612,1,1021,84.996,84.996,12
613,1,896,87.327,87.327,12
614,1,1024,87.357,87.357,12
615,1,953,89.379,89.379,12
616,1,277,101.092,101.092,12
617,1,71,106.142,106.142,12
618,1,331,5.145,5.145,13
619,1,422,5.688,5.688,13
620,1,712,10.117,10.117,13
621,1,975,12.508,12.508,13
622,1,974,13.084,13.084,13
623,1,400,15.035,15.035,13
624,1,630,18.376,18.376,13
625,1,83,19.184,19.184,13
626,1,106,20.084,20.084,13
627,1,202,20.993,20.993,13
628,1,127,20.999,20.999,13
629,1,8,28.209,28.209,13
630,1,1073,29.632,29.632,13
631,1,569,31.361,31.361,13
632,1,901,32.135,32.135,13
633,1,797,33.129,33.129,13
634,1,33,33.672,33.672,13
635,1,46,33.927,33.927,13
636,1,45,33.929,33.929,13
637,1,32,34.065,34.065,13
638,1,18,34.457,34.457,13
639,1,62,34.581,34.581,13
640,1,63,35.01,35.01,13
641,1,24,35.44,35.44,13
642,1,835,35.44,35.44,13
643,1,1046,35.982,35.982,13
644,1,1048,35.982,35.982,13
645,1,764,36.363,36.363,13
646,1,434,36.67,36.67,13
647,1,440,36.697,36.697,13
648,1,553,36.736,36.736,13
649,1,524,44.849,44.849,13
650,1,179,45.033,45.033,13
651,1,606,49.32,49.32,13
652,1,748,49.32,49.32,13
653,1,508,49.424,49.424,13
654,1,273,49.81,49.81,13
655,1,602,49.876,49.876,13
656,1,158,50.707,50.707,13
657,1,267,52.218,52.218,13
658,1,387,53.202,53.202,13
659,1,567,53.202,53.202,13
660,1,641,54.078,54.078,13
661,1,248,55.317,55.317,13
662,1,345,55.781,55.781,13
663,1,298,56.243,56.243,13
664,1,451,56.609,56.609,13
665,1,358,57.158,57.158,13
666,1,520,57.817,57.817,13
667,1,455,61.354,61.354,13
668,1,278,65.091,65.091,13
669,1,997,66.907,66.907,13
670,1,161,68.55,68.55,13
671,1,499,69.328,69.328,13
672,1,884,71.221,71.221,13
673,1,482,71.893,71.893,13
674,1,939,75.485,75.485,13
675,1,47,75.921,75.921,13
676,1,124,76.682,76.682,13
677,1,439,78.335,78.335,13
678,1,462,79.425,79.425,13
679,1,408,85.177,85.177,13
680,1,972,91.631,91.631,13
681,1,899,96.91,96.91,13
682,1,653,100.61,100.61,13
683,1,665,102.161,102.161,13
684,1,1054,108.822,108.822,13
685,1,931,110.578,110.578,13
686,1,142,3.28,3.28,14
687,1,718,4.273,4.273,14
688,1,977,4.936,4.936,14
689,1,610,5.481,5.481,14
690,1,747,9.973,9.973,14
691,1,1067,11.514,11.514,14
692,1,156,11.891,11.891,14
693,1,857,12.589,12.589,14
694,1,140,13.099,13.099,14
695,1,162,14.482,14.482,14
696,1,121,14.853,14.853,14
697,1,137,15.332,15.332,14
698,1,513,21.727,21.727,14
699,1,540,22.673,22.673,14
700,1,35,25.48,25.48,14
701,1,675,27.381,27.381,14
702,1,794,35.521,35.521,14
703,1,1011,38.37,38.37,14
704,1,326,39.387,39.387,14
705,1,240,40.026,40.026,14
706,1,7,45.456,45.456,14
707,1,586,46.828,46.828,14
708,1,861,53.921,53.921,14
709,1,864,54.505,54.505,14
710,1,253,55.5,55.5,14
711,1,579,55.501,55.501,14
712,1,99,55.785,55.785,14
713,1,98,56.097,56.097,14
714,1,583,56.341,56.341,14
715,1,945,56.343,56.343,14
716,1,168,56.602,56.602,14
717,1,155,57.31,57.31,14
718,1,424,63.481,63.481,14
719,1,435,63.481,63.481,14
720,1,409,63.487,63.487,14
721,1,878,64.211,64.211,14
722,1,840,64.391,64.391,14
723,1,1043,64.715,64.715,14
724,1,180,65.173,65.173,14
725,1,228,73.942,73.942,14
726,1,698,75.973,75.973,14
727,1,88,80.364,80.364,14
728,1,444,81.186,81.186,14
729,1,160,86.643,86.643,14
730,1,601,86.941,86.941,14
731,1,544,96.014,96.014,14
732,1,809,96.758,96.758,14
733,1,545,96.885,96.885,14
734,1,340,97.126,97.126,14
735,1,445,97.923,97.923,14
736,1,468,0,0,15
737,1,447,9.972,9.972,15
738,1,694,10.814,10.814,15
739,1,1005,11.991,11.991,15
740,1,476,14.796,14.796,15
741,1,647,15.584,15.584,15
742,1,907,17.013,17.013,15
743,1,1019,17.013,17.013,15
744,1,469,18.773,18.773,15
745,1,575,19.799,19.799,15
746,1,622,20.352,20.352,15
747,1,650,20.634,20.634,15
748,1,938,25.476,25.476,15
749,1,700,27.2,27.2,15
750,1,450,28.326,28.326,15
751,1,232,31.257,31.257,15
752,1,633,33.181,33.181,15
753,1,679,33.181,33.181,15
754,1,557,36.23,36.23,15
755,1,537,39.996,39.996,15
756,1,438,47.292,47.292,15
757,1,510,47.811,47.811,15
758,1,448,47.9,47.9,15
759,1,852,48.714,48.714,15
760,1,565,53.775,53.775,15
761,1,37,54.942,54.942,15
762,1,96,56.542,56.542,15
763,1,751,57.236,57.236,15
764,1,335,61.363,61.363,15
765,1,290,66.033,66.033,15
766,1,365,68.056,68.056,15
767,1,366,68.056,68.056,15
768,1,574,69.387,69.387,15
769,1,1016,69.692,69.692,15
770,1,504,69.793,69.793,15
771,1,715,70.598,70.598,15
772,1,514,71.204,71.204,15
773,1,722,71.419,71.419,15
774,1,898,71.73,71.73,15
775,1,655,73.169,73.169,15
776,1,628,74.805,74.805,15
777,1,132,75.942,75.942,15
778,1,581,76.282,76.282,15
779,1,516,76.37,76.37,15
780,1,623,76.596,76.596,15
781,1,877,76.864,76.864,15
782,1,533,76.873,76.873,15
783,1,100,77.038,77.038,15
784,1,626,77.406,77.406,15
785,1,186,77.485,77.485,15
786,1,146,77.659,77.659,15
787,1,154,77.862,77.862,15
788,1,818,78.621,78.621,15
789,1,570,78.712,78.712,15
790,1,1074,79.332,79.332,15
791,1,564,80.371,80.371,15
792,1,506,80.399,80.399,15
793,1,629,80.793,80.793,15
794,1,632,81.099,81.099,15
795,1,291,81.618,81.618,15
796,1,684,82.116,82.116,15
797,1,244,82.695,82.695,15
798,1,550,83.042,83.042,15
799,1,296,85.879,85.879,15
800,1,1081,86.323,86.323,15
801,1,60,88.471,88.471,15
802,1,762,89.738,89.738,15
803,1,87,93.739,93.739,15
804,1,103,2.336,2.336,16
805,1,359,4.908,4.908,16
806,1,134,8.184,8.184,16
807,1,189,11.362,11.362,16
808,1,872,23.094,23.094,16
809,1,197,23.797,23.797,16
810,1,982,23.797,23.797,16
811,1,376,24.374,24.374,16
812,1,1039,25.347,25.347,16
813,1,1031,25.437,25.437,16
814,1,363,25.768,25.768,16
815,1,310,26.028,26.028,16
816,1,834,26.428,26.428,16
817,1,234,27.938,27.938,16
818,1,406,34.782,34.782,16
819,1,512,38.622,38.622,16
820,1,392,41.631,41.631,16
821,1,109,41.814,41.814,16
822,1,831,43.042,43.042,16
823,1,219,44.281,44.281,16
824,1,226,44.521,44.521,16
825,1,225,44.622,44.622,16
826,1,79,46.048,46.048,16
827,1,80,46.657,46.657,16
828,1,744,47.279,47.279,16
829,1,369,48.983,48.983,16
830,1,561,51.413,51.413,16
831,1,460,57.697,57.697,16
832,1,530,58.386,58.386,16
833,1,276,60.927,60.927,16
834,1,113,62.957,62.957,16
835,1,804,66.003,66.003,16
836,1,128,67.482,67.482,16
837,1,745,67.74,67.74,16
838,1,59,67.895,67.895,16
839,1,787,72.476,72.476,16
840,1,407,73.898,73.898,16
841,1,2,76.614,76.614,16
842,1,487,78.968,78.968,16
843,1,784,80.794,80.794,16
844,1,720,81.413,81.413,16
845,1,383,85.577,85.577,16
846,1,536,85.841,85.841,16
847,1,193,86.807,86.807,16
848,1,42,86.821,86.821,16
849,1,350,87.383,87.383,16
850,1,28,88.501,88.501,16
851,1,979,88.929,88.929,16
852,1,320,5.07,5.07,17
853,1,66,11.44,11.44,17
854,1,1010,12.173,12.173,17
855,1,958,13.202,13.202,17
856,1,969,13.83,13.83,17
857,1,821,16.381,16.381,17
858,1,915,18.957,18.957,17
859,1,768,20.357,20.357,17
860,1,104,21.029,21.029,17
861,1,213,21.274,21.274,17
862,1,125,22.441,22.441,17
863,1,830,23.495,23.495,17
864,1,596,32.99,32.99,17
865,1,891,38.553,38.553,17
866,1,389,41.551,41.551,17
867,1,885,41.59,41.59,17
868,1,832,42.449,42.449,17
869,1,914,55.591,55.591,17
870,1,934,56.348,56.348,17
871,1,935,56.348,56.348,17
872,1,943,56.614,56.614,17
873,1,396,57.33,57.33,17
874,1,442,59.916,59.916,17
875,1,822,62.789,62.789,17
876,1,1012,64.319,64.319,17
877,1,781,64.734,64.734,17
878,1,394,72.14,72.14,17
879,1,379,72.232,72.232,17
880,1,1009,72.631,72.631,17
881,1,589,72.645,72.645,17
882,1,1045,73.339,73.339,17
883,1,309,73.593,73.593,17
884,1,624,73.669,73.669,17
885,1,227,74.476,74.476,17
886,1,295,75.061,75.061,17
887,1,405,75.111,75.111,17
888,1,441,75.444,75.444,17
889,1,411,75.845,75.845,17
890,1,458,75.845,75.845,17
891,1,710,76.123,76.123,17
892,1,41,78.311,78.311,17
893,1,9,78.523,78.523,17
894,1,659,87.839,87.839,17
895,1,23,95.969,95.969,17
896,1,382,99.549,99.549,17
897,1,5,109.308,109.308,17
898,1,904,113.896,113.896,17
899,1,74,116.098,116.098,17
900,1,148,0.923,0.923,18
901,1,385,0.923,0.923,18
902,1,44,1.533,1.533,18
903,1,839,1.637,1.637,18
904,1,1003,7.529,7.529,18
905,1,58,8.117,8.117,18
906,1,464,8.117,8.117,18
907,1,325,8.153,8.153,18
908,1,833,8.628,8.628,18
909,1,1006,9.131,9.131,18
910,1,12,9.417,9.417,18
911,1,543,9.437,9.437,18
912,1,266,9.939,9.939,18
913,1,259,10.019,10.019,18
914,1,770,10.063,10.063,18
915,1,16,11.12,11.12,18
916,1,714,11.12,11.12,18
917,1,808,12.005,12.005,18
918,1,1061,15.967,15.967,18
919,1,750,19.482,19.482,18
920,1,55,26.922,26.922,18
921,1,786,38.962,38.962,18
922,1,323,39.861,39.861,18
923,1,777,40.414,40.414,18
924,1,136,41.17,41.17,18
925,1,855,41.455,41.455,18
926,1,206,43.918,43.918,18
927,1,362,44.053,44.053,18
928,1,736,44.925,44.925,18
929,1,637,44.989,44.989,18
930,1,742,46.375,46.375,18
931,1,740,47.508,47.508,18
932,1,157,47.882,47.882,18
933,1,420,47.933,47.933,18
934,1,947,48.209,48.209,18
935,1,115,48.948,48.948,18
936,1,393,48.948,48.948,18
937,1,983,48.948,48.948,18
938,1,984,48.948,48.948,18
939,1,985,48.948,48.948,18
940,1,991,48.948,48.948,18
941,1,782,50.883,50.883,18
942,1,361,52.035,52.035,18
943,1,773,52.035,52.035,18
944,1,316,53.378,53.378,18
945,1,595,54.445,54.445,18
946,1,22,55.603,55.603,18
947,1,585,55.603,55.603,18
948,1,789,55.603,55.603,18
949,1,933,55.603,55.603,18
950,1,119,56.183,56.183,18
951,1,666,56.711,56.711,18
952,1,795,56.711,56.711,18
953,1,895,56.711,56.711,18
954,1,299,60.526,60.526,18
955,1,757,60.922,60.922,18
956,1,192,63.215,63.215,18
957,1,307,63.923,63.923,18
958,1,605,63.952,63.952,18
959,1,169,64.255,64.255,18
960,1,929,64.255,64.255,18
961,1,824,64.959,64.959,18
962,1,94,69.133,69.133,18
963,1,13,69.503,69.503,18
964,1,937,70.624,70.624,18
965,1,976,72.842,72.842,18
966,1,865,73.336,73.336,18
967,1,866,73.802,73.802,18
968,1,940,74.995,74.995,18
969,1,73,78.278,78.278,18
970,1,802,78.501,78.501,18
971,1,925,78.894,78.894,18
972,1,255,79.119,79.119,18
973,1,1058,79.403,79.403,18
974,1,727,79.663,79.663,18
975,1,981,80.96,80.96,18
976,1,330,86.585,86.585,18
977,1,1008,87.301,87.301,18
978,1,151,90.462,90.462,18
979,1,207,93.867,93.867,18
980,1,328,96.305,96.305,18
981,1,993,97.315,97.315,18
982,1,759,100.159,100.159,18
983,1,129,100.44,100.44,18
984,1,92,101.849,101.849,18
985,1,1064,103.109,103.109,18
986,1,216,103.553,103.553,18
987,1,678,104.215,104.215,18
988,1,800,105.845,105.845,18
989,1,820,0,0,19
990,1,819,0.091,0.091,19
991,1,719,3.735,3.735,19
992,1,737,18.162,18.162,19
993,1,711,28.707,28.707,19
994,1,1001,29.317,29.317,19
995,1,709,30.414,30.414,19
996,1,75,33.219,33.219,19
997,1,147,34.003,34.003,19
998,1,43,34.396,34.396,19
999,1,882,35.779,35.779,19
1000,1,384,39.338,39.338,19
1001,1,65,46.098,46.098,19
1002,1,348,46.511,46.511,19
1003,1,690,48.449,48.449,19
1004,1,658,49.519,49.519,19
1005,1,423,50.297,50.297,19
1006,1,485,50.678,50.678,19
1007,1,539,51.634,51.634,19
1008,1,292,54.933,54.933,19
1009,1,401,54.933,54.933,19
1010,1,280,55.881,55.881,19
1011,1,287,56.404,56.404,19
1012,1,149,56.987,56.987,19
1013,1,181,56.987,56.987,19
1014,1,271,61.475,61.475,19
1015,1,578,61.475,61.475,19
1016,1,703,62.309,62.309,19
1017,1,1022,73.011,73.011,19
1018,1,31,73.904,73.904,19
1019,1,849,74.759,74.759,19
1020,1,351,76.541,76.541,19
1021,1,120,76.71,76.71,19
1022,1,449,76.787,76.787,19
1023,1,174,78.085,78.085,19
1024,1,86,84.05,84.05,19
1025,1,6,86.302,86.302,19
1026,1,598,88.791,88.791,19
1027,1,568,89.808,89.808,19
1028,1,803,90.334,90.334,19
1029,1,371,90.442,90.442,19
1030,1,582,91.522,91.522,19
1031,1,421,94.042,94.042,19
1032,1,233,100.692,100.692,19
1033,1,900,100.822,100.822,19
1034,1,381,3.052,3.052,20
1035,1,688,11.353,11.353,20
1036,1,480,17.031,17.031,20
1037,1,854,17.135,17.135,20
1038,1,1063,17.135,17.135,20
1039,1,869,18.506,18.506,20
1040,1,300,18.908,18.908,20
1041,1,733,19.679,19.679,20
1042,1,221,19.964,19.964,20
1043,1,998,25.757,25.757,20
1044,1,952,29.164,29.164,20
1045,1,196,29.561,29.561,20
1046,1,996,29.561,29.561,20
1047,1,1025,29.561,29.561,20
1048,1,256,29.598,29.598,20
1049,1,699,30.002,30.002,20
1050,1,707,30.134,30.134,20
1051,1,793,30.239,30.239,20
1052,1,349,33.207,33.207,20
1053,1,903,37.561,37.561,20
1054,1,1070,38.612,38.612,20
1055,1,443,41.895,41.895,20
1056,1,783,43.562,43.562,20
1057,1,836,43.987,43.987,20
1058,1,955,44.336,44.336,20
1059,1,851,49.925,49.925,20
1060,1,867,50.653,50.653,20
1061,1,338,50.849,50.849,20
1062,1,798,57.455,57.455,20
1063,1,1055,60.301,60.301,20
1064,1,663,63.997,63.997,20
1065,1,571,69.303,69.303,20
1066,1,203,85.381,85.381,20
1067,1,607,85.708,85.708,20
1068,1,644,85.708,85.708,20
1069,1,546,88.643,88.643,20
1070,1,826,90.454,90.454,20
1071,1,845,100.02,100.02,20
1072,1,214,105.111,105.111,20
1073,1,412,105.669,105.669,20
1074,1,713,106.93,106.93,20
1075,1,53,106.953,106.953,20
1076,1,1028,109.167,109.167,20
1077,1,635,109.24,109.24,20
1078,1,593,109.262,109.262,20
1079,1,859,110.087,110.087,20
1080,1,272,110.637,110.637,20
1081,1,281,111.275,111.275,20
1082,1,817,111.847,111.847,20
