aud_id,rev_type,gid,methn,gnpgs,gpid1,gpid2,created_by,lgid,glocn,gdate,gref,grplce,mgid,cid,sid,gchange,deleted,germplsm_uuid,modified_by,created_date,modified_date
1,0,60542,31,-1,0,0,65,0,25675,20220405,0,0,0,NULL,NULL,NULL,0,QAP6Gr4gp17p1,NULL,2022-04-05 09:36:58,NULL
2,0,60543,31,-1,0,0,65,0,25675,20220405,0,0,0,NULL,NULL,NULL,0,QAP6GEVSkl8nI,NULL,2022-04-05 09:36:58,NULL
3,0,60544,31,-1,0,0,65,0,25675,20220405,0,0,0,NULL,NULL,NULL,0,QAP6GdoMHi4Eq,NULL,2022-04-05 09:36:58,NULL
4,0,60545,31,-1,0,0,65,0,25675,20220405,0,0,0,NULL,NULL,NULL,0,QAP6GyZ0Rf0HL,NULL,2022-04-05 09:36:58,NULL
5,0,60546,31,-1,0,0,65,0,25675,20220405,0,0,0,NULL,NULL,NULL,0,QAP6GwchL2T8K,NULL,2022-04-05 09:36:58,NULL
6,0,60547,31,-1,0,0,65,0,25675,20220405,0,0,0,NULL,NULL,NULL,0,QAP6G1keJ7h4d,NULL,2022-04-05 09:36:58,NULL
7,0,60548,31,-1,0,0,65,0,25675,20220405,0,0,0,NULL,NULL,NULL,0,QAP6Gtju7MMvz,NULL,2022-04-05 09:36:58,NULL
8,0,60549,31,-1,0,0,65,0,25675,20220405,0,0,0,NULL,NULL,NULL,0,QAP6G6hj4ppOf,NULL,2022-04-05 09:36:58,NULL
9,0,60550,31,-1,0,0,109,0,245,20220518,0,0,0,NULL,NULL,NULL,0,QAP6GDMr8LiGg,NULL,2022-05-18 12:22:54,NULL
10,0,60551,31,-1,0,0,109,0,245,20220518,0,0,0,NULL,NULL,NULL,0,QAP6GwcOuO7yC,NULL,2022-05-18 12:22:54,NULL
11,0,60552,31,-1,0,0,109,0,245,20220518,0,0,0,NULL,NULL,NULL,0,QAP6GFI3tp4D0,NULL,2022-05-18 12:22:54,NULL
12,0,60553,31,-1,0,0,109,0,245,20220518,0,0,0,NULL,NULL,NULL,0,QAP6GBwV5k7M3,NULL,2022-05-18 12:22:54,NULL
13,0,60554,31,-1,0,0,109,0,245,20220518,0,0,0,NULL,NULL,NULL,0,QAP6GpFAFbpEA,NULL,2022-05-18 12:22:54,NULL
14,0,60555,31,-1,0,0,109,0,245,20220518,0,0,0,NULL,NULL,NULL,0,QAP6Gjhbn3kPB,NULL,2022-05-18 12:22:54,NULL
15,0,60556,31,-1,0,0,109,0,245,20220518,0,0,0,NULL,NULL,NULL,0,QAP6GU0VhOGHG,NULL,2022-05-18 12:22:54,NULL
16,0,60557,31,-1,0,0,109,0,245,20220518,0,0,0,NULL,NULL,NULL,0,QAP6GjcrPAesa,NULL,2022-05-18 12:22:54,NULL
17,0,60558,31,-1,0,0,109,0,245,20220518,0,0,0,NULL,NULL,NULL,0,QAP6GMc8CMqJb,NULL,2022-05-18 12:22:54,NULL
18,0,60559,31,-1,0,0,109,0,25667,20220621,0,0,0,NULL,NULL,NULL,0,QAP6G8TAMYzD3,NULL,2022-06-21 10:17:14,NULL
19,0,60560,31,-1,0,0,109,0,25667,20220621,0,0,0,NULL,NULL,NULL,0,QAP6G6wstgdJ7,NULL,2022-06-21 10:17:14,NULL
20,0,60561,31,-1,0,0,109,0,25667,20220630,0,0,0,NULL,NULL,NULL,0,QAP6Gv72EO6or,NULL,2022-06-30 13:25:09,NULL
21,0,60562,31,-1,0,0,109,0,25667,20220630,0,0,0,NULL,NULL,NULL,0,QAP6GDcX1D4tX,NULL,2022-06-30 13:25:09,NULL
22,0,60563,31,-1,0,0,109,0,25667,20220630,0,0,0,NULL,NULL,NULL,0,QAP6GkxYLNWVz,NULL,2022-06-30 13:25:09,NULL
23,0,60564,31,-1,0,0,109,0,25667,20220630,0,0,0,NULL,NULL,NULL,0,QAP6GmIOveFz8,NULL,2022-06-30 13:25:09,NULL
24,0,60565,31,-1,0,0,109,0,25667,20220630,0,0,0,NULL,NULL,NULL,0,QAP6GdXOLQIZY,NULL,2022-06-30 13:25:09,NULL
25,0,60566,31,-1,0,0,109,0,25667,20220630,0,0,0,NULL,NULL,NULL,0,QAP6GSPb80900,NULL,2022-06-30 13:25:09,NULL
26,0,60567,31,-1,0,0,109,0,25667,20220630,0,0,0,NULL,NULL,NULL,0,QAP6GuFWl5vAO,NULL,2022-06-30 13:25:09,NULL
27,0,60568,31,-1,0,0,109,0,25667,20220630,0,0,0,NULL,NULL,NULL,0,QAP6GSQiHFPd3,NULL,2022-06-30 13:25:09,NULL
28,0,60569,31,-1,0,0,109,0,25667,20220630,0,0,0,NULL,NULL,NULL,0,QAP6GOMXRJVCm,NULL,2022-06-30 13:25:09,NULL
29,0,60570,31,-1,0,0,109,0,25667,20220630,0,0,0,NULL,NULL,NULL,0,QAP6Gs5NXtDcP,NULL,2022-06-30 13:25:09,NULL
30,0,60571,31,-1,0,0,109,0,25667,20220630,0,0,0,NULL,NULL,NULL,0,QAP6G6yTOldQi,NULL,2022-06-30 13:25:09,NULL
31,0,60572,31,-1,0,0,109,0,25667,20220630,0,0,0,NULL,NULL,NULL,0,QAP6GhYUG85wZ,NULL,2022-06-30 13:25:09,NULL
32,0,60573,31,-1,0,0,109,0,25667,20220630,0,0,0,NULL,NULL,NULL,0,QAP6Ga7zJROAE,NULL,2022-06-30 13:25:09,NULL
33,0,60574,31,-1,0,0,109,0,25667,20220630,0,0,0,NULL,NULL,NULL,0,QAP6Gx38gp1u5,NULL,2022-06-30 13:25:09,NULL
34,0,60575,31,-1,0,0,109,0,25667,20220630,0,0,0,NULL,NULL,NULL,0,QAP6GdPPz6rX2,NULL,2022-06-30 13:25:09,NULL
35,0,60576,31,-1,0,0,109,0,25667,20220630,0,0,0,NULL,NULL,NULL,0,QAP6GwQMPhrje,NULL,2022-06-30 13:37:32,NULL
36,0,60577,31,-1,0,0,109,0,25667,20220630,0,0,0,NULL,NULL,NULL,0,QAP6Ge6YS5m3u,NULL,2022-06-30 13:37:32,NULL
37,0,60578,31,-1,0,0,109,0,25667,20220630,0,0,0,NULL,NULL,NULL,0,QAP6GLa6doiKU,NULL,2022-06-30 13:37:32,NULL
38,0,60579,31,-1,0,0,109,0,25667,20220630,0,0,0,NULL,NULL,NULL,0,QAP6G0Qv77Drs,NULL,2022-06-30 13:37:32,NULL
39,0,60580,31,-1,0,0,109,0,25667,20220630,0,0,0,NULL,NULL,NULL,0,QAP6GI1NWYnZc,NULL,2022-06-30 13:37:32,NULL
40,0,60581,31,-1,0,0,109,0,25667,20220630,0,0,0,NULL,NULL,NULL,0,QAP6GPCBoFWfK,NULL,2022-06-30 13:37:32,NULL
41,0,60582,31,-1,0,0,109,0,25667,20220630,0,0,0,NULL,NULL,NULL,0,QAP6G4eZ0ayvr,NULL,2022-06-30 13:37:32,NULL
42,0,60583,31,-1,0,0,109,0,25667,20220630,0,0,0,NULL,NULL,NULL,0,QAP6GrQxWNSo4,NULL,2022-06-30 13:37:32,NULL
43,0,60584,31,-1,0,0,109,0,25667,20220630,0,0,0,NULL,NULL,NULL,0,QAP6GnLcEW5Ce,NULL,2022-06-30 13:37:32,NULL
44,0,60585,31,-1,0,0,109,0,25667,20220630,0,0,0,NULL,NULL,NULL,0,QAP6GkbOigDzh,NULL,2022-06-30 13:37:32,NULL
45,0,60586,31,-1,0,0,109,0,25667,20220630,0,0,0,NULL,NULL,NULL,0,QAP6Gc4jbqde1,NULL,2022-06-30 13:37:32,NULL
46,0,60587,31,-1,0,0,109,0,25667,20220630,0,0,0,NULL,NULL,NULL,0,QAP6GRqrVft3p,NULL,2022-06-30 13:37:32,NULL
47,0,60588,31,-1,0,0,109,0,25667,20220630,0,0,0,NULL,NULL,NULL,0,QAP6GWz512l7R,NULL,2022-06-30 13:37:32,NULL
48,0,60589,31,-1,0,0,109,0,25667,20220630,0,0,0,NULL,NULL,NULL,0,QAP6GMpvw4RvD,NULL,2022-06-30 13:37:32,NULL
49,0,60590,31,-1,0,0,109,0,25667,20220630,0,0,0,NULL,NULL,NULL,0,QAP6GLoKvVxry,NULL,2022-06-30 13:37:32,NULL
50,0,60591,31,-1,0,0,109,0,25667,20220630,0,0,0,NULL,NULL,NULL,0,QAP6GLE5OdKdz,NULL,2022-06-30 13:37:32,NULL
51,0,60592,31,-1,0,0,109,0,25667,20220630,0,0,0,NULL,NULL,NULL,0,QAP6GWYTAB3Ur,NULL,2022-06-30 13:37:32,NULL
52,0,60593,31,-1,0,0,109,0,25667,20220630,0,0,0,NULL,NULL,NULL,0,QAP6G7Hhvt4tq,NULL,2022-06-30 13:37:32,NULL
53,0,60594,31,-1,0,0,109,0,25667,20220630,0,0,0,NULL,NULL,NULL,0,QAP6G56WNV0f8,NULL,2022-06-30 13:37:32,NULL
54,0,60595,31,-1,0,0,109,0,25667,20220630,0,0,0,NULL,NULL,NULL,0,QAP6GHkRRSTHF,NULL,2022-06-30 13:37:32,NULL
55,0,60596,31,-1,0,0,109,0,25667,20220630,0,0,0,NULL,NULL,NULL,0,QAP6GRI0uLmkR,NULL,2022-06-30 13:37:32,NULL
56,0,60597,31,-1,0,0,109,0,25667,20220630,0,0,0,NULL,NULL,NULL,0,QAP6GZsIHVypM,NULL,2022-06-30 13:37:32,NULL
57,0,60598,31,-1,0,0,109,0,25667,20220630,0,0,0,NULL,NULL,NULL,0,QAP6GGwhk3gbs,NULL,2022-06-30 13:37:32,NULL
58,0,60599,31,-1,0,0,109,0,25667,20220630,0,0,0,NULL,NULL,NULL,0,QAP6GNgZhDHAH,NULL,2022-06-30 13:37:32,NULL
59,0,60600,31,-1,0,0,109,0,25667,20220630,0,0,0,NULL,NULL,NULL,0,QAP6GHuxJ7BWc,NULL,2022-06-30 13:37:32,NULL
60,0,60601,31,-1,0,0,109,0,25667,20220630,0,0,0,NULL,NULL,NULL,0,QAP6GtwPWFK6D,NULL,2022-06-30 13:37:32,NULL
61,0,60602,31,-1,0,0,109,0,25667,20220630,0,0,0,NULL,NULL,NULL,0,QAP6GXlAc3QcN,NULL,2022-06-30 13:37:32,NULL
62,0,60603,31,-1,0,0,109,0,25667,20220630,0,0,0,NULL,NULL,NULL,0,QAP6GZLZVRt2x,NULL,2022-06-30 13:37:32,NULL
63,0,60604,31,-1,0,0,109,0,25667,20220630,0,0,0,NULL,NULL,NULL,0,QAP6GLgFGG7Bx,NULL,2022-06-30 13:37:32,NULL
64,0,60605,31,-1,0,0,109,0,25667,20220630,0,0,0,NULL,NULL,NULL,0,QAP6GS9r2KjhK,NULL,2022-06-30 13:37:32,NULL
65,0,60606,31,-1,0,0,109,0,25667,20220706,0,0,0,NULL,NULL,NULL,0,QAP6G3R6v3IfP,NULL,2022-07-06 12:03:36,NULL
66,0,60607,31,-1,0,0,109,0,25667,20220706,0,0,0,NULL,NULL,NULL,0,QAP6GxWPwS8TQ,NULL,2022-07-06 12:03:36,NULL
67,0,60608,31,-1,0,0,109,0,25667,20220706,0,0,0,NULL,NULL,NULL,0,QAP6GkYEXI9Ie,NULL,2022-07-06 12:03:36,NULL
68,0,60609,31,-1,0,0,109,0,25667,20220706,0,0,0,NULL,NULL,NULL,0,QAP6G1Rxb3kVY,NULL,2022-07-06 12:03:36,NULL
69,0,60610,31,-1,0,0,109,0,25667,20220711,0,0,0,NULL,NULL,NULL,0,QAP6GgCwX8UKc,NULL,2022-07-11 09:58:13,NULL
70,0,60611,31,-1,0,0,109,0,25667,20220711,0,0,0,NULL,NULL,NULL,0,QAP6GuaVwWnaC,NULL,2022-07-11 09:58:13,NULL
71,0,60612,31,-1,0,0,109,0,25667,20220711,0,0,0,NULL,NULL,NULL,0,QAP6Ggbpf8IvP,NULL,2022-07-11 09:58:13,NULL
72,0,60613,31,-1,0,0,109,0,25667,20220711,0,0,0,NULL,NULL,NULL,0,QAP6Ghgk2yQCR,NULL,2022-07-11 09:58:13,NULL
73,0,60614,31,-1,0,0,109,0,25667,20220711,0,0,0,NULL,NULL,NULL,0,QAP6GPjPk4bjV,NULL,2022-07-11 09:58:13,NULL
74,0,60615,31,-1,0,0,109,0,25667,20220711,0,0,0,NULL,NULL,NULL,0,QAP6GJjLskI6E,NULL,2022-07-11 09:58:13,NULL
75,0,60616,31,-1,0,0,109,0,25667,20220711,0,0,0,NULL,NULL,NULL,0,QAP6GS2gOX3G1,NULL,2022-07-11 09:58:13,NULL
76,0,60617,31,-1,0,0,109,0,25667,20220711,0,0,0,NULL,NULL,NULL,0,QAP6GJj56LgUi,NULL,2022-07-11 09:58:13,NULL
77,0,60618,31,-1,0,0,109,0,25667,20220711,0,0,0,NULL,NULL,NULL,0,QAP6G5X8WOIl5,NULL,2022-07-11 09:58:13,NULL
78,0,60619,31,-1,0,0,109,0,25667,20220711,0,0,0,NULL,NULL,NULL,0,QAP6GP6xIj21Q,NULL,2022-07-11 09:58:13,NULL
79,0,60620,31,-1,0,0,109,0,25667,20220711,0,0,0,NULL,NULL,NULL,0,QAP6GjDjGL1zY,NULL,2022-07-11 09:58:13,NULL
80,0,60621,31,-1,0,0,109,0,25667,20220711,0,0,0,NULL,NULL,NULL,0,QAP6GCInSIZYO,NULL,2022-07-11 09:58:13,NULL
81,0,60622,31,-1,0,0,109,0,25667,20220711,0,0,0,NULL,NULL,NULL,0,QAP6GFfKIEthe,NULL,2022-07-11 09:58:13,NULL
82,0,60623,31,-1,0,0,109,0,25667,20220711,0,0,0,NULL,NULL,NULL,0,QAP6GZc7esseN,NULL,2022-07-11 09:58:13,NULL
83,0,60624,31,-1,0,0,109,0,25667,20220711,0,0,0,NULL,NULL,NULL,0,QAP6GNJjmku5g,NULL,2022-07-11 09:58:13,NULL
84,0,60625,31,-1,0,0,109,0,25667,20220711,0,0,0,NULL,NULL,NULL,0,QAP6GPtimDGGu,NULL,2022-07-11 09:58:13,NULL
85,0,60626,31,-1,0,0,109,0,25667,20220711,0,0,0,NULL,NULL,NULL,0,QAP6G7FZaRl3E,NULL,2022-07-11 09:58:13,NULL
86,0,60627,31,-1,0,0,109,0,25667,20220711,0,0,0,NULL,NULL,NULL,0,QAP6GvwqUJoku,NULL,2022-07-11 09:58:13,NULL
87,0,60628,31,-1,0,0,109,0,25667,20220711,0,0,0,NULL,NULL,NULL,0,QAP6GDf5tbJFN,NULL,2022-07-11 09:58:13,NULL
88,0,60629,31,-1,0,0,109,0,25667,20220711,0,0,0,NULL,NULL,NULL,0,QAP6G2n9vpaC9,NULL,2022-07-11 09:58:13,NULL
89,0,60630,31,-1,0,0,109,0,25667,20220711,0,0,0,NULL,NULL,NULL,0,QAP6GUK7xHCTw,NULL,2022-07-11 09:58:13,NULL
90,0,60631,31,-1,0,0,109,0,25667,20220711,0,0,0,NULL,NULL,NULL,0,QAP6G6esuRAPO,NULL,2022-07-11 09:58:13,NULL
91,0,60632,31,-1,0,0,109,0,25667,20220711,0,0,0,NULL,NULL,NULL,0,QAP6GLlkxNfo3,NULL,2022-07-11 09:58:13,NULL
92,0,60633,31,-1,0,0,109,0,25667,20220711,0,0,0,NULL,NULL,NULL,0,QAP6GERMFAgnW,NULL,2022-07-11 09:58:13,NULL
93,0,60634,31,-1,0,0,109,0,25667,20220711,0,0,0,NULL,NULL,NULL,0,QAP6GswsEonbg,NULL,2022-07-11 09:58:13,NULL
94,0,60635,31,-1,0,0,109,0,25667,20220711,0,0,0,NULL,NULL,NULL,0,QAP6GpsTDXf2m,NULL,2022-07-11 09:58:13,NULL
95,0,60636,31,-1,0,0,109,0,25667,20220711,0,0,0,NULL,NULL,NULL,0,QAP6GIdutrXyT,NULL,2022-07-11 09:58:13,NULL
96,0,60637,31,-1,0,0,109,0,25667,20220711,0,0,0,NULL,NULL,NULL,0,QAP6GWxFXlPaI,NULL,2022-07-11 09:58:13,NULL
97,0,60638,31,-1,0,0,109,0,25667,20220711,0,0,0,NULL,NULL,NULL,0,QAP6GYis20WkC,NULL,2022-07-11 09:58:13,NULL
98,0,60639,31,-1,0,0,109,0,25667,20220711,0,0,0,NULL,NULL,NULL,0,QAP6GBib7N2T7,NULL,2022-07-11 09:58:13,NULL
99,0,60640,31,-1,0,0,109,0,25667,20220711,0,0,0,NULL,NULL,NULL,0,QAP6G7fYQImmO,NULL,2022-07-11 09:58:13,NULL
100,0,60641,31,-1,0,0,109,0,25667,20220711,0,0,0,NULL,NULL,NULL,0,QAP6G41mxSIjF,NULL,2022-07-11 09:58:13,NULL
101,0,60642,31,-1,0,0,109,0,25667,20220711,0,0,0,NULL,NULL,NULL,0,QAP6Gt8Wx1zR2,NULL,2022-07-11 09:58:13,NULL
102,0,60643,31,-1,0,0,109,0,25667,20220711,0,0,0,NULL,NULL,NULL,0,QAP6G2XvwjktY,NULL,2022-07-11 09:58:13,NULL
103,0,60644,31,-1,0,0,109,0,25667,20220711,0,0,0,NULL,NULL,NULL,0,QAP6Gvv0zFzvl,NULL,2022-07-11 09:58:13,NULL
104,0,60645,31,-1,0,0,109,0,25667,20220711,0,0,0,NULL,NULL,NULL,0,QAP6G2kollgYQ,NULL,2022-07-11 09:58:13,NULL
105,0,60646,31,-1,0,0,109,0,25667,20220711,0,0,0,NULL,NULL,NULL,0,QAP6GvdjgaepU,NULL,2022-07-11 09:58:13,NULL
106,0,60647,31,-1,0,0,109,0,25667,20220711,0,0,0,NULL,NULL,NULL,0,QAP6GGtWQHnJD,NULL,2022-07-11 09:58:13,NULL
107,0,60648,31,-1,0,0,109,0,25667,20220711,0,0,0,NULL,NULL,NULL,0,QAP6GKRmKLJ4M,NULL,2022-07-11 09:58:13,NULL
108,0,60649,31,-1,0,0,109,0,25667,20220711,0,0,0,NULL,NULL,NULL,0,QAP6GsxLf37AZ,NULL,2022-07-11 09:58:13,NULL
109,0,60650,31,-1,0,0,109,0,25667,20220711,0,0,0,NULL,NULL,NULL,0,QAP6GQBGQsp6H,NULL,2022-07-11 09:58:13,NULL
110,0,60651,31,-1,0,0,109,0,25667,20220711,0,0,0,NULL,NULL,NULL,0,QAP6G6f1ocWjd,NULL,2022-07-11 09:58:13,NULL
111,0,60652,31,-1,0,0,109,0,25667,20220711,0,0,0,NULL,NULL,NULL,0,QAP6Gc02aO6ZR,NULL,2022-07-11 09:58:13,NULL
112,0,60653,31,-1,0,0,109,0,25667,20220711,0,0,0,NULL,NULL,NULL,0,QAP6G64f6qTt6,NULL,2022-07-11 09:58:13,NULL
113,0,60654,31,-1,0,0,109,0,25667,20220711,0,0,0,NULL,NULL,NULL,0,QAP6GbQnqin9F,NULL,2022-07-11 09:58:13,NULL
114,0,60655,31,-1,0,0,109,0,25667,20220711,0,0,0,NULL,NULL,NULL,0,QAP6GSx6sj0oV,NULL,2022-07-11 09:58:13,NULL
115,0,60656,31,-1,0,0,109,0,25667,20220711,0,0,0,NULL,NULL,NULL,0,QAP6GmDNFfYH3,NULL,2022-07-11 09:58:13,NULL
116,0,60657,31,-1,0,0,109,0,25667,20220711,0,0,0,NULL,NULL,NULL,0,QAP6GvakV8RJV,NULL,2022-07-11 09:58:13,NULL
117,0,60658,31,-1,0,0,109,0,25667,20220711,0,0,0,NULL,NULL,NULL,0,QAP6Gn5avsi33,NULL,2022-07-11 09:58:13,NULL
118,0,60659,31,-1,0,0,109,0,25667,20220711,0,0,0,NULL,NULL,NULL,0,QAP6GjGhU7DQA,NULL,2022-07-11 09:58:13,NULL
119,0,60660,31,-1,0,0,109,0,25667,20220711,0,0,0,NULL,NULL,NULL,0,QAP6GyGZmbBsx,NULL,2022-07-11 09:58:13,NULL
120,0,60661,31,-1,0,0,109,0,25667,20220711,0,0,0,NULL,NULL,NULL,0,QAP6G5X7YxWox,NULL,2022-07-11 09:58:13,NULL
121,0,60662,31,-1,0,0,109,0,25667,20220711,0,0,0,NULL,NULL,NULL,0,QAP6GvABCXbIL,NULL,2022-07-11 09:58:13,NULL
122,0,60663,31,-1,0,0,109,0,25667,20220711,0,0,0,NULL,NULL,NULL,0,QAP6GhyLOnth8,NULL,2022-07-11 09:58:13,NULL
123,0,60664,31,-1,0,0,109,0,25667,20220711,0,0,0,NULL,NULL,NULL,0,QAP6GqwV2WpwH,NULL,2022-07-11 09:58:13,NULL
124,0,60665,31,-1,0,0,109,0,25667,20220711,0,0,0,NULL,NULL,NULL,0,QAP6GtzqkmaNq,NULL,2022-07-11 09:58:13,NULL
125,0,60666,31,-1,0,0,109,0,25667,20220711,0,0,0,NULL,NULL,NULL,0,QAP6Gt2xoOYXM,NULL,2022-07-11 09:58:13,NULL
126,0,60667,31,-1,0,0,109,0,25667,20220711,0,0,0,NULL,NULL,NULL,0,QAP6GNMs2CgY5,NULL,2022-07-11 09:58:13,NULL
127,0,60668,31,-1,0,0,109,0,25667,20220711,0,0,0,NULL,NULL,NULL,0,QAP6GCyI4EZ6I,NULL,2022-07-11 09:58:13,NULL
128,0,60669,31,-1,0,0,109,0,25667,20220711,0,0,0,NULL,NULL,NULL,0,QAP6GoHbb4g09,NULL,2022-07-11 09:58:13,NULL
129,0,60670,31,-1,0,0,109,0,25667,20220711,0,0,0,NULL,NULL,NULL,0,QAP6GOztTNAq7,NULL,2022-07-11 09:58:13,NULL
130,0,60671,31,-1,0,0,109,0,25667,20220711,0,0,0,NULL,NULL,NULL,0,QAP6GhJRPTUsc,NULL,2022-07-11 09:58:13,NULL
131,0,60672,31,-1,0,0,109,0,25667,20220711,0,0,0,NULL,NULL,NULL,0,QAP6GnSHrcmiF,NULL,2022-07-11 09:58:13,NULL
132,0,60673,31,-1,0,0,109,0,25667,20220711,0,0,0,NULL,NULL,NULL,0,QAP6GpLV2KPK7,NULL,2022-07-11 09:58:13,NULL
133,0,60674,31,-1,0,0,109,0,25667,20220711,0,0,0,NULL,NULL,NULL,0,QAP6GvhOE1uj2,NULL,2022-07-11 09:58:13,NULL
134,0,60675,31,-1,0,0,109,0,25667,20220711,0,0,0,NULL,NULL,NULL,0,QAP6Gm0ERT8Ru,NULL,2022-07-11 09:58:13,NULL
135,0,60676,31,-1,0,0,109,0,25667,20220711,0,0,0,NULL,NULL,NULL,0,QAP6G2yWD38do,NULL,2022-07-11 09:58:13,NULL
136,0,60677,31,-1,0,0,109,0,25667,20220711,0,0,0,NULL,NULL,NULL,0,QAP6GtmvdFa6T,NULL,2022-07-11 09:58:13,NULL
137,0,60678,31,-1,0,0,109,0,25667,20220711,0,0,0,NULL,NULL,NULL,0,QAP6GW7QcQCk8,NULL,2022-07-11 09:58:13,NULL
138,0,60679,31,-1,0,0,109,0,25667,20220711,0,0,0,NULL,NULL,NULL,0,QAP6GqXTjXiMb,NULL,2022-07-11 09:58:13,NULL
139,0,60680,31,-1,0,0,109,0,25667,20220711,0,0,0,NULL,NULL,NULL,0,QAP6GNxw7UUoQ,NULL,2022-07-11 09:58:13,NULL
140,0,60681,31,-1,0,0,109,0,25667,20220711,0,0,0,NULL,NULL,NULL,0,QAP6GzoHoGAY2,NULL,2022-07-11 09:58:13,NULL
141,0,60682,31,-1,0,0,109,0,25667,20220711,0,0,0,NULL,NULL,NULL,0,QAP6Gf4PXMra0,NULL,2022-07-11 09:58:13,NULL
142,0,60683,31,-1,0,0,109,0,25667,20220711,0,0,0,NULL,NULL,NULL,0,QAP6GgDWZHz0U,NULL,2022-07-11 09:58:13,NULL
143,0,60684,31,-1,0,0,109,0,25667,20220711,0,0,0,NULL,NULL,NULL,0,QAP6GZRZi09VQ,NULL,2022-07-11 09:58:13,NULL
144,0,60685,31,-1,0,0,109,0,25667,20220711,0,0,0,NULL,NULL,NULL,0,QAP6GsYoBdfgT,NULL,2022-07-11 09:58:13,NULL
145,0,60686,31,-1,0,0,109,0,25667,20220711,0,0,0,NULL,NULL,NULL,0,QAP6Gny5fyIOr,NULL,2022-07-11 09:58:13,NULL
146,0,60687,31,-1,0,0,109,0,25667,20220711,0,0,0,NULL,NULL,NULL,0,QAP6GDJ14a8c1,NULL,2022-07-11 09:58:13,NULL
147,0,60688,31,-1,0,0,109,0,25667,20220711,0,0,0,NULL,NULL,NULL,0,QAP6GxFriGrFB,NULL,2022-07-11 09:58:13,NULL
148,0,60689,31,-1,0,0,109,0,25667,20220711,0,0,0,NULL,NULL,NULL,0,QAP6G5ZwXv6Q7,NULL,2022-07-11 09:58:13,NULL
149,0,60690,31,-1,0,0,109,0,25667,20220711,0,0,0,NULL,NULL,NULL,0,QAP6GvPJmOrLZ,NULL,2022-07-11 09:58:13,NULL
150,0,60691,31,-1,0,0,109,0,25667,20220711,0,0,0,NULL,NULL,NULL,0,QAP6GjepvzTD7,NULL,2022-07-11 09:58:13,NULL
151,0,60692,31,-1,0,0,109,0,25667,20220711,0,0,0,NULL,NULL,NULL,0,QAP6G0agPDtFl,NULL,2022-07-11 09:58:13,NULL
152,0,60693,31,-1,0,0,109,0,25667,20220711,0,0,0,NULL,NULL,NULL,0,QAP6GP8c3AmNC,NULL,2022-07-11 09:58:13,NULL
153,0,60694,31,-1,0,0,109,0,25667,20220711,0,0,0,NULL,NULL,NULL,0,QAP6GweyiXanQ,NULL,2022-07-11 09:58:13,NULL
154,0,60695,31,-1,0,0,109,0,25667,20220711,0,0,0,NULL,NULL,NULL,0,QAP6Gmx2j3hy6,NULL,2022-07-11 09:58:13,NULL
155,0,60696,31,-1,0,0,109,0,25667,20220711,0,0,0,NULL,NULL,NULL,0,QAP6GJIgJRb7k,NULL,2022-07-11 09:58:13,NULL
156,0,60697,31,-1,0,0,109,0,25667,20220711,0,0,0,NULL,NULL,NULL,0,QAP6G4EVIZzfE,NULL,2022-07-11 09:58:13,NULL
157,0,60698,31,-1,0,0,109,0,25667,20220711,0,0,0,NULL,NULL,NULL,0,QAP6GYeLo2kmt,NULL,2022-07-11 09:58:13,NULL
158,0,60699,31,-1,0,0,109,0,25667,20220711,0,0,0,NULL,NULL,NULL,0,QAP6GrfE1gsQN,NULL,2022-07-11 09:58:13,NULL
159,0,60700,31,-1,0,0,109,0,25667,20220711,0,0,0,NULL,NULL,NULL,0,QAP6G0Fmm50Ui,NULL,2022-07-11 09:58:13,NULL
160,0,60701,31,-1,0,0,109,0,25667,20220711,0,0,0,NULL,NULL,NULL,0,QAP6GeOOMGDGc,NULL,2022-07-11 09:58:13,NULL
161,0,60702,31,-1,0,0,109,0,25667,20220711,0,0,0,NULL,NULL,NULL,0,QAP6G9GzxOaYu,NULL,2022-07-11 09:58:13,NULL
162,0,60703,31,-1,0,0,109,0,25667,20220711,0,0,0,NULL,NULL,NULL,0,QAP6Gg9aeDGlo,NULL,2022-07-11 09:58:13,NULL
163,0,60704,31,-1,0,0,109,0,25667,20220711,0,0,0,NULL,NULL,NULL,0,QAP6GFtOZIVLe,NULL,2022-07-11 09:58:13,NULL
164,0,60705,31,-1,0,0,109,0,25667,20220711,0,0,0,NULL,NULL,NULL,0,QAP6GmxnBaOzA,NULL,2022-07-11 10:09:38,NULL
165,0,60706,31,-1,0,0,109,0,25667,20220711,0,0,0,NULL,NULL,NULL,0,QAP6Gs1suRfhk,NULL,2022-07-11 10:09:38,NULL
166,0,60707,31,-1,0,0,109,0,25667,20220711,0,0,0,NULL,NULL,NULL,0,QAP6Gjr7EoBx6,NULL,2022-07-11 10:09:38,NULL
167,0,60708,31,-1,0,0,109,0,25667,20220711,0,0,0,NULL,NULL,NULL,0,QAP6Gchg1O6xx,NULL,2022-07-11 10:09:38,NULL
168,0,60709,31,-1,0,0,109,0,25667,20220711,0,0,0,NULL,NULL,NULL,0,QAP6GMuEVQLyt,NULL,2022-07-11 10:09:38,NULL
169,0,60710,31,-1,0,0,109,0,25667,20220711,0,0,0,NULL,NULL,NULL,0,QAP6GKZgGWIPR,NULL,2022-07-11 10:09:38,NULL
170,0,60711,31,-1,0,0,109,0,25667,20220711,0,0,0,NULL,NULL,NULL,0,QAP6GYA3FSczk,NULL,2022-07-11 10:09:38,NULL
171,0,60712,31,-1,0,0,109,0,25667,20220711,0,0,0,NULL,NULL,NULL,0,QAP6G6Hb08vBy,NULL,2022-07-11 10:09:38,NULL
172,0,60713,31,-1,0,0,109,0,25667,20220711,0,0,0,NULL,NULL,NULL,0,QAP6GKtr38ytQ,NULL,2022-07-11 10:09:38,NULL
173,0,60714,31,-1,0,0,109,0,25667,20220711,0,0,0,NULL,NULL,NULL,0,QAP6GH8AtnsZP,NULL,2022-07-11 10:09:38,NULL
174,0,60715,31,-1,0,0,109,0,25667,20220711,0,0,0,NULL,NULL,NULL,0,QAP6Gm4unsLiy,NULL,2022-07-11 10:09:38,NULL
175,0,60716,31,-1,0,0,109,0,25667,20220711,0,0,0,NULL,NULL,NULL,0,QAP6GGehehtli,NULL,2022-07-11 10:09:38,NULL
176,0,60717,31,-1,0,0,109,0,25667,20220711,0,0,0,NULL,NULL,NULL,0,QAP6GdmDHPtm5,NULL,2022-07-11 10:09:38,NULL
177,0,60718,31,-1,0,0,109,0,25667,20220711,0,0,0,NULL,NULL,NULL,0,QAP6GGRut6Ngj,NULL,2022-07-11 10:09:38,NULL
178,0,60719,31,-1,0,0,109,0,25667,20220711,0,0,0,NULL,NULL,NULL,0,QAP6GmuTRHe0K,NULL,2022-07-11 10:09:38,NULL
179,0,60720,31,-1,0,0,109,0,25667,20220711,0,0,0,NULL,NULL,NULL,0,QAP6GyjTpIpS9,NULL,2022-07-11 10:09:38,NULL
180,0,60721,31,-1,0,0,109,0,25667,20220711,0,0,0,NULL,NULL,NULL,0,QAP6GExar5mH0,NULL,2022-07-11 10:09:38,NULL
181,0,60722,31,-1,0,0,109,0,25667,20220711,0,0,0,NULL,NULL,NULL,0,QAP6GsPpRRCvV,NULL,2022-07-11 10:09:38,NULL
182,0,60723,31,-1,0,0,109,0,25667,20220711,0,0,0,NULL,NULL,NULL,0,QAP6GVKbIqA2Q,NULL,2022-07-11 10:09:38,NULL
183,0,60724,31,-1,0,0,109,0,25667,20220711,0,0,0,NULL,NULL,NULL,0,QAP6GpUiQhdNb,NULL,2022-07-11 10:09:38,NULL
184,0,60725,31,-1,0,0,109,0,25667,20220711,0,0,0,NULL,NULL,NULL,0,QAP6GEEJZicnl,NULL,2022-07-11 10:09:38,NULL
185,0,60726,31,-1,0,0,109,0,25667,20220711,0,0,0,NULL,NULL,NULL,0,QAP6GanqRqHfe,NULL,2022-07-11 10:09:38,NULL
186,0,60727,31,-1,0,0,109,0,25667,20220711,0,0,0,NULL,NULL,NULL,0,QAP6Gfe0y8BWZ,NULL,2022-07-11 10:09:38,NULL
187,0,60728,31,-1,0,0,109,0,25667,20220711,0,0,0,NULL,NULL,NULL,0,QAP6GcRsHyWDJ,NULL,2022-07-11 10:09:38,NULL
188,0,60729,31,-1,0,0,109,0,25667,20220711,0,0,0,NULL,NULL,NULL,0,QAP6GgJOHVfqD,NULL,2022-07-11 10:09:38,NULL
189,0,60730,31,-1,0,0,109,0,25667,20220711,0,0,0,NULL,NULL,NULL,0,QAP6G1VzNfFg9,NULL,2022-07-11 10:09:38,NULL
190,0,60731,31,-1,0,0,109,0,25667,20220711,0,0,0,NULL,NULL,NULL,0,QAP6GcvBw4xJL,NULL,2022-07-11 10:09:38,NULL
191,0,60732,31,-1,0,0,109,0,25667,20220711,0,0,0,NULL,NULL,NULL,0,QAP6GAZAyca33,NULL,2022-07-11 10:09:38,NULL
192,0,60733,31,-1,0,0,109,0,25667,20220711,0,0,0,NULL,NULL,NULL,0,QAP6GNSqHiciJ,NULL,2022-07-11 10:09:38,NULL
193,0,60734,31,-1,0,0,109,0,25667,20220711,0,0,0,NULL,NULL,NULL,0,QAP6GA6yo7JSR,NULL,2022-07-11 10:09:38,NULL
194,0,60735,31,-1,0,0,109,0,25667,20220711,0,0,0,NULL,NULL,NULL,0,QAP6G5HjB5634,NULL,2022-07-11 10:09:38,NULL
195,0,60736,31,-1,0,0,109,0,25667,20220711,0,0,0,NULL,NULL,NULL,0,QAP6GIst0cGdJ,NULL,2022-07-11 10:09:38,NULL
196,0,60737,31,-1,0,0,109,0,25667,20220711,0,0,0,NULL,NULL,NULL,0,QAP6G1Bp8pooN,NULL,2022-07-11 10:09:38,NULL
197,0,60738,31,-1,0,0,109,0,25667,20220711,0,0,0,NULL,NULL,NULL,0,QAP6Gb7vHbjkW,NULL,2022-07-11 10:09:38,NULL
198,0,60739,31,-1,0,0,109,0,25667,20220711,0,0,0,NULL,NULL,NULL,0,QAP6GPyRSub5K,NULL,2022-07-11 10:09:38,NULL
199,0,60740,31,-1,0,0,109,0,25667,20220711,0,0,0,NULL,NULL,NULL,0,QAP6GCOM3wTMa,NULL,2022-07-11 10:09:38,NULL
200,0,60741,31,-1,0,0,109,0,25667,20220711,0,0,0,NULL,NULL,NULL,0,QAP6GdPajvjMN,NULL,2022-07-11 10:09:38,NULL
201,0,60742,31,-1,0,0,109,0,25667,20220711,0,0,0,NULL,NULL,NULL,0,QAP6G6CWUngxJ,NULL,2022-07-11 10:09:38,NULL
202,0,60743,31,-1,0,0,109,0,25667,20220711,0,0,0,NULL,NULL,NULL,0,QAP6GRWyNrtnY,NULL,2022-07-11 10:09:38,NULL
203,0,60744,31,-1,0,0,109,0,25667,20220711,0,0,0,NULL,NULL,NULL,0,QAP6GuWRwgjfs,NULL,2022-07-11 10:09:38,NULL
204,0,60745,31,-1,0,0,109,0,25667,20220711,0,0,0,NULL,NULL,NULL,0,QAP6GxHPeJBUA,NULL,2022-07-11 10:09:38,NULL
205,0,60746,31,-1,0,0,109,0,25667,20220711,0,0,0,NULL,NULL,NULL,0,QAP6G31Zdsk21,NULL,2022-07-11 10:09:38,NULL
206,0,60747,31,-1,0,0,109,0,25667,20220711,0,0,0,NULL,NULL,NULL,0,QAP6G9hXRPfvo,NULL,2022-07-11 10:09:38,NULL
207,0,60748,31,-1,0,0,109,0,25667,20220711,0,0,0,NULL,NULL,NULL,0,QAP6GdX6IO72j,NULL,2022-07-11 10:09:38,NULL
208,0,60749,31,-1,0,0,109,0,25667,20220711,0,0,0,NULL,NULL,NULL,0,QAP6Gwj305PU1,NULL,2022-07-11 10:09:38,NULL
209,0,60750,31,-1,0,0,109,0,25667,20220711,0,0,0,NULL,NULL,NULL,0,QAP6GlgxE6ivT,NULL,2022-07-11 10:09:38,NULL
210,0,60751,31,-1,0,0,109,0,25667,20220711,0,0,0,NULL,NULL,NULL,0,QAP6GUsQP4NtP,NULL,2022-07-11 10:09:38,NULL
211,0,60752,31,-1,0,0,109,0,25667,20220711,0,0,0,NULL,NULL,NULL,0,QAP6Gs9sqhoPF,NULL,2022-07-11 10:09:38,NULL
212,0,60753,31,-1,0,0,109,0,25667,20220711,0,0,0,NULL,NULL,NULL,0,QAP6GS50IGPum,NULL,2022-07-11 10:09:38,NULL
213,0,60754,31,-1,0,0,109,0,25667,20220711,0,0,0,NULL,NULL,NULL,0,QAP6G7P9i4Wlw,NULL,2022-07-11 10:09:38,NULL
214,0,60755,31,-1,0,0,109,0,25667,20220711,0,0,0,NULL,NULL,NULL,0,QAP6GyuUUXUE6,NULL,2022-07-11 10:09:38,NULL
215,0,60756,31,-1,0,0,109,0,25667,20220711,0,0,0,NULL,NULL,NULL,0,QAP6G2QJaWp7T,NULL,2022-07-11 10:09:38,NULL
216,0,60757,31,-1,0,0,109,0,25667,20220711,0,0,0,NULL,NULL,NULL,0,QAP6GlQLFpRij,NULL,2022-07-11 10:09:38,NULL
217,0,60758,31,-1,0,0,109,0,25667,20220711,0,0,0,NULL,NULL,NULL,0,QAP6GlxG7Evza,NULL,2022-07-11 10:09:38,NULL
218,0,60759,31,-1,0,0,109,0,25667,20220711,0,0,0,NULL,NULL,NULL,0,QAP6GwStHlY4G,NULL,2022-07-11 10:09:38,NULL
219,0,60760,31,-1,0,0,109,0,25667,20220711,0,0,0,NULL,NULL,NULL,0,QAP6Ga2GXtahH,NULL,2022-07-11 10:09:38,NULL
220,0,60761,31,-1,0,0,109,0,25667,20220711,0,0,0,NULL,NULL,NULL,0,QAP6GJCjNWhtd,NULL,2022-07-11 10:09:38,NULL
221,0,60762,31,-1,0,0,109,0,25667,20220711,0,0,0,NULL,NULL,NULL,0,QAP6GsKvAn6su,NULL,2022-07-11 10:09:38,NULL
222,0,60763,31,-1,0,0,109,0,25667,20220711,0,0,0,NULL,NULL,NULL,0,QAP6G1vEt1cCP,NULL,2022-07-11 10:09:38,NULL
223,0,60764,31,-1,0,0,109,0,25667,20220711,0,0,0,NULL,NULL,NULL,0,QAP6GRkTcIREP,NULL,2022-07-11 10:09:38,NULL
224,0,60765,31,-1,0,0,109,0,25667,20220711,0,0,0,NULL,NULL,NULL,0,QAP6G49VnPzTW,NULL,2022-07-11 10:09:38,NULL
225,0,60766,31,-1,0,0,109,0,25667,20220711,0,0,0,NULL,NULL,NULL,0,QAP6GlvgE1Khj,NULL,2022-07-11 10:09:38,NULL
226,0,60767,31,-1,0,0,109,0,25667,20220711,0,0,0,NULL,NULL,NULL,0,QAP6GoM8EUEU6,NULL,2022-07-11 10:09:38,NULL
227,0,60768,31,-1,0,0,109,0,25667,20220711,0,0,0,NULL,NULL,NULL,0,QAP6GfyMJZcZE,NULL,2022-07-11 10:09:38,NULL
228,0,60769,31,-1,0,0,109,0,25667,20220711,0,0,0,NULL,NULL,NULL,0,QAP6GS1xZBftC,NULL,2022-07-11 10:09:38,NULL
229,0,60770,31,-1,0,0,109,0,25667,20220711,0,0,0,NULL,NULL,NULL,0,QAP6GDWBTmLrX,NULL,2022-07-11 10:09:38,NULL
230,0,60771,31,-1,0,0,109,0,25667,20220711,0,0,0,NULL,NULL,NULL,0,QAP6GA5bxMTY4,NULL,2022-07-11 10:09:38,NULL
231,0,60772,31,-1,0,0,109,0,25667,20220711,0,0,0,NULL,NULL,NULL,0,QAP6Gis7S9UAU,NULL,2022-07-11 10:09:38,NULL
232,0,60773,31,-1,0,0,109,0,25667,20220711,0,0,0,NULL,NULL,NULL,0,QAP6GY8sFnPQj,NULL,2022-07-11 10:09:38,NULL
233,0,60774,31,-1,0,0,109,0,25667,20220711,0,0,0,NULL,NULL,NULL,0,QAP6GjJhfuODM,NULL,2022-07-11 10:09:38,NULL
234,0,60775,31,-1,0,0,109,0,25667,20220711,0,0,0,NULL,NULL,NULL,0,QAP6GiVu5Toqg,NULL,2022-07-11 10:09:38,NULL
235,0,60776,31,-1,0,0,109,0,25667,20220711,0,0,0,NULL,NULL,NULL,0,QAP6GKtl6HwXV,NULL,2022-07-11 10:09:38,NULL
236,0,60777,31,-1,0,0,109,0,25667,20220711,0,0,0,NULL,NULL,NULL,0,QAP6GaOZ2TWg4,NULL,2022-07-11 10:09:38,NULL
237,0,60778,31,-1,0,0,109,0,25667,20220711,0,0,0,NULL,NULL,NULL,0,QAP6Gb7GcXGAO,NULL,2022-07-11 10:09:38,NULL
238,0,60779,31,-1,0,0,109,0,25667,20220711,0,0,0,NULL,NULL,NULL,0,QAP6GqA61O6mM,NULL,2022-07-11 10:09:38,NULL
239,0,60780,31,-1,0,0,109,0,25667,20220711,0,0,0,NULL,NULL,NULL,0,QAP6GpeGPBhLf,NULL,2022-07-11 10:09:38,NULL
240,0,60781,31,-1,0,0,109,0,25667,20220711,0,0,0,NULL,NULL,NULL,0,QAP6GJ24O0nm9,NULL,2022-07-11 10:09:38,NULL
241,0,60782,31,-1,0,0,109,0,25667,20220711,0,0,0,NULL,NULL,NULL,0,QAP6GrlVeWwiX,NULL,2022-07-11 10:09:38,NULL
242,0,60783,31,-1,0,0,109,0,25667,20220711,0,0,0,NULL,NULL,NULL,0,QAP6GeOMoKqtT,NULL,2022-07-11 10:09:38,NULL
243,0,60784,31,-1,0,0,109,0,25667,20220711,0,0,0,NULL,NULL,NULL,0,QAP6Gt80I28l8,NULL,2022-07-11 10:22:35,NULL
244,0,60785,31,-1,0,0,109,0,25667,20220711,0,0,0,NULL,NULL,NULL,0,QAP6Gsnc7pCwp,NULL,2022-07-11 10:22:35,NULL
245,0,60786,31,-1,0,0,109,0,25667,20220711,0,0,0,NULL,NULL,NULL,0,QAP6Gjo4mE6RZ,NULL,2022-07-11 10:22:35,NULL
246,0,60787,31,-1,0,0,109,0,25667,20220711,0,0,0,NULL,NULL,NULL,0,QAP6GbzgmJOjr,NULL,2022-07-11 10:22:35,NULL
247,0,60788,31,-1,0,0,109,0,25667,20220711,0,0,0,NULL,NULL,NULL,0,QAP6G1oCkcpv5,NULL,2022-07-11 10:22:35,NULL
248,0,60789,31,-1,0,0,109,0,25667,20220711,0,0,0,NULL,NULL,NULL,0,QAP6G2GZqwRB5,NULL,2022-07-11 10:22:35,NULL
249,0,60790,31,-1,0,0,109,0,25667,20220711,0,0,0,NULL,NULL,NULL,0,QAP6GQ3vr8buh,NULL,2022-07-11 10:22:35,NULL
250,0,60791,31,-1,0,0,109,0,25667,20220711,0,0,0,NULL,NULL,NULL,0,QAP6G0dCl5ZbT,NULL,2022-07-11 10:22:35,NULL
251,0,60792,31,-1,0,0,109,0,25667,20220711,0,0,0,NULL,NULL,NULL,0,QAP6GpUAkcxbD,NULL,2022-07-11 10:22:35,NULL
252,0,60793,31,-1,0,0,109,0,25667,20220711,0,0,0,NULL,NULL,NULL,0,QAP6GMGb2ctYm,NULL,2022-07-11 10:22:35,NULL
253,0,60794,31,-1,0,0,109,0,25667,20220711,0,0,0,NULL,NULL,NULL,0,QAP6GG7JYGTS2,NULL,2022-07-11 10:22:35,NULL
254,0,60795,31,-1,0,0,109,0,25667,20220711,0,0,0,NULL,NULL,NULL,0,QAP6GibXWfkW5,NULL,2022-07-11 10:22:35,NULL
255,0,60796,31,-1,0,0,109,0,25667,20220711,0,0,0,NULL,NULL,NULL,0,QAP6Gg5c9m4Ns,NULL,2022-07-11 10:22:35,NULL
256,0,60797,31,-1,0,0,109,0,25667,20220711,0,0,0,NULL,NULL,NULL,0,QAP6GC8sN1TsP,NULL,2022-07-11 10:22:35,NULL
257,0,60798,31,-1,0,0,109,0,25667,20220711,0,0,0,NULL,NULL,NULL,0,QAP6GdHx1XDE4,NULL,2022-07-11 10:22:35,NULL
258,0,60799,31,-1,0,0,109,0,25667,20220711,0,0,0,NULL,NULL,NULL,0,QAP6GdMGFn8gh,NULL,2022-07-11 10:22:35,NULL
259,0,60800,31,-1,0,0,109,0,25667,20220711,0,0,0,NULL,NULL,NULL,0,QAP6G9wy9kfu2,NULL,2022-07-11 10:22:35,NULL
260,0,60801,31,-1,0,0,109,0,25667,20220711,0,0,0,NULL,NULL,NULL,0,QAP6GkB1bhen8,NULL,2022-07-11 10:22:35,NULL
261,0,60802,31,-1,0,0,109,0,25667,20220711,0,0,0,NULL,NULL,NULL,0,QAP6GOgPO2AhV,NULL,2022-07-11 10:22:35,NULL
262,0,60803,31,-1,0,0,109,0,25667,20220711,0,0,0,NULL,NULL,NULL,0,QAP6GpduOVg2p,NULL,2022-07-11 10:22:35,NULL
263,0,60804,31,-1,0,0,109,0,25667,20220711,0,0,0,NULL,NULL,NULL,0,QAP6GaSzl3Xg8,NULL,2022-07-11 10:22:35,NULL
264,0,60805,31,-1,0,0,109,0,25667,20220711,0,0,0,NULL,NULL,NULL,0,QAP6GzLKPQxFG,NULL,2022-07-11 10:22:35,NULL
265,0,60806,31,-1,0,0,109,0,25667,20220711,0,0,0,NULL,NULL,NULL,0,QAP6GL7UtyVwf,NULL,2022-07-11 10:22:35,NULL
266,0,60807,31,-1,0,0,109,0,25667,20220711,0,0,0,NULL,NULL,NULL,0,QAP6GLAuAzSk0,NULL,2022-07-11 10:22:35,NULL
267,0,60808,31,-1,0,0,109,0,25667,20220711,0,0,0,NULL,NULL,NULL,0,QAP6GttDOLyzj,NULL,2022-07-11 10:22:35,NULL
268,0,60809,31,-1,0,0,109,0,25667,20220711,0,0,0,NULL,NULL,NULL,0,QAP6Gs6XvdAs5,NULL,2022-07-11 10:22:35,NULL
269,0,60810,31,-1,0,0,109,0,25667,20220711,0,0,0,NULL,NULL,NULL,0,QAP6GBJryfGr7,NULL,2022-07-11 10:22:35,NULL
270,0,60811,31,-1,0,0,109,0,25667,20220711,0,0,0,NULL,NULL,NULL,0,QAP6GJcoRy1q4,NULL,2022-07-11 10:22:35,NULL
271,0,60812,31,-1,0,0,109,0,25667,20220711,0,0,0,NULL,NULL,NULL,0,QAP6GhaDGQrHE,NULL,2022-07-11 10:22:35,NULL
272,0,60813,31,-1,0,0,109,0,25667,20220711,0,0,0,NULL,NULL,NULL,0,QAP6GQ3s3kB6u,NULL,2022-07-11 10:22:35,NULL
273,0,60814,31,-1,0,0,109,0,25667,20220711,0,0,0,NULL,NULL,NULL,0,QAP6GHDJaI1TN,NULL,2022-07-11 10:22:35,NULL
274,0,60815,31,-1,0,0,109,0,25667,20220711,0,0,0,NULL,NULL,NULL,0,QAP6GbEtG7ycu,NULL,2022-07-11 10:22:35,NULL
275,0,60816,31,-1,0,0,109,0,25667,20220711,0,0,0,NULL,NULL,NULL,0,QAP6GYlF9eaNS,NULL,2022-07-11 10:22:35,NULL
276,0,60817,31,-1,0,0,109,0,25667,20220711,0,0,0,NULL,NULL,NULL,0,QAP6GZJ32absY,NULL,2022-07-11 10:22:35,NULL
277,0,60818,31,-1,0,0,109,0,25667,20220711,0,0,0,NULL,NULL,NULL,0,QAP6GjRQw6o3D,NULL,2022-07-11 10:22:35,NULL
278,0,60819,31,-1,0,0,109,0,25667,20220711,0,0,0,NULL,NULL,NULL,0,QAP6GfBgSxuZ1,NULL,2022-07-11 10:22:35,NULL
279,0,60820,31,-1,0,0,109,0,25667,20220711,0,0,0,NULL,NULL,NULL,0,QAP6GlPc32XpE,NULL,2022-07-11 10:22:35,NULL
280,0,60821,31,-1,0,0,109,0,25667,20220711,0,0,0,NULL,NULL,NULL,0,QAP6GKyQe0Dv9,NULL,2022-07-11 10:22:35,NULL
281,0,60822,31,-1,0,0,109,0,25667,20220711,0,0,0,NULL,NULL,NULL,0,QAP6GnOsZg6UO,NULL,2022-07-11 10:22:35,NULL
282,0,60823,31,-1,0,0,109,0,25667,20220711,0,0,0,NULL,NULL,NULL,0,QAP6GDPjml2to,NULL,2022-07-11 10:22:35,NULL
283,0,60824,31,-1,0,0,109,0,25667,20220711,0,0,0,NULL,NULL,NULL,0,QAP6Gn5VnXkGC,NULL,2022-07-11 10:22:35,NULL
284,0,60825,31,-1,0,0,109,0,25667,20220711,0,0,0,NULL,NULL,NULL,0,QAP6G7LKtuEs9,NULL,2022-07-11 10:22:35,NULL
285,0,60826,31,-1,0,0,109,0,25667,20220711,0,0,0,NULL,NULL,NULL,0,QAP6GjnKvS7z1,NULL,2022-07-11 10:22:35,NULL
286,0,60827,31,-1,0,0,109,0,25667,20220711,0,0,0,NULL,NULL,NULL,0,QAP6GODBI0t5y,NULL,2022-07-11 10:22:35,NULL
287,0,60828,31,-1,0,0,109,0,25667,20220711,0,0,0,NULL,NULL,NULL,0,QAP6GfY8Qwqmf,NULL,2022-07-11 10:22:35,NULL
288,0,60829,31,-1,0,0,109,0,25667,20220711,0,0,0,NULL,NULL,NULL,0,QAP6Ggu7QPTGa,NULL,2022-07-11 10:22:35,NULL
289,0,60830,31,-1,0,0,109,0,25667,20220711,0,0,0,NULL,NULL,NULL,0,QAP6GFe3CJJsv,NULL,2022-07-11 10:22:35,NULL
290,0,60831,31,-1,0,0,109,0,25667,20220711,0,0,0,NULL,NULL,NULL,0,QAP6GiS6TM8et,NULL,2022-07-11 10:22:35,NULL
291,0,60832,31,-1,0,0,109,0,25667,20220711,0,0,0,NULL,NULL,NULL,0,QAP6GY7K5obVj,NULL,2022-07-11 10:22:35,NULL
292,0,60833,31,-1,0,0,109,0,25667,20220711,0,0,0,NULL,NULL,NULL,0,QAP6G5saCNPXY,NULL,2022-07-11 10:22:35,NULL
293,0,60834,31,-1,0,0,109,0,25667,20220711,0,0,0,NULL,NULL,NULL,0,QAP6GiOJayDiY,NULL,2022-07-11 10:22:35,NULL
294,0,60835,31,-1,0,0,109,0,25667,20220711,0,0,0,NULL,NULL,NULL,0,QAP6GRYvT2Zjw,NULL,2022-07-11 10:22:35,NULL
295,0,60836,31,-1,0,0,109,0,25667,20220711,0,0,0,NULL,NULL,NULL,0,QAP6GMAkzitFz,NULL,2022-07-11 10:22:35,NULL
296,0,60837,31,-1,0,0,109,0,25667,20220711,0,0,0,NULL,NULL,NULL,0,QAP6GYkGDeOXB,NULL,2022-07-11 10:22:35,NULL
297,0,60838,31,-1,0,0,109,0,25667,20220711,0,0,0,NULL,NULL,NULL,0,QAP6GjxNKGeoj,NULL,2022-07-11 10:22:35,NULL
298,0,60839,31,-1,0,0,109,0,25667,20220711,0,0,0,NULL,NULL,NULL,0,QAP6Gzo1aZc1o,NULL,2022-07-11 10:22:35,NULL
299,0,60840,31,-1,0,0,109,0,25667,20220711,0,0,0,NULL,NULL,NULL,0,QAP6GFSgvjfyH,NULL,2022-07-11 10:22:35,NULL
300,0,60841,31,-1,0,0,109,0,25667,20220711,0,0,0,NULL,NULL,NULL,0,QAP6Go4DWmzg6,NULL,2022-07-11 10:22:35,NULL
301,0,60842,31,-1,0,0,109,0,25667,20220711,0,0,0,NULL,NULL,NULL,0,QAP6GwHuDm9pa,NULL,2022-07-11 10:22:35,NULL
302,0,60843,31,-1,0,0,109,0,25667,20220711,0,0,0,NULL,NULL,NULL,0,QAP6GNmgXZx30,NULL,2022-07-11 10:22:35,NULL
303,0,60844,31,-1,0,0,109,0,25667,20220711,0,0,0,NULL,NULL,NULL,0,QAP6Gn0cb2rL9,NULL,2022-07-11 10:22:35,NULL
304,0,60845,31,-1,0,0,109,0,25667,20220711,0,0,0,NULL,NULL,NULL,0,QAP6GlHwePhMU,NULL,2022-07-11 10:22:35,NULL
305,0,60846,31,-1,0,0,109,0,25667,20220711,0,0,0,NULL,NULL,NULL,0,QAP6Gsm7o3yhS,NULL,2022-07-11 10:22:35,NULL
306,0,60847,31,-1,0,0,109,0,25667,20220711,0,0,0,NULL,NULL,NULL,0,QAP6Go7LDEe1M,NULL,2022-07-11 10:22:35,NULL
307,0,60848,31,-1,0,0,109,0,25667,20220711,0,0,0,NULL,NULL,NULL,0,QAP6GBlyzfdxH,NULL,2022-07-11 10:22:36,NULL
308,0,60849,31,-1,0,0,109,0,25667,20220711,0,0,0,NULL,NULL,NULL,0,QAP6GPioQ15ch,NULL,2022-07-11 10:22:36,NULL
309,0,60850,31,-1,0,0,109,0,25667,20220711,0,0,0,NULL,NULL,NULL,0,QAP6GSOqdTQcI,NULL,2022-07-11 10:22:36,NULL
310,0,60851,31,-1,0,0,109,0,25667,20220711,0,0,0,NULL,NULL,NULL,0,QAP6Gf9BYGHiy,NULL,2022-07-11 10:22:36,NULL
311,0,60852,31,-1,0,0,109,0,25667,20220711,0,0,0,NULL,NULL,NULL,0,QAP6Gyec2fdRl,NULL,2022-07-11 10:22:36,NULL
312,0,60853,31,-1,0,0,109,0,25667,20220711,0,0,0,NULL,NULL,NULL,0,QAP6G19WfMbi7,NULL,2022-07-11 10:22:36,NULL
313,0,60854,31,-1,0,0,109,0,25667,20220711,0,0,0,NULL,NULL,NULL,0,QAP6G20t7QAlh,NULL,2022-07-11 10:22:36,NULL
314,0,60855,31,-1,0,0,109,0,25667,20220711,0,0,0,NULL,NULL,NULL,0,QAP6GD0ZFxapw,NULL,2022-07-11 10:22:36,NULL
315,0,60856,31,-1,0,0,109,0,25667,20220711,0,0,0,NULL,NULL,NULL,0,QAP6GmXUgXOgY,NULL,2022-07-11 10:22:36,NULL
316,0,60857,31,-1,0,0,109,0,25667,20220711,0,0,0,NULL,NULL,NULL,0,QAP6GG4D134H5,NULL,2022-07-11 10:22:36,NULL
317,0,60858,31,-1,0,0,109,0,25667,20220711,0,0,0,NULL,NULL,NULL,0,QAP6GVMJkhMjK,NULL,2022-07-11 10:22:36,NULL
318,0,60859,31,-1,0,0,109,0,25667,20220711,0,0,0,NULL,NULL,NULL,0,QAP6GyupRGFOK,NULL,2022-07-11 10:22:36,NULL
319,0,60860,31,-1,0,0,109,0,25667,20220711,0,0,0,NULL,NULL,NULL,0,QAP6GAdyXxvBX,NULL,2022-07-11 10:22:36,NULL
320,0,60861,31,-1,0,0,109,0,25667,20220711,0,0,0,NULL,NULL,NULL,0,QAP6GFnfR4XCB,NULL,2022-07-11 10:22:36,NULL
321,0,60862,31,-1,0,0,109,0,25667,20220711,0,0,0,NULL,NULL,NULL,0,QAP6GW0q9gWuJ,NULL,2022-07-11 10:22:36,NULL
322,0,60863,31,-1,0,0,109,0,25667,20220711,0,0,0,NULL,NULL,NULL,0,QAP6GhfuMPf1R,NULL,2022-07-11 10:22:36,NULL
323,0,60864,31,-1,0,0,109,0,25667,20220711,0,0,0,NULL,NULL,NULL,0,QAP6GiyQRPduR,NULL,2022-07-11 11:52:19,NULL
324,0,60865,31,-1,0,0,109,0,25667,20220711,0,0,0,NULL,NULL,NULL,0,QAP6GD2wjHw1d,NULL,2022-07-11 11:52:19,NULL
325,0,60866,31,-1,0,0,109,0,25667,20220711,0,0,0,NULL,NULL,NULL,0,QAP6GgyZ3sgPv,NULL,2022-07-11 11:52:19,NULL
326,0,60867,31,-1,0,0,109,0,25667,20220711,0,0,0,NULL,NULL,NULL,0,QAP6GVOVuEhF2,NULL,2022-07-11 11:52:19,NULL
327,0,60868,31,-1,0,0,109,0,25667,20220711,0,0,0,NULL,NULL,NULL,0,QAP6GK00BVoYq,NULL,2022-07-11 11:52:19,NULL
328,0,60869,31,-1,0,0,109,0,25667,20220711,0,0,0,NULL,NULL,NULL,0,QAP6GdpERugfA,NULL,2022-07-11 11:52:19,NULL
329,0,60870,31,-1,0,0,109,0,25667,20220711,0,0,0,NULL,NULL,NULL,0,QAP6GLb6byaWr,NULL,2022-07-11 11:52:19,NULL
330,0,60871,31,-1,0,0,109,0,25667,20220711,0,0,0,NULL,NULL,NULL,0,QAP6G1tsxHQYU,NULL,2022-07-11 11:52:19,NULL
331,0,60872,31,-1,0,0,109,0,25667,20220711,0,0,0,NULL,NULL,NULL,0,QAP6GipYZlIzC,NULL,2022-07-11 11:52:19,NULL
332,0,60873,31,-1,0,0,109,0,25667,20220711,0,0,0,NULL,NULL,NULL,0,QAP6G9Wwa2ack,NULL,2022-07-11 11:52:19,NULL
333,0,60874,31,-1,0,0,109,0,25667,20220711,0,0,0,NULL,NULL,NULL,0,QAP6GZqAewHKy,NULL,2022-07-11 11:52:19,NULL
334,0,60875,31,-1,0,0,109,0,25667,20220711,0,0,0,NULL,NULL,NULL,0,QAP6G6Q5PHiIj,NULL,2022-07-11 11:52:19,NULL
335,0,60876,31,-1,0,0,109,0,25667,20220711,0,0,0,NULL,NULL,NULL,0,QAP6Gvqj56phw,NULL,2022-07-11 11:52:19,NULL
336,0,60877,31,-1,0,0,109,0,25667,20220711,0,0,0,NULL,NULL,NULL,0,QAP6GnRCLG6WP,NULL,2022-07-11 11:52:19,NULL
337,0,60878,31,-1,0,0,109,0,25667,20220711,0,0,0,NULL,NULL,NULL,0,QAP6Gn5FjWTDI,NULL,2022-07-11 11:52:19,NULL
338,0,60879,31,-1,0,0,109,0,25667,20220711,0,0,0,NULL,NULL,NULL,0,QAP6GLRmEv3CR,NULL,2022-07-11 11:52:19,NULL
339,0,60880,31,-1,0,0,109,0,25667,20220711,0,0,0,NULL,NULL,NULL,0,QAP6GaXxlrEVl,NULL,2022-07-11 11:52:19,NULL
340,0,60881,31,-1,0,0,109,0,25667,20220711,0,0,0,NULL,NULL,NULL,0,QAP6GkWlpcwbw,NULL,2022-07-11 11:52:19,NULL
341,0,60882,31,-1,0,0,109,0,25667,20220711,0,0,0,NULL,NULL,NULL,0,QAP6GkG3IY6a6,NULL,2022-07-11 11:52:19,NULL
342,0,60883,31,-1,0,0,109,0,25667,20220711,0,0,0,NULL,NULL,NULL,0,QAP6GfuEZL6Cc,NULL,2022-07-11 11:52:19,NULL
343,0,60884,31,-1,0,0,109,0,25667,20220711,0,0,0,NULL,NULL,NULL,0,QAP6GLkpCnEKL,NULL,2022-07-11 11:52:19,NULL
344,0,60885,31,-1,0,0,109,0,25667,20220711,0,0,0,NULL,NULL,NULL,0,QAP6GbMAVF0Vi,NULL,2022-07-11 11:52:19,NULL
345,0,60886,31,-1,0,0,109,0,25667,20220711,0,0,0,NULL,NULL,NULL,0,QAP6GuVZo4SdF,NULL,2022-07-11 11:52:19,NULL
346,0,60887,31,-1,0,0,109,0,25667,20220711,0,0,0,NULL,NULL,NULL,0,QAP6GqQSOaTgi,NULL,2022-07-11 11:52:19,NULL
347,0,60888,31,-1,0,0,109,0,25667,20220711,0,0,0,NULL,NULL,NULL,0,QAP6GCr3LadPk,NULL,2022-07-11 11:52:19,NULL
348,0,60889,31,-1,0,0,109,0,25667,20220711,0,0,0,NULL,NULL,NULL,0,QAP6GjnLgVPP3,NULL,2022-07-11 11:52:19,NULL
349,0,60890,31,-1,0,0,109,0,25667,20220711,0,0,0,NULL,NULL,NULL,0,QAP6G3lcdm5fB,NULL,2022-07-11 11:52:19,NULL
350,0,60891,31,-1,0,0,109,0,25667,20220711,0,0,0,NULL,NULL,NULL,0,QAP6Gj3ANSetY,NULL,2022-07-11 11:52:19,NULL
351,0,60892,31,-1,0,0,109,0,25667,20220711,0,0,0,NULL,NULL,NULL,0,QAP6GtGSzIOTM,NULL,2022-07-11 11:52:19,NULL
352,0,60893,31,-1,0,0,109,0,25667,20220711,0,0,0,NULL,NULL,NULL,0,QAP6GAdS4kdm4,NULL,2022-07-11 11:52:19,NULL
353,0,60894,31,-1,0,0,109,0,25667,20220711,0,0,0,NULL,NULL,NULL,0,QAP6G53smnSfj,NULL,2022-07-11 11:52:19,NULL
354,0,60895,31,-1,0,0,109,0,25667,20220711,0,0,0,NULL,NULL,NULL,0,QAP6GudGKz6yP,NULL,2022-07-11 11:52:19,NULL
355,0,60896,31,-1,0,0,109,0,25667,20220711,0,0,0,NULL,NULL,NULL,0,QAP6GOsalLiiV,NULL,2022-07-11 11:52:19,NULL
356,0,60897,31,-1,0,0,109,0,25667,20220711,0,0,0,NULL,NULL,NULL,0,QAP6GBMJSjwtz,NULL,2022-07-11 11:52:19,NULL
357,0,60898,31,-1,0,0,109,0,25667,20220711,0,0,0,NULL,NULL,NULL,0,QAP6GodyGBaHu,NULL,2022-07-11 11:52:19,NULL
358,0,60899,31,-1,0,0,109,0,25667,20220711,0,0,0,NULL,NULL,NULL,0,QAP6GeiGTg2Kl,NULL,2022-07-11 11:52:19,NULL
359,0,60900,31,-1,0,0,109,0,25667,20220711,0,0,0,NULL,NULL,NULL,0,QAP6G3pGfbxcH,NULL,2022-07-11 11:52:19,NULL
360,0,60901,31,-1,0,0,109,0,25667,20220711,0,0,0,NULL,NULL,NULL,0,QAP6GXU2BBw91,NULL,2022-07-11 11:52:19,NULL
361,0,60902,31,-1,0,0,109,0,25667,20220711,0,0,0,NULL,NULL,NULL,0,QAP6G1qoKJq44,NULL,2022-07-11 11:52:19,NULL
362,0,60903,31,-1,0,0,109,0,25667,20220711,0,0,0,NULL,NULL,NULL,0,QAP6GCkjLsqBi,NULL,2022-07-11 11:52:19,NULL
363,0,60904,31,-1,0,0,109,0,25667,20220715,0,0,0,NULL,NULL,NULL,0,QAP6GBYKuGbfa,NULL,2022-07-15 08:08:34,NULL
364,0,60905,31,-1,0,0,109,0,25667,20220715,0,0,0,NULL,NULL,NULL,0,QAP6GZ9UBqukI,NULL,2022-07-15 08:08:34,NULL
365,0,60906,31,-1,0,0,109,0,25667,20220715,0,0,0,NULL,NULL,NULL,0,QAP6GI5uKjkrq,NULL,2022-07-15 08:08:34,NULL
366,0,60907,31,-1,0,0,109,0,25667,20220715,0,0,0,NULL,NULL,NULL,0,QAP6GVc2MfnMz,NULL,2022-07-15 08:08:34,NULL
367,0,60908,31,-1,0,0,109,0,25667,20220715,0,0,0,NULL,NULL,NULL,0,QAP6GMYNnKSxY,NULL,2022-07-15 08:08:34,NULL
368,0,60909,31,-1,0,0,109,0,25667,20220715,0,0,0,NULL,NULL,NULL,0,QAP6GmgEWx9Nw,NULL,2022-07-15 08:08:34,NULL
369,0,60910,31,-1,0,0,109,0,25667,20220715,0,0,0,NULL,NULL,NULL,0,QAP6Gul6BPKF0,NULL,2022-07-15 08:08:34,NULL
370,0,60911,31,-1,0,0,109,0,25667,20220715,0,0,0,NULL,NULL,NULL,0,QAP6Gl2WKvkec,NULL,2022-07-15 08:08:34,NULL
371,0,60912,31,-1,0,0,109,0,25667,20220715,0,0,0,NULL,NULL,NULL,0,QAP6GpylXwaIP,NULL,2022-07-15 08:08:34,NULL
372,0,60913,31,-1,0,0,109,0,25667,20220715,0,0,0,NULL,NULL,NULL,0,QAP6GSkgDYS4U,NULL,2022-07-15 08:08:34,NULL
373,0,60914,31,-1,0,0,109,0,25667,20220715,0,0,0,NULL,NULL,NULL,0,QAP6GGLwbEYgC,NULL,2022-07-15 08:08:34,NULL
374,0,60915,31,-1,0,0,109,0,25667,20220715,0,0,0,NULL,NULL,NULL,0,QAP6GbzA0BPtB,NULL,2022-07-15 08:08:34,NULL
375,0,60916,31,-1,0,0,109,0,25667,20220715,0,0,0,NULL,NULL,NULL,0,QAP6G6dBWVN0w,NULL,2022-07-15 08:08:34,NULL
376,0,60917,31,-1,0,0,109,0,25667,20220715,0,0,0,NULL,NULL,NULL,0,QAP6GW4NwyQPn,NULL,2022-07-15 08:08:34,NULL
377,0,60918,31,-1,0,0,109,0,25667,20220715,0,0,0,NULL,NULL,NULL,0,QAP6GzMEkk2u8,NULL,2022-07-15 08:08:34,NULL
378,0,60919,31,-1,0,0,109,0,25667,20220715,0,0,0,NULL,NULL,NULL,0,QAP6GeL2xtlAO,NULL,2022-07-15 08:10:35,NULL
379,0,60920,31,-1,0,0,109,0,25667,20220715,0,0,0,NULL,NULL,NULL,0,QAP6GH0CxhjeF,NULL,2022-07-15 08:10:35,NULL
380,0,60921,31,-1,0,0,109,0,25667,20220715,0,0,0,NULL,NULL,NULL,0,QAP6GzyUM8vcL,NULL,2022-07-15 08:10:35,NULL
381,0,60922,31,-1,0,0,109,0,25667,20220715,0,0,0,NULL,NULL,NULL,0,QAP6GLAb6A7kQ,NULL,2022-07-15 08:10:35,NULL
382,0,60923,31,-1,0,0,109,0,25667,20220715,0,0,0,NULL,NULL,NULL,0,QAP6Gv1KcQbJS,NULL,2022-07-15 08:10:35,NULL
383,0,60924,31,-1,0,0,109,0,25667,20220715,0,0,0,NULL,NULL,NULL,0,QAP6GrDp0H2mN,NULL,2022-07-15 08:10:35,NULL
384,0,60925,31,-1,0,0,109,0,25667,20220715,0,0,0,NULL,NULL,NULL,0,QAP6GzUqxBd6p,NULL,2022-07-15 08:10:35,NULL
385,0,60926,31,-1,0,0,109,0,25667,20220715,0,0,0,NULL,NULL,NULL,0,QAP6GXfiVrTAW,NULL,2022-07-15 08:10:35,NULL
386,0,60927,31,-1,0,0,109,0,25667,20220715,0,0,0,NULL,NULL,NULL,0,QAP6GsGAeIcau,NULL,2022-07-15 08:10:35,NULL
387,0,60928,31,-1,0,0,109,0,25667,20220715,0,0,0,NULL,NULL,NULL,0,QAP6GcoEj4pP4,NULL,2022-07-15 08:10:35,NULL
388,0,60929,31,-1,0,0,109,0,25667,20220715,0,0,0,NULL,NULL,NULL,0,QAP6GaAkFzixZ,NULL,2022-07-15 08:10:35,NULL
389,0,60930,31,-1,0,0,109,0,25667,20220715,0,0,0,NULL,NULL,NULL,0,QAP6GszmphOu5,NULL,2022-07-15 08:10:35,NULL
390,0,60931,31,-1,0,0,109,0,25667,20220715,0,0,0,NULL,NULL,NULL,0,QAP6GNl8QDhic,NULL,2022-07-15 08:10:35,NULL
391,0,60932,31,-1,0,0,109,0,25667,20220715,0,0,0,NULL,NULL,NULL,0,QAP6G8aBykN5Z,NULL,2022-07-15 08:10:35,NULL
392,0,60933,31,-1,0,0,109,0,25667,20220715,0,0,0,NULL,NULL,NULL,0,QAP6G8tW9AMW3,NULL,2022-07-15 08:10:35,NULL
393,0,60934,323,-1,0,0,65,0,25675,20220719,5,0,0,NULL,NULL,NULL,0,QAP6G9nofdwcm,NULL,2022-07-19 13:54:07,NULL
394,0,60935,323,-1,0,0,65,0,25675,20220719,6,0,0,NULL,NULL,NULL,0,QAP6GNTVUd5u4,NULL,2022-07-19 13:54:07,NULL
395,0,60936,323,-1,0,0,65,0,25675,20220719,7,0,0,NULL,NULL,NULL,0,QAP6Gea7V2Y83,NULL,2022-07-19 13:54:07,NULL
396,0,60937,323,-1,0,0,65,0,25675,20220719,8,0,0,NULL,NULL,NULL,0,QAP6G8U4zDt9e,NULL,2022-07-19 13:54:07,NULL
397,0,60938,323,-1,0,0,65,0,25675,20220719,9,0,0,NULL,NULL,NULL,0,QAP6GMcDbzzYG,NULL,2022-07-19 13:54:07,NULL
398,0,60939,323,-1,0,0,65,0,25675,20220719,10,0,0,NULL,NULL,NULL,0,QAP6GXl3oi5v6,NULL,2022-07-19 13:54:07,NULL
399,0,60940,323,-1,0,0,65,0,25675,20220719,11,0,0,NULL,NULL,NULL,0,QAP6GkynHrFFY,NULL,2022-07-19 13:54:07,NULL
400,0,60941,323,-1,0,0,65,0,25675,20220719,12,0,0,NULL,NULL,NULL,0,QAP6GGiu2O8Qs,NULL,2022-07-19 13:54:07,NULL
401,0,60942,323,-1,0,0,65,0,25675,20220719,13,0,0,NULL,NULL,NULL,0,QAP6GZY1pm6dy,NULL,2022-07-19 13:54:07,NULL
402,0,60943,323,-1,0,0,65,0,25675,20220719,14,0,0,NULL,NULL,NULL,0,QAP6GxRYvYC5j,NULL,2022-07-19 13:54:07,NULL
403,0,60944,323,-1,0,0,65,0,25675,20220719,15,0,0,NULL,NULL,NULL,0,QAP6GYwH5gABm,NULL,2022-07-19 13:54:07,NULL
404,0,60945,323,-1,0,0,65,0,25675,20220719,16,0,0,NULL,NULL,NULL,0,QAP6GJxYb3kaD,NULL,2022-07-19 13:54:07,NULL
405,0,60946,323,-1,0,0,65,0,25675,20220719,17,0,0,NULL,NULL,NULL,0,QAP6GDON5nOmN,NULL,2022-07-19 13:54:07,NULL
406,0,60947,323,-1,0,0,65,0,25675,20220719,18,0,0,NULL,NULL,NULL,0,QAP6GutHqVHnK,NULL,2022-07-19 13:54:07,NULL
407,0,60948,323,-1,0,0,65,0,25675,20220719,19,0,0,NULL,NULL,NULL,0,QAP6GKprDqdAT,NULL,2022-07-19 13:54:07,NULL
408,0,60949,323,-1,0,0,65,0,25965,20220719,20,0,0,NULL,NULL,NULL,0,QAP6GE4WbQ6N0,NULL,2022-07-19 14:14:11,NULL
409,0,60950,323,-1,0,0,65,0,25965,20220719,21,0,0,NULL,NULL,NULL,0,QAP6G6AUsu7MD,NULL,2022-07-19 14:14:11,NULL
410,0,60951,323,-1,0,0,65,0,25965,20220719,22,0,0,NULL,NULL,NULL,0,QAP6GSncVv3ZJ,NULL,2022-07-19 14:14:11,NULL
411,0,60952,323,-1,0,0,65,0,25965,20220719,23,0,0,NULL,NULL,NULL,0,QAP6GLInWYxRw,NULL,2022-07-19 14:14:12,NULL
412,0,60953,323,-1,0,0,65,0,25965,20220719,24,0,0,NULL,NULL,NULL,0,QAP6GJoHFslA4,NULL,2022-07-19 14:14:12,NULL
413,0,60954,323,-1,0,0,65,0,25965,20220719,25,0,0,NULL,NULL,NULL,0,QAP6G6vic0lm2,NULL,2022-07-19 14:14:12,NULL
414,0,60955,323,-1,0,0,65,0,25965,20220719,26,0,0,NULL,NULL,NULL,0,QAP6G5AJHjmFy,NULL,2022-07-19 14:14:12,NULL
415,0,60956,323,-1,0,0,65,0,25965,20220719,27,0,0,NULL,NULL,NULL,0,QAP6GOYuAyHqU,NULL,2022-07-19 14:14:12,NULL
416,0,60957,323,-1,0,0,65,0,25965,20220719,28,0,0,NULL,NULL,NULL,0,QAP6GRA1bvlYl,NULL,2022-07-19 14:14:12,NULL
417,0,60958,323,-1,0,0,65,0,25965,20220719,29,0,0,NULL,NULL,NULL,0,QAP6GO9KRc9UX,NULL,2022-07-19 14:14:12,NULL
418,0,60959,323,-1,0,0,65,0,25965,20220719,30,0,0,NULL,NULL,NULL,0,QAP6GdL2kZMPF,NULL,2022-07-19 14:14:12,NULL
419,0,60960,323,-1,0,0,65,0,25965,20220719,31,0,0,NULL,NULL,NULL,0,QAP6GfMf7mQwL,NULL,2022-07-19 14:14:12,NULL
420,0,60961,323,-1,0,0,65,0,25965,20220719,32,0,0,NULL,NULL,NULL,0,QAP6Gf8AY412y,NULL,2022-07-19 14:14:12,NULL
421,0,60962,323,-1,0,0,65,0,25965,20220719,33,0,0,NULL,NULL,NULL,0,QAP6GKMLmZr5r,NULL,2022-07-19 14:14:12,NULL
422,0,60963,323,-1,0,0,65,0,25965,20220719,34,0,0,NULL,NULL,NULL,0,QAP6G8CF15LZC,NULL,2022-07-19 14:14:12,NULL
423,0,60964,61,-1,0,0,65,0,25675,20220720,0,0,0,NULL,NULL,NULL,0,QAP6GI5tWmxvz,NULL,2022-07-20 13:13:34,NULL
424,0,60965,61,-1,0,0,65,0,25675,20220720,0,0,0,NULL,NULL,NULL,0,QAP6GPi2ZlCqd,NULL,2022-07-20 13:13:34,NULL
425,0,60966,61,-1,0,0,65,0,25675,20220720,0,0,0,NULL,NULL,NULL,0,QAP6GJfyHyroP,NULL,2022-07-20 13:13:34,NULL
426,0,60967,61,-1,0,0,65,0,25675,20220720,0,0,0,NULL,NULL,NULL,0,QAP6GcijOrsZG,NULL,2022-07-20 13:13:34,NULL
427,0,60968,61,-1,0,0,65,0,25675,20220720,0,0,0,NULL,NULL,NULL,0,QAP6GFEmuyeEg,NULL,2022-07-20 13:13:34,NULL
428,0,60969,61,-1,0,0,65,0,25675,20220720,0,0,0,NULL,NULL,NULL,0,QAP6Gf2fvyrQe,NULL,2022-07-20 13:13:34,NULL
429,0,60970,61,-1,0,0,65,0,25675,20220720,0,0,0,NULL,NULL,NULL,0,QAP6GS8VIrMtH,NULL,2022-07-20 13:13:34,NULL
430,0,60971,61,-1,0,0,65,0,25675,20220720,0,0,0,NULL,NULL,NULL,0,QAP6GHMG0MbDl,NULL,2022-07-20 13:13:34,NULL
431,0,60972,61,-1,0,0,65,0,25675,20220720,0,0,0,NULL,NULL,NULL,0,QAP6GMBel9I4D,NULL,2022-07-20 13:13:34,NULL
432,0,60973,61,-1,0,0,65,0,25675,20220720,0,0,0,NULL,NULL,NULL,0,QAP6GJmHqZMgy,NULL,2022-07-20 13:13:34,NULL
433,0,60974,61,-1,0,0,65,0,25675,20220720,0,0,0,NULL,NULL,NULL,0,QAP6GsoOJH4ii,NULL,2022-07-20 13:13:34,NULL
434,0,60975,61,-1,0,0,65,0,25675,20220720,0,0,0,NULL,NULL,NULL,0,QAP6GXBZCFds4,NULL,2022-07-20 13:13:34,NULL
435,0,60976,61,-1,0,0,65,0,25675,20220720,0,0,0,NULL,NULL,NULL,0,QAP6GuUXUYqbM,NULL,2022-07-20 13:13:34,NULL
436,0,60977,61,-1,0,0,65,0,25675,20220720,0,0,0,NULL,NULL,NULL,0,QAP6GiNdLYb3M,NULL,2022-07-20 13:13:34,NULL
437,0,60978,61,-1,0,0,65,0,25675,20220720,0,0,0,NULL,NULL,NULL,0,QAP6GNCHHEUJz,NULL,2022-07-20 13:13:34,NULL
438,0,60979,61,-1,0,0,65,0,25675,20220720,0,0,0,NULL,NULL,NULL,0,QAP6GXmP08nsP,NULL,2022-07-20 13:13:34,NULL
439,0,60980,61,-1,0,0,65,0,25675,20220720,0,0,0,NULL,NULL,NULL,0,QAP6GOEAdXLNO,NULL,2022-07-20 13:13:34,NULL
440,0,60981,61,-1,0,0,65,0,25675,20220720,0,0,0,NULL,NULL,NULL,0,QAP6GiVengYBH,NULL,2022-07-20 13:13:34,NULL
441,0,60982,61,-1,0,0,65,0,25675,20220720,0,0,0,NULL,NULL,NULL,0,QAP6GJz3Kf9G4,NULL,2022-07-20 13:13:34,NULL
442,0,60983,61,-1,0,0,65,0,25675,20220720,0,0,0,NULL,NULL,NULL,0,QAP6GCkjOgRMr,NULL,2022-07-20 13:13:34,NULL
443,0,60984,61,-1,0,0,65,0,25675,20220720,0,0,0,NULL,NULL,NULL,0,QAP6GF9qte2N5,NULL,2022-07-20 13:13:34,NULL
444,0,60985,61,-1,0,0,65,0,25675,20220720,0,0,0,NULL,NULL,NULL,0,QAP6GpvF25x45,NULL,2022-07-20 13:13:34,NULL
445,0,60986,61,-1,0,0,65,0,25675,20220720,0,0,0,NULL,NULL,NULL,0,QAP6GvZLQeUOy,NULL,2022-07-20 13:13:34,NULL
446,0,60987,61,-1,0,0,65,0,25675,20220720,0,0,0,NULL,NULL,NULL,0,QAP6GLB0YUzPB,NULL,2022-07-20 13:13:34,NULL
447,0,60988,61,-1,0,0,65,0,25675,20220720,0,0,0,NULL,NULL,NULL,0,QAP6GHgvrT7O2,NULL,2022-07-20 13:13:34,NULL
448,0,60989,61,-1,0,0,65,0,25675,20220720,0,0,0,NULL,NULL,NULL,0,QAP6GULkWeSr1,NULL,2022-07-20 13:13:34,NULL
449,0,60990,61,-1,0,0,65,0,25675,20220720,0,0,0,NULL,NULL,NULL,0,QAP6GNMWDWYeS,NULL,2022-07-20 13:13:34,NULL
450,0,60991,61,-1,0,0,65,0,25675,20220720,0,0,0,NULL,NULL,NULL,0,QAP6GXeQ9iMsX,NULL,2022-07-20 13:13:34,NULL
451,0,60992,61,-1,0,0,65,0,25675,20220720,0,0,0,NULL,NULL,NULL,0,QAP6G8vrnlqSa,NULL,2022-07-20 13:13:34,NULL
452,0,60993,61,-1,0,0,65,0,25675,20220720,0,0,0,NULL,NULL,NULL,0,QAP6Ge2NBN2AE,NULL,2022-07-20 13:13:34,NULL
453,0,60994,61,-1,0,0,65,0,25675,20220720,0,0,0,NULL,NULL,NULL,0,QAP6GCghlZSp8,NULL,2022-07-20 13:13:34,NULL
454,0,60995,61,-1,0,0,65,0,25675,20220720,0,0,0,NULL,NULL,NULL,0,QAP6G48YUcJSO,NULL,2022-07-20 13:13:34,NULL
455,0,60996,61,-1,0,0,65,0,25675,20220720,0,0,0,NULL,NULL,NULL,0,QAP6Gu3grRn8k,NULL,2022-07-20 13:13:34,NULL
456,0,60997,61,-1,0,0,65,0,25675,20220720,0,0,0,NULL,NULL,NULL,0,QAP6Ga6iSFXlT,NULL,2022-07-20 13:13:34,NULL
457,0,60998,61,-1,0,0,65,0,25675,20220720,0,0,0,NULL,NULL,NULL,0,QAP6GhsVysNTM,NULL,2022-07-20 13:13:34,NULL
458,0,60999,61,-1,0,0,65,0,25675,20220720,0,0,0,NULL,NULL,NULL,0,QAP6GWmwGG6PW,NULL,2022-07-20 13:13:34,NULL
459,0,61000,61,-1,0,0,65,0,25675,20220720,0,0,0,NULL,NULL,NULL,0,QAP6GktPfSZQx,NULL,2022-07-20 13:13:34,NULL
460,0,61001,61,-1,0,0,65,0,25675,20220720,0,0,0,NULL,NULL,NULL,0,QAP6GvdsZyEyo,NULL,2022-07-20 13:13:34,NULL
461,0,61002,61,-1,0,0,65,0,25675,20220720,0,0,0,NULL,NULL,NULL,0,QAP6GBCkkJJTw,NULL,2022-07-20 13:13:34,NULL
462,0,61003,61,-1,0,0,65,0,25675,20220720,0,0,0,NULL,NULL,NULL,0,QAP6Gv3LZUjr4,NULL,2022-07-20 13:13:34,NULL
463,0,61004,61,-1,0,0,65,0,25675,20220720,0,0,0,NULL,NULL,NULL,0,QAP6GDKOJpo9Y,NULL,2022-07-20 13:13:34,NULL
464,0,61005,61,-1,0,0,65,0,25675,20220720,0,0,0,NULL,NULL,NULL,0,QAP6GzoaW0SWr,NULL,2022-07-20 13:13:34,NULL
465,0,61006,61,-1,0,0,65,0,25675,20220720,0,0,0,NULL,NULL,NULL,0,QAP6GxWzlb2Z6,NULL,2022-07-20 13:13:34,NULL
466,0,61007,61,-1,0,0,65,0,25675,20220720,0,0,0,NULL,NULL,NULL,0,QAP6GrKgeaBZE,NULL,2022-07-20 13:13:34,NULL
467,0,61008,61,-1,0,0,65,0,25675,20220720,0,0,0,NULL,NULL,NULL,0,QAP6GLwZgQ3FZ,NULL,2022-07-20 13:13:34,NULL
468,0,61009,61,-1,0,0,65,0,25675,20220720,0,0,0,NULL,NULL,NULL,0,QAP6G6MI2kPgM,NULL,2022-07-20 13:13:34,NULL
469,0,61010,61,-1,0,0,65,0,25675,20220720,0,0,0,NULL,NULL,NULL,0,QAP6GpPQXRXNo,NULL,2022-07-20 13:13:34,NULL
470,0,61011,61,-1,0,0,65,0,25675,20220720,0,0,0,NULL,NULL,NULL,0,QAP6GoWmskHzG,NULL,2022-07-20 13:13:34,NULL
471,0,61012,61,-1,0,0,65,0,25675,20220720,0,0,0,NULL,NULL,NULL,0,QAP6GX2JyG0xR,NULL,2022-07-20 13:13:34,NULL
472,0,61013,61,-1,0,0,65,0,25675,20220720,0,0,0,NULL,NULL,NULL,0,QAP6GLXV3oD5a,NULL,2022-07-20 13:13:34,NULL
473,0,61014,61,-1,0,0,65,0,25675,20220720,0,0,0,NULL,NULL,NULL,0,QAP6G11AFCfLI,NULL,2022-07-20 13:13:34,NULL
474,0,61015,61,-1,0,0,65,0,25675,20220720,0,0,0,NULL,NULL,NULL,0,QAP6GgDUb997t,NULL,2022-07-20 13:13:34,NULL
475,0,61016,61,-1,0,0,65,0,25675,20220720,0,0,0,NULL,NULL,NULL,0,QAP6GKfm9FX9M,NULL,2022-07-20 13:13:34,NULL
476,0,61017,61,-1,0,0,65,0,25675,20220720,0,0,0,NULL,NULL,NULL,0,QAP6Guu34WJTh,NULL,2022-07-20 13:13:34,NULL
477,0,61018,61,-1,0,0,65,0,25675,20220720,0,0,0,NULL,NULL,NULL,0,QAP6GXysU7nwp,NULL,2022-07-20 13:13:34,NULL
478,0,61019,61,-1,0,0,65,0,25675,20220720,0,0,0,NULL,NULL,NULL,0,QAP6G8TjSPN6a,NULL,2022-07-20 13:13:34,NULL
479,0,61020,61,-1,0,0,65,0,25675,20220720,0,0,0,NULL,NULL,NULL,0,QAP6GmFhrBkc8,NULL,2022-07-20 13:13:34,NULL
480,0,61021,61,-1,0,0,65,0,25675,20220720,0,0,0,NULL,NULL,NULL,0,QAP6GDyjZlzeS,NULL,2022-07-20 13:13:34,NULL
481,0,61022,61,-1,0,0,65,0,25675,20220720,0,0,0,NULL,NULL,NULL,0,QAP6G7vUUzfg0,NULL,2022-07-20 13:13:34,NULL
482,0,61023,61,-1,0,0,65,0,25675,20220720,0,0,0,NULL,NULL,NULL,0,QAP6GMIHAd0VO,NULL,2022-07-20 13:13:34,NULL
483,0,61024,61,-1,0,0,65,0,25675,20220720,0,0,0,NULL,NULL,NULL,0,QAP6GwAJwXqR9,NULL,2022-07-20 13:13:34,NULL
484,0,61025,61,-1,0,0,65,0,25675,20220720,0,0,0,NULL,NULL,NULL,0,QAP6GUHPD3kWF,NULL,2022-07-20 13:13:34,NULL
485,0,61026,61,-1,0,0,65,0,25675,20220720,0,0,0,NULL,NULL,NULL,0,QAP6GDWa1jtlY,NULL,2022-07-20 13:13:34,NULL
486,0,61027,61,-1,0,0,65,0,25675,20220720,0,0,0,NULL,NULL,NULL,0,QAP6G9QESsGNP,NULL,2022-07-20 13:13:34,NULL
487,0,61028,61,-1,0,0,65,0,25675,20220720,0,0,0,NULL,NULL,NULL,0,QAP6Ghu9nHfdy,NULL,2022-07-20 13:13:34,NULL
488,0,61029,61,-1,0,0,65,0,25675,20220720,0,0,0,NULL,NULL,NULL,0,QAP6G8dG52ywD,NULL,2022-07-20 13:13:34,NULL
489,0,61030,61,-1,0,0,65,0,25675,20220720,0,0,0,NULL,NULL,NULL,0,QAP6Gj5WSAt4s,NULL,2022-07-20 13:13:34,NULL
490,0,61031,61,-1,0,0,65,0,25675,20220720,0,0,0,NULL,NULL,NULL,0,QAP6GsznVQEOq,NULL,2022-07-20 13:13:34,NULL
491,0,61032,61,-1,0,0,65,0,25675,20220720,0,0,0,NULL,NULL,NULL,0,QAP6GcZr52vWD,NULL,2022-07-20 13:13:34,NULL
492,0,61033,61,-1,0,0,65,0,25675,20220720,0,0,0,NULL,NULL,NULL,0,QAP6Gj1pgW1Kt,NULL,2022-07-20 13:13:34,NULL
493,0,61034,61,-1,0,0,65,0,25675,20220720,0,0,0,NULL,NULL,NULL,0,QAP6GqNR3FNSS,NULL,2022-07-20 13:13:34,NULL
494,0,61035,61,-1,0,0,65,0,25675,20220720,0,0,0,NULL,NULL,NULL,0,QAP6G1ECBbHdn,NULL,2022-07-20 13:13:34,NULL
495,0,61036,61,-1,0,0,65,0,25675,20220720,0,0,0,NULL,NULL,NULL,0,QAP6G9oheoFa6,NULL,2022-07-20 13:13:34,NULL
496,0,61037,61,-1,0,0,65,0,25675,20220720,0,0,0,NULL,NULL,NULL,0,QAP6GOAS3chY2,NULL,2022-07-20 13:13:34,NULL
497,0,61038,61,-1,0,0,65,0,25675,20220720,0,0,0,NULL,NULL,NULL,0,QAP6Gk3kcTKbG,NULL,2022-07-20 13:13:34,NULL
498,0,61039,61,-1,0,0,65,0,25675,20220720,0,0,0,NULL,NULL,NULL,0,QAP6G0XEktWms,NULL,2022-07-20 13:13:34,NULL
499,0,61040,61,-1,0,0,65,0,25675,20220720,0,0,0,NULL,NULL,NULL,0,QAP6GczSQjEMR,NULL,2022-07-20 13:13:34,NULL
500,0,61041,61,-1,0,0,65,0,25675,20220720,0,0,0,NULL,NULL,NULL,0,QAP6G3KyeLEWB,NULL,2022-07-20 13:13:34,NULL
501,0,61042,61,-1,0,0,65,0,25675,20220720,0,0,0,NULL,NULL,NULL,0,QAP6GhKgMc22b,NULL,2022-07-20 13:13:34,NULL
502,0,61043,61,-1,0,0,65,0,25675,20220720,0,0,0,NULL,NULL,NULL,0,QAP6GPOULwbHf,NULL,2022-07-20 13:13:34,NULL
503,0,61044,61,-1,0,0,65,0,25675,20220720,0,0,0,NULL,NULL,NULL,0,QAP6GQzpREF58,NULL,2022-07-20 13:13:34,NULL
504,0,61045,61,-1,0,0,65,0,25675,20220720,0,0,0,NULL,NULL,NULL,0,QAP6GbI1YItN9,NULL,2022-07-20 13:13:34,NULL
505,0,61046,61,-1,0,0,65,0,25675,20220720,0,0,0,NULL,NULL,NULL,0,QAP6GVTiGxDJp,NULL,2022-07-20 13:13:34,NULL
506,0,61047,61,-1,0,0,65,0,25675,20220720,0,0,0,NULL,NULL,NULL,0,QAP6G93G25YbY,NULL,2022-07-20 13:13:34,NULL
507,0,61048,61,-1,0,0,65,0,25675,20220720,0,0,0,NULL,NULL,NULL,0,QAP6Gb8UBO3DZ,NULL,2022-07-20 13:13:34,NULL
508,0,61049,61,-1,0,0,65,0,25675,20220720,0,0,0,NULL,NULL,NULL,0,QAP6GNOtnQ5sV,NULL,2022-07-20 13:13:34,NULL
509,0,61050,61,-1,0,0,65,0,25675,20220720,0,0,0,NULL,NULL,NULL,0,QAP6Glv1xZYdA,NULL,2022-07-20 13:13:34,NULL
510,0,61051,61,-1,0,0,65,0,25675,20220720,0,0,0,NULL,NULL,NULL,0,QAP6GbaTPBQfQ,NULL,2022-07-20 13:13:34,NULL
511,0,61052,61,-1,0,0,65,0,25675,20220720,0,0,0,NULL,NULL,NULL,0,QAP6GIdcAiW51,NULL,2022-07-20 13:13:34,NULL
512,0,61053,61,-1,0,0,65,0,25675,20220720,0,0,0,NULL,NULL,NULL,0,QAP6G4wJYnDNI,NULL,2022-07-20 13:13:34,NULL
513,0,61054,61,-1,0,0,65,0,25675,20220720,0,0,0,NULL,NULL,NULL,0,QAP6GT87n4Ear,NULL,2022-07-20 13:13:34,NULL
514,0,61055,61,-1,0,0,65,0,25675,20220720,0,0,0,NULL,NULL,NULL,0,QAP6G6dK1mWp2,NULL,2022-07-20 13:13:34,NULL
515,0,61056,61,-1,0,0,65,0,25675,20220720,0,0,0,NULL,NULL,NULL,0,QAP6G9m6l2iBP,NULL,2022-07-20 13:13:34,NULL
516,0,61057,61,-1,0,0,65,0,25675,20220720,0,0,0,NULL,NULL,NULL,0,QAP6GlrKlXyis,NULL,2022-07-20 13:13:34,NULL
517,0,61058,61,-1,0,0,65,0,25675,20220720,0,0,0,NULL,NULL,NULL,0,QAP6Gf8roURCa,NULL,2022-07-20 13:13:34,NULL
518,0,61059,61,-1,0,0,65,0,25675,20220720,0,0,0,NULL,NULL,NULL,0,QAP6GEB0Krjmq,NULL,2022-07-20 13:13:34,NULL
519,0,61060,61,-1,0,0,65,0,25675,20220720,0,0,0,NULL,NULL,NULL,0,QAP6GGmwOLIFm,NULL,2022-07-20 13:13:34,NULL
520,0,61061,61,-1,0,0,65,0,25675,20220720,0,0,0,NULL,NULL,NULL,0,QAP6GnObhGgLR,NULL,2022-07-20 13:13:34,NULL
521,0,61062,61,-1,0,0,65,0,25675,20220720,0,0,0,NULL,NULL,NULL,0,QAP6Gd7UtSdRc,NULL,2022-07-20 13:13:34,NULL
522,0,61063,61,-1,0,0,65,0,25675,20220720,0,0,0,NULL,NULL,NULL,0,QAP6GCSZ2YmJ3,NULL,2022-07-20 13:13:34,NULL
523,0,61064,61,-1,0,0,65,0,25675,20220720,0,0,0,NULL,NULL,NULL,0,QAP6GuZT0flJ9,NULL,2022-07-20 13:13:34,NULL
524,0,61065,61,-1,0,0,65,0,25675,20220720,0,0,0,NULL,NULL,NULL,0,QAP6G7x6nKajP,NULL,2022-07-20 13:13:34,NULL
525,0,61066,61,-1,0,0,65,0,25675,20220720,0,0,0,NULL,NULL,NULL,0,QAP6GdwNl18Yt,NULL,2022-07-20 13:13:34,NULL
526,0,61067,61,-1,0,0,65,0,25675,20220720,0,0,0,NULL,NULL,NULL,0,QAP6GcsWEN5uf,NULL,2022-07-20 13:13:34,NULL
527,0,61068,61,-1,0,0,65,0,25675,20220720,0,0,0,NULL,NULL,NULL,0,QAP6GGDwIjvMq,NULL,2022-07-20 13:13:34,NULL
528,0,61069,61,-1,0,0,65,0,25675,20220720,0,0,0,NULL,NULL,NULL,0,QAP6Go3qDMQj3,NULL,2022-07-20 13:13:34,NULL
529,0,61070,61,-1,0,0,65,0,25675,20220720,0,0,0,NULL,NULL,NULL,0,QAP6GVtp7FWM4,NULL,2022-07-20 13:13:34,NULL
530,0,61071,61,-1,0,0,65,0,25675,20220720,0,0,0,NULL,NULL,NULL,0,QAP6GYZ1haIDc,NULL,2022-07-20 13:13:34,NULL
531,0,61072,61,-1,0,0,65,0,25675,20220720,0,0,0,NULL,NULL,NULL,0,QAP6GHk6lpkPK,NULL,2022-07-20 13:13:34,NULL
532,0,61073,61,-1,0,0,65,0,25675,20220720,0,0,0,NULL,NULL,NULL,0,QAP6GwO2eWDB3,NULL,2022-07-20 13:13:34,NULL
533,0,61074,61,-1,0,0,65,0,25675,20220720,0,0,0,NULL,NULL,NULL,0,QAP6GzvHcD0wz,NULL,2022-07-20 13:13:34,NULL
534,0,61075,61,-1,0,0,65,0,25675,20220720,0,0,0,NULL,NULL,NULL,0,QAP6GGWdlny2F,NULL,2022-07-20 13:13:34,NULL
535,0,61076,61,-1,0,0,65,0,25675,20220720,0,0,0,NULL,NULL,NULL,0,QAP6GFyCd2c3s,NULL,2022-07-20 13:13:34,NULL
536,0,61077,61,-1,0,0,65,0,25675,20220720,0,0,0,NULL,NULL,NULL,0,QAP6Ghr2CTGNe,NULL,2022-07-20 13:13:34,NULL
537,0,61078,61,-1,0,0,65,0,25675,20220720,0,0,0,NULL,NULL,NULL,0,QAP6GOvhDm3RN,NULL,2022-07-20 13:13:34,NULL
538,0,61079,61,-1,0,0,65,0,25675,20220720,0,0,0,NULL,NULL,NULL,0,QAP6GpITcqk4t,NULL,2022-07-20 13:13:34,NULL
539,0,61080,61,-1,0,0,65,0,25675,20220720,0,0,0,NULL,NULL,NULL,0,QAP6GUlhGSlcF,NULL,2022-07-20 13:13:34,NULL
540,0,61081,61,-1,0,0,65,0,25675,20220720,0,0,0,NULL,NULL,NULL,0,QAP6GcRmS40qa,NULL,2022-07-20 13:13:34,NULL
541,0,61082,61,-1,0,0,65,0,25675,20220720,0,0,0,NULL,NULL,NULL,0,QAP6Gh3OSXyB8,NULL,2022-07-20 13:13:34,NULL
542,0,61083,61,-1,0,0,65,0,25675,20220720,0,0,0,NULL,NULL,NULL,0,QAP6GAseEOKe8,NULL,2022-07-20 13:13:34,NULL
543,0,61084,61,-1,0,0,65,0,25675,20220720,0,0,0,NULL,NULL,NULL,0,QAP6Gr7wo5Fjz,NULL,2022-07-20 13:13:34,NULL
544,0,61085,61,-1,0,0,65,0,25675,20220720,0,0,0,NULL,NULL,NULL,0,QAP6GZ8uyqal2,NULL,2022-07-20 13:13:34,NULL
545,0,61086,61,-1,0,0,65,0,25675,20220720,0,0,0,NULL,NULL,NULL,0,QAP6GXcByrp6L,NULL,2022-07-20 13:13:34,NULL
546,0,61087,61,-1,0,0,65,0,25675,20220720,0,0,0,NULL,NULL,NULL,0,QAP6Gfh1mAVxS,NULL,2022-07-20 13:13:34,NULL
547,0,61088,61,-1,0,0,65,0,25675,20220720,0,0,0,NULL,NULL,NULL,0,QAP6G0Zp6KxJ5,NULL,2022-07-20 13:13:34,NULL
548,0,61089,61,-1,0,0,65,0,25675,20220720,0,0,0,NULL,NULL,NULL,0,QAP6GL02zpMOm,NULL,2022-07-20 13:13:34,NULL
549,0,61090,61,-1,0,0,65,0,25675,20220720,0,0,0,NULL,NULL,NULL,0,QAP6GxUme7h64,NULL,2022-07-20 13:13:34,NULL
550,0,61091,61,-1,0,0,65,0,25675,20220720,0,0,0,NULL,NULL,NULL,0,QAP6GYyqz99xA,NULL,2022-07-20 13:13:34,NULL
551,0,61092,61,-1,0,0,65,0,25675,20220720,0,0,0,NULL,NULL,NULL,0,QAP6GFAW2zq99,NULL,2022-07-20 13:13:34,NULL
552,0,61093,61,-1,0,0,65,0,25675,20220720,0,0,0,NULL,NULL,NULL,0,QAP6G3yBhRwQ1,NULL,2022-07-20 13:13:34,NULL
553,0,61094,61,-1,0,0,65,0,25675,20220720,0,0,0,NULL,NULL,NULL,0,QAP6GABpYEWuY,NULL,2022-07-20 13:13:34,NULL
554,0,61095,61,-1,0,0,65,0,25675,20220720,0,0,0,NULL,NULL,NULL,0,QAP6GyjxDeU0m,NULL,2022-07-20 13:13:34,NULL
555,0,61096,61,-1,0,0,65,0,25675,20220720,0,0,0,NULL,NULL,NULL,0,QAP6GV4zskCBi,NULL,2022-07-20 13:13:34,NULL
556,0,61097,61,-1,0,0,65,0,25675,20220720,0,0,0,NULL,NULL,NULL,0,QAP6GV1VWs4hX,NULL,2022-07-20 13:13:34,NULL
557,0,61098,61,-1,0,0,65,0,25675,20220720,0,0,0,NULL,NULL,NULL,0,QAP6GzOUWAcPq,NULL,2022-07-20 13:13:34,NULL
558,0,61099,61,-1,0,0,65,0,25675,20220720,0,0,0,NULL,NULL,NULL,0,QAP6GdaeQ0UOG,NULL,2022-07-20 13:13:34,NULL
559,0,61100,61,-1,0,0,65,0,25675,20220720,0,0,0,NULL,NULL,NULL,0,QAP6GPYuEBmYh,NULL,2022-07-20 13:13:34,NULL
560,0,61101,61,-1,0,0,65,0,25675,20220720,0,0,0,NULL,NULL,NULL,0,QAP6G84Dvl5u9,NULL,2022-07-20 13:13:34,NULL
561,0,61102,61,-1,0,0,65,0,25675,20220720,0,0,0,NULL,NULL,NULL,0,QAP6GD6EcC0jD,NULL,2022-07-20 13:13:34,NULL
562,0,61103,61,-1,0,0,65,0,25675,20220720,0,0,0,NULL,NULL,NULL,0,QAP6GIgPThWfd,NULL,2022-07-20 13:13:34,NULL
563,0,61104,61,-1,0,0,65,0,25675,20220720,0,0,0,NULL,NULL,NULL,0,QAP6GukyckVaS,NULL,2022-07-20 13:13:34,NULL
564,0,61105,61,-1,0,0,65,0,25675,20220720,0,0,0,NULL,NULL,NULL,0,QAP6Ge4yfUCNX,NULL,2022-07-20 13:13:34,NULL
565,0,61106,61,-1,0,0,65,0,25675,20220720,0,0,0,NULL,NULL,NULL,0,QAP6GJJcFQqVP,NULL,2022-07-20 13:13:34,NULL
566,0,61107,61,-1,0,0,65,0,25675,20220720,0,0,0,NULL,NULL,NULL,0,QAP6GnPArJyZu,NULL,2022-07-20 13:13:34,NULL
567,0,61108,61,-1,0,0,65,0,25675,20220720,0,0,0,NULL,NULL,NULL,0,QAP6GGfLfLO4p,NULL,2022-07-20 13:13:34,NULL
568,0,61109,61,-1,0,0,65,0,25675,20220720,0,0,0,NULL,NULL,NULL,0,QAP6Gqj1j1prq,NULL,2022-07-20 13:13:34,NULL
569,0,61110,61,-1,0,0,65,0,25675,20220720,0,0,0,NULL,NULL,NULL,0,QAP6G5weFVVOS,NULL,2022-07-20 13:13:34,NULL
570,0,61111,61,-1,0,0,65,0,25675,20220720,0,0,0,NULL,NULL,NULL,0,QAP6G8HyCKMYD,NULL,2022-07-20 13:13:34,NULL
571,0,61112,61,-1,0,0,65,0,25675,20220720,0,0,0,NULL,NULL,NULL,0,QAP6GgnUnVwJZ,NULL,2022-07-20 13:13:34,NULL
572,0,61113,61,-1,0,0,65,0,25675,20220720,0,0,0,NULL,NULL,NULL,0,QAP6GKgnzgsbD,NULL,2022-07-20 13:13:34,NULL
573,0,61114,61,-1,0,0,65,0,25675,20220720,0,0,0,NULL,NULL,NULL,0,QAP6G4WxTYcMs,NULL,2022-07-20 13:13:34,NULL
574,0,61115,61,-1,0,0,65,0,25675,20220720,0,0,0,NULL,NULL,NULL,0,QAP6GYseFD0aD,NULL,2022-07-20 13:13:34,NULL
575,0,61116,61,-1,0,0,65,0,25675,20220720,0,0,0,NULL,NULL,NULL,0,QAP6GwSbwzLZJ,NULL,2022-07-20 13:13:34,NULL
576,0,61117,61,-1,0,0,65,0,25675,20220720,0,0,0,NULL,NULL,NULL,0,QAP6GkIxmobjf,NULL,2022-07-20 13:13:34,NULL
577,0,61118,61,-1,0,0,65,0,25675,20220720,0,0,0,NULL,NULL,NULL,0,QAP6G3dNVnsto,NULL,2022-07-20 13:13:34,NULL
578,0,61119,61,-1,0,0,65,0,25675,20220720,0,0,0,NULL,NULL,NULL,0,QAP6GM1BUQRc0,NULL,2022-07-20 13:13:34,NULL
579,0,61120,61,-1,0,0,65,0,25675,20220720,0,0,0,NULL,NULL,NULL,0,QAP6GESa9ecaJ,NULL,2022-07-20 13:13:34,NULL
580,0,61121,61,-1,0,0,65,0,25675,20220720,0,0,0,NULL,NULL,NULL,0,QAP6G0ifpnDfz,NULL,2022-07-20 13:13:35,NULL
581,0,61122,61,-1,0,0,65,0,25675,20220720,0,0,0,NULL,NULL,NULL,0,QAP6GbG8PMzw6,NULL,2022-07-20 13:13:35,NULL
582,0,61123,61,-1,0,0,65,0,25675,20220720,0,0,0,NULL,NULL,NULL,0,QAP6GBJte8ffR,NULL,2022-07-20 13:13:35,NULL
583,0,61124,61,-1,0,0,65,0,25675,20220720,0,0,0,NULL,NULL,NULL,0,QAP6G8oK5JBiP,NULL,2022-07-20 13:13:35,NULL
584,0,61125,61,-1,0,0,65,0,25675,20220720,0,0,0,NULL,NULL,NULL,0,QAP6GH4FIrlys,NULL,2022-07-20 13:13:35,NULL
585,0,61126,61,-1,0,0,65,0,25675,20220720,0,0,0,NULL,NULL,NULL,0,QAP6GC1ksBOnX,NULL,2022-07-20 13:13:35,NULL
586,0,61127,61,-1,0,0,65,0,25675,20220720,0,0,0,NULL,NULL,NULL,0,QAP6GB3hwrcdJ,NULL,2022-07-20 13:13:35,NULL
587,0,61128,61,-1,0,0,65,0,25675,20220720,0,0,0,NULL,NULL,NULL,0,QAP6G4RIc9V2c,NULL,2022-07-20 13:13:35,NULL
588,0,61129,61,-1,0,0,65,0,25675,20220720,0,0,0,NULL,NULL,NULL,0,QAP6G7HgbruAs,NULL,2022-07-20 13:13:35,NULL
589,0,61130,61,-1,0,0,65,0,25675,20220720,0,0,0,NULL,NULL,NULL,0,QAP6GfTzPGFGN,NULL,2022-07-20 13:13:35,NULL
590,0,61131,61,-1,0,0,65,0,25675,20220720,0,0,0,NULL,NULL,NULL,0,QAP6GpIXBzlZU,NULL,2022-07-20 13:13:35,NULL
591,0,61132,61,-1,0,0,65,0,25675,20220720,0,0,0,NULL,NULL,NULL,0,QAP6Gc20xyOWK,NULL,2022-07-20 13:13:35,NULL
592,0,61133,61,-1,0,0,65,0,25675,20220720,0,0,0,NULL,NULL,NULL,0,QAP6Gpc3LcsxV,NULL,2022-07-20 13:13:35,NULL
593,0,61134,61,-1,0,0,65,0,25675,20220720,0,0,0,NULL,NULL,NULL,0,QAP6GqZm8BaHE,NULL,2022-07-20 13:13:35,NULL
594,0,61135,1,0,0,0,109,0,25675,20220912,35,0,0,NULL,NULL,NULL,0,QAP6Gdw3WgZ2M,NULL,2022-09-12 07:57:25,NULL
595,0,61136,1,0,0,0,109,0,25675,20220912,36,0,0,NULL,NULL,NULL,0,QAP6GaBVLUgsy,NULL,2022-09-12 07:57:25,NULL
596,0,61137,1,0,0,0,109,0,25675,20220912,37,0,0,NULL,NULL,NULL,0,QAP6GnPzSVufe,NULL,2022-09-12 07:57:25,NULL
597,0,61138,1,0,0,0,109,0,25675,20220912,38,0,0,NULL,NULL,NULL,0,QAP6GzwzlDhKu,NULL,2022-09-12 07:57:25,NULL
598,0,61139,1,0,0,0,109,0,25675,20220912,39,0,0,NULL,NULL,NULL,0,QAP6GyoesiPwq,NULL,2022-09-12 07:57:25,NULL
599,0,61140,1,0,0,0,109,0,25675,20220912,40,0,0,NULL,NULL,NULL,0,QAP6GmWQAG9Jw,NULL,2022-09-12 07:57:25,NULL
600,0,61141,1,0,0,0,109,0,25675,20220912,41,0,0,NULL,NULL,NULL,0,QAP6G0b9WOJdx,NULL,2022-09-12 07:57:25,NULL
601,0,61142,1,0,0,0,109,0,25675,20220912,42,0,0,NULL,NULL,NULL,0,QAP6GcB1eH3V0,NULL,2022-09-12 07:57:25,NULL
602,0,61143,1,0,0,0,109,0,25675,20220912,43,0,0,NULL,NULL,NULL,0,QAP6G16emFBpO,NULL,2022-09-12 07:57:25,NULL
603,0,61144,1,0,0,0,109,0,25675,20220912,44,0,0,NULL,NULL,NULL,0,QAP6GGg2t2L3T,NULL,2022-09-12 07:57:25,NULL
604,0,61145,1,0,0,0,109,0,25675,20220912,45,0,0,NULL,NULL,NULL,0,QAP6GE0dnKYHX,NULL,2022-09-12 07:57:25,NULL
605,0,61146,1,0,0,0,109,0,25675,20220912,46,0,0,NULL,NULL,NULL,0,QAP6GlVqBxI41,NULL,2022-09-12 07:57:25,NULL
606,0,61147,1,0,0,0,109,0,25675,20220912,47,0,0,NULL,NULL,NULL,0,QAP6GdBvILEVd,NULL,2022-09-12 07:57:25,NULL
607,0,61148,1,0,0,0,109,0,25675,20220912,48,0,0,NULL,NULL,NULL,0,QAP6Gfr58nxEv,NULL,2022-09-12 07:57:25,NULL
608,0,61149,1,0,0,0,109,0,25675,20220912,49,0,0,NULL,NULL,NULL,0,QAP6GsB2yxM6i,NULL,2022-09-12 07:57:25,NULL
609,0,61150,1,0,0,0,109,0,25675,20220912,50,0,0,NULL,NULL,NULL,0,QAP6GlxonorVF,NULL,2022-09-12 07:57:25,NULL
610,0,61151,1,0,0,0,109,0,25675,20220912,51,0,0,NULL,NULL,NULL,0,QAP6GO2ojCNmq,NULL,2022-09-12 07:57:25,NULL
611,0,61152,1,0,0,0,109,0,25675,20220912,52,0,0,NULL,NULL,NULL,0,QAP6GvR2dQ0qa,NULL,2022-09-12 07:57:25,NULL
612,0,61153,1,0,0,0,109,0,25675,20220912,53,0,0,NULL,NULL,NULL,0,QAP6GBabvWUSQ,NULL,2022-09-12 07:57:25,NULL
613,0,61154,1,0,0,0,109,0,25675,20220912,54,0,0,NULL,NULL,NULL,0,QAP6GX16Ww1HH,NULL,2022-09-12 07:57:25,NULL
614,0,61155,1,0,0,0,109,0,25675,20220912,55,0,0,NULL,NULL,NULL,0,QAP6GoYjINlqV,NULL,2022-09-12 07:57:25,NULL
615,0,61156,1,0,0,0,109,0,25675,20220912,56,0,0,NULL,NULL,NULL,0,QAP6GmTc6P2KZ,NULL,2022-09-12 07:57:25,NULL
616,0,61157,1,0,0,0,109,0,25675,20220912,57,0,0,NULL,NULL,NULL,0,QAP6G5CKvWOFw,NULL,2022-09-12 07:57:25,NULL
617,0,61158,1,0,0,0,109,0,25675,20220912,58,0,0,NULL,NULL,NULL,0,QAP6GjJVsWWFx,NULL,2022-09-12 07:57:25,NULL
618,0,61159,1,0,0,0,109,0,25675,20220912,59,0,0,NULL,NULL,NULL,0,QAP6GpKcS83ra,NULL,2022-09-12 07:57:25,NULL
619,0,61160,1,0,0,0,109,0,25675,20220912,60,0,0,NULL,NULL,NULL,0,QAP6G0mA3VE2p,NULL,2022-09-12 07:57:25,NULL
620,0,61161,1,0,0,0,109,0,25675,20220912,61,0,0,NULL,NULL,NULL,0,QAP6GFV9CvZvM,NULL,2022-09-12 07:57:25,NULL
621,0,61162,1,0,0,0,109,0,25675,20220912,62,0,0,NULL,NULL,NULL,0,QAP6GyBjXFSNA,NULL,2022-09-12 07:57:25,NULL
622,0,61163,1,0,0,0,109,0,25675,20220912,63,0,0,NULL,NULL,NULL,0,QAP6GvcICPbkK,NULL,2022-09-12 07:57:25,NULL
623,0,61164,1,0,0,0,109,0,25675,20220912,64,0,0,NULL,NULL,NULL,0,QAP6GiaZUj6kv,NULL,2022-09-12 07:57:25,NULL
624,0,61165,31,-1,0,0,109,0,25675,20220930,0,0,0,NULL,NULL,NULL,0,QAP6GITIc2Ini,NULL,2022-09-30 08:39:02,NULL
625,0,61166,31,-1,0,0,109,0,25675,20220930,0,0,0,NULL,NULL,NULL,0,QAP6GThsmyfB0,NULL,2022-09-30 08:39:02,NULL
626,0,61167,31,-1,0,0,109,0,25675,20220930,0,0,0,NULL,NULL,NULL,0,QAP6GsFmYiSNY,NULL,2022-09-30 08:39:02,NULL
627,0,61168,31,-1,0,0,109,0,25675,20220930,0,0,0,NULL,NULL,NULL,0,QAP6Gk9UQfCWx,NULL,2022-09-30 08:39:02,NULL
628,0,61169,31,-1,0,0,109,0,25675,20220930,0,0,0,NULL,NULL,NULL,0,QAP6GVnNjEUyW,NULL,2022-09-30 08:39:02,NULL
629,0,61170,31,-1,0,0,109,0,25675,20220930,0,0,0,NULL,NULL,NULL,0,QAP6Gj3wpRN9j,NULL,2022-09-30 08:39:02,NULL
630,0,61171,31,-1,0,0,109,0,25675,20220930,0,0,0,NULL,NULL,NULL,0,QAP6Gf8xiel7c,NULL,2022-09-30 08:39:02,NULL
631,0,61172,31,-1,0,0,109,0,25675,20220930,0,0,0,NULL,NULL,NULL,0,QAP6GhnEM5ghu,NULL,2022-09-30 08:39:02,NULL
632,0,61173,31,-1,0,0,109,0,25675,20220930,0,0,0,NULL,NULL,NULL,0,QAP6GXZzJlc8w,NULL,2022-09-30 08:39:02,NULL
633,0,61174,31,-1,0,0,109,0,25675,20220930,0,0,0,NULL,NULL,NULL,0,QAP6GoOK8khxT,NULL,2022-09-30 08:39:02,NULL
634,0,61175,31,-1,0,0,109,0,25675,20220930,0,0,0,NULL,NULL,NULL,0,QAP6GAHhvNyE1,NULL,2022-09-30 08:39:02,NULL
635,0,61176,31,-1,0,0,109,0,25675,20220930,0,0,0,NULL,NULL,NULL,0,QAP6GR53BSYMz,NULL,2022-09-30 08:39:02,NULL
