germplasm_study_source_id,gid,project_id,nd_experiment_id,type
1,43910,357,NULL,ADVANCE
2,43911,357,NULL,ADVANCE
3,43912,357,NULL,ADVANCE
4,43913,357,NULL,ADVANCE
5,43914,357,NULL,ADVANCE
6,43915,357,NULL,ADVANCE
7,43916,357,NULL,ADVANCE
8,43917,357,NULL,ADVANCE
9,43918,357,NULL,ADVANCE
10,43919,357,NULL,ADVANCE
11,43920,357,NULL,ADVANCE
12,43921,357,NULL,ADVANCE
13,43922,357,NULL,ADVANCE
14,43923,357,NULL,ADVANCE
15,43924,357,NULL,ADVANCE
16,43925,357,NULL,ADVANCE
17,43926,357,NULL,ADVANCE
18,43927,357,NULL,ADVANCE
19,43928,357,NULL,ADVANCE
20,43929,357,NULL,ADVANCE
21,43930,357,NULL,ADVANCE
22,43931,357,NULL,ADVANCE
23,43932,357,NULL,ADVANCE
24,43933,357,NULL,ADVANCE
25,44583,366,NULL,ADVANCE
26,44584,366,NULL,ADVANCE
27,44585,366,NULL,ADVANCE
28,44586,366,NULL,ADVANCE
29,44587,366,NULL,ADVANCE
30,44588,366,NULL,ADVANCE
31,44589,366,NULL,ADVANCE
32,44590,366,NULL,ADVANCE
33,44591,366,NULL,ADVANCE
34,44592,366,NULL,ADVANCE
35,44593,366,NULL,ADVANCE
36,44594,366,NULL,ADVANCE
37,48395,414,NULL,CROSS
38,48396,414,NULL,CROSS
39,48397,414,NULL,CROSS
40,48398,417,NULL,ADVANCE
41,48399,417,NULL,ADVANCE
42,48400,417,NULL,ADVANCE
43,48401,420,NULL,ADVANCE
44,48402,420,NULL,ADVANCE
45,48403,420,NULL,ADVANCE
46,48404,423,NULL,ADVANCE
47,48405,423,NULL,ADVANCE
48,48406,423,NULL,ADVANCE
49,48407,423,NULL,ADVANCE
50,48408,423,NULL,ADVANCE
51,48409,423,NULL,ADVANCE
52,48410,423,NULL,ADVANCE
53,48411,423,NULL,ADVANCE
54,48412,423,NULL,ADVANCE
55,48413,423,NULL,ADVANCE
56,48414,423,NULL,ADVANCE
57,48415,423,NULL,ADVANCE
58,48416,423,NULL,ADVANCE
59,48417,423,NULL,ADVANCE
60,48418,423,NULL,ADVANCE
61,48419,423,NULL,ADVANCE
62,48420,423,NULL,ADVANCE
63,48421,423,NULL,ADVANCE
64,48422,423,NULL,ADVANCE
65,48423,423,NULL,ADVANCE
66,48424,423,NULL,ADVANCE
67,48425,423,NULL,ADVANCE
68,48426,423,NULL,ADVANCE
69,48427,423,NULL,ADVANCE
70,48428,423,NULL,ADVANCE
71,48429,423,NULL,ADVANCE
72,48430,423,NULL,ADVANCE
73,48431,423,NULL,ADVANCE
74,48432,423,NULL,ADVANCE
75,48433,423,NULL,ADVANCE
76,48434,423,NULL,ADVANCE
77,48435,423,NULL,ADVANCE
78,48436,423,NULL,ADVANCE
79,48437,423,NULL,ADVANCE
80,48438,423,NULL,ADVANCE
81,48439,423,NULL,ADVANCE
82,48440,423,NULL,ADVANCE
83,48441,423,NULL,ADVANCE
84,48442,423,NULL,ADVANCE
85,48443,423,NULL,ADVANCE
86,48444,423,NULL,ADVANCE
87,48445,423,NULL,ADVANCE
88,48446,423,NULL,ADVANCE
89,48447,423,NULL,ADVANCE
90,48448,423,NULL,ADVANCE
91,48450,423,NULL,ADVANCE
92,48451,423,NULL,ADVANCE
93,48452,423,NULL,ADVANCE
94,48453,423,NULL,ADVANCE
95,48454,423,NULL,ADVANCE
96,48455,423,NULL,ADVANCE
97,48456,423,NULL,ADVANCE
98,48457,423,NULL,ADVANCE
99,48458,423,NULL,ADVANCE
100,48459,423,NULL,ADVANCE
101,48460,423,NULL,ADVANCE
102,48461,423,NULL,ADVANCE
103,48462,423,NULL,ADVANCE
104,48463,423,NULL,ADVANCE
105,48464,423,NULL,ADVANCE
106,48465,423,NULL,ADVANCE
107,48466,423,NULL,ADVANCE
108,48467,423,NULL,ADVANCE
109,48468,423,NULL,ADVANCE
110,48470,423,NULL,ADVANCE
111,48471,423,NULL,ADVANCE
112,48472,423,NULL,ADVANCE
113,48473,423,NULL,ADVANCE
114,48474,423,NULL,ADVANCE
115,48475,423,NULL,ADVANCE
116,48476,423,NULL,ADVANCE
117,48477,423,NULL,ADVANCE
118,48478,423,NULL,ADVANCE
119,48479,423,NULL,ADVANCE
120,48480,423,NULL,ADVANCE
121,48481,423,NULL,ADVANCE
122,48482,423,NULL,ADVANCE
123,48483,423,NULL,ADVANCE
124,48484,423,NULL,ADVANCE
125,48485,423,NULL,ADVANCE
126,48486,423,NULL,ADVANCE
127,48487,423,NULL,ADVANCE
128,48488,423,NULL,ADVANCE
129,48489,423,NULL,ADVANCE
130,48490,423,NULL,ADVANCE
131,48492,423,NULL,ADVANCE
132,48401,433,NULL,ADVANCE
133,48402,433,NULL,ADVANCE
134,48403,433,NULL,ADVANCE
135,49220,426,NULL,ADVANCE
136,49221,426,NULL,ADVANCE
137,49222,426,NULL,ADVANCE
138,49223,426,NULL,ADVANCE
139,49224,426,NULL,ADVANCE
140,49225,426,NULL,ADVANCE
141,49226,426,NULL,ADVANCE
142,49227,426,NULL,ADVANCE
143,49228,426,NULL,ADVANCE
144,49229,426,NULL,ADVANCE
145,49230,426,NULL,ADVANCE
146,49231,426,NULL,ADVANCE
147,49232,426,NULL,ADVANCE
148,49233,426,NULL,ADVANCE
149,49234,426,NULL,ADVANCE
150,49250,426,NULL,ADVANCE
151,49251,426,NULL,ADVANCE
152,49252,426,NULL,ADVANCE
153,49253,426,NULL,ADVANCE
154,49254,426,NULL,ADVANCE
155,49316,420,NULL,ADVANCE
156,49317,420,NULL,ADVANCE
157,49318,420,NULL,ADVANCE
158,49319,420,NULL,ADVANCE
159,49321,420,NULL,ADVANCE
160,49322,420,NULL,ADVANCE
161,49323,420,NULL,ADVANCE
162,49325,420,NULL,ADVANCE
163,49326,420,NULL,ADVANCE
164,49327,420,NULL,ADVANCE
165,49328,420,NULL,ADVANCE
166,49329,420,NULL,ADVANCE
167,49330,420,NULL,ADVANCE
168,49331,426,NULL,ADVANCE
169,49332,426,NULL,ADVANCE
170,49333,426,NULL,ADVANCE
171,49334,426,NULL,ADVANCE
172,49335,426,NULL,ADVANCE
173,49336,426,NULL,ADVANCE
174,49337,426,NULL,ADVANCE
175,49338,426,NULL,ADVANCE
176,49339,426,NULL,ADVANCE
177,49340,426,NULL,ADVANCE
178,49341,426,NULL,ADVANCE
179,49342,426,NULL,ADVANCE
180,49343,426,NULL,ADVANCE
181,49344,426,NULL,ADVANCE
182,49345,426,NULL,ADVANCE
183,49346,426,NULL,ADVANCE
184,49347,426,NULL,ADVANCE
185,49352,426,NULL,ADVANCE
186,49353,426,NULL,ADVANCE
187,49354,426,NULL,ADVANCE
188,49365,426,NULL,ADVANCE
189,49366,426,NULL,ADVANCE
190,49367,426,NULL,ADVANCE
191,49368,426,NULL,ADVANCE
192,49369,426,NULL,ADVANCE
193,49370,426,NULL,ADVANCE
194,49371,426,NULL,ADVANCE
195,49372,426,NULL,ADVANCE
196,53880,1456,243555,CROSS
197,53881,1456,243556,CROSS
198,53882,1456,243557,CROSS
199,53883,1456,243558,CROSS
200,53884,1456,243559,CROSS
201,53885,1456,243560,CROSS
202,53886,1456,243561,CROSS
203,53887,1456,243562,CROSS
204,53888,1456,243563,CROSS
205,53889,1456,243564,CROSS
206,53890,1456,243565,CROSS
207,53891,1456,243566,CROSS
208,53892,1456,243567,CROSS
209,53893,1456,243568,CROSS
210,53894,1456,243569,CROSS
211,53895,1456,243570,CROSS
212,53896,1456,243571,CROSS
213,53897,1456,243572,CROSS
214,53898,1456,243573,CROSS
215,53899,1456,243574,CROSS
216,53900,1456,243575,CROSS
217,53901,1456,243576,CROSS
218,53902,1456,243577,CROSS
219,53903,1456,243578,CROSS
220,53904,1456,243579,CROSS
221,53905,1456,243580,CROSS
222,53906,1456,243581,CROSS
223,53907,1456,243582,CROSS
224,53908,1456,243583,CROSS
225,53909,1456,243584,CROSS
226,53910,1456,243585,CROSS
227,53911,1456,243586,CROSS
228,53912,1456,243587,CROSS
229,53913,1456,243588,CROSS
230,53914,1456,243589,CROSS
231,53915,1456,243590,CROSS
232,53916,1456,243591,CROSS
233,53917,1456,243592,CROSS
234,53918,1456,243593,CROSS
235,53919,1456,243594,CROSS
236,53920,1456,243595,CROSS
237,53921,1456,243596,CROSS
238,53922,1456,243597,CROSS
239,53923,1456,243598,CROSS
240,53924,1456,243599,CROSS
241,53925,1456,243600,CROSS
242,53926,1456,243601,CROSS
243,53927,1456,243602,CROSS
244,53928,1456,243603,CROSS
245,53929,1456,243604,CROSS
246,53930,1456,243605,CROSS
247,53931,1456,243606,CROSS
248,53932,1456,243607,CROSS
249,53933,1456,243608,CROSS
250,53934,1456,243609,CROSS
251,53935,1456,243610,CROSS
252,53936,1456,243611,CROSS
253,53937,1456,243612,CROSS
254,53938,1456,243613,CROSS
255,53939,1456,243614,CROSS
256,53940,1456,243615,CROSS
257,53941,1456,243616,CROSS
258,53942,1456,243617,CROSS
259,53943,1456,243618,CROSS
260,53944,1456,243619,CROSS
261,53945,1456,243620,CROSS
262,53946,1456,243621,CROSS
263,53947,1456,243622,CROSS
264,53948,1456,243623,CROSS
265,53949,1456,243624,CROSS
266,53950,1456,243625,CROSS
267,53951,1456,243626,CROSS
268,53952,1456,243627,CROSS
269,53953,1456,243628,CROSS
270,53954,1456,243629,CROSS
271,53955,1456,243630,CROSS
272,53956,1456,243631,CROSS
273,53957,1456,243632,CROSS
274,53958,1456,243633,CROSS
275,53959,1456,243634,CROSS
276,53960,1456,243635,CROSS
277,53961,1456,243636,CROSS
278,53962,1456,243637,CROSS
279,53963,1456,243638,CROSS
280,53964,1456,243639,CROSS
281,53965,1456,243640,CROSS
282,53966,1456,243641,CROSS
283,53967,1456,243642,CROSS
284,53968,1456,243643,CROSS
285,53969,1456,243644,CROSS
286,53970,1456,243645,CROSS
287,53971,1456,243646,CROSS
288,53972,1456,243647,CROSS
289,53973,1456,243648,CROSS
290,53974,1456,243649,CROSS
291,53975,1456,243650,CROSS
292,53976,1456,243651,CROSS
293,53977,1456,243652,CROSS
294,53978,1456,243653,CROSS
295,53979,1456,243654,CROSS
296,53980,1456,243655,CROSS
297,53981,1456,243656,CROSS
298,53982,1456,243657,CROSS
299,53983,1456,243658,CROSS
300,53984,1456,243659,CROSS
301,53985,1456,243660,CROSS
302,53986,1456,243661,CROSS
303,53987,1456,243662,CROSS
304,53988,1456,243663,CROSS
305,53989,1456,243664,CROSS
306,53990,1456,243665,CROSS
307,53991,1456,243666,CROSS
308,53992,1456,243667,CROSS
309,53993,1456,243668,CROSS
310,53994,1456,243669,CROSS
311,53995,1456,243670,CROSS
312,53996,1456,243671,CROSS
313,53997,1456,243672,CROSS
314,53998,1456,243673,CROSS
315,53999,1456,243674,CROSS
316,54000,1456,243675,CROSS
317,54001,1456,243676,CROSS
318,54002,1456,243677,CROSS
319,54003,1456,243678,CROSS
320,54004,1456,243555,CROSS
321,54005,1456,243791,CROSS
322,54006,1456,243791,CROSS
323,54007,1456,243791,CROSS
324,54008,1456,243791,CROSS
325,54009,1456,243791,CROSS
326,54010,1456,243791,CROSS
327,54011,1456,243791,CROSS
328,54012,1456,243791,CROSS
329,54013,1456,243791,CROSS
330,54014,1456,243565,CROSS
331,54015,1456,243566,CROSS
332,54016,1456,243570,CROSS
333,54017,1456,243570,CROSS
334,54018,1456,243570,CROSS
335,54019,1456,243570,CROSS
336,54020,1456,243622,CROSS
337,54021,1456,243622,CROSS
338,54022,1456,243622,CROSS
339,54023,1456,243622,CROSS
340,54024,1456,243622,CROSS
341,54025,1456,243622,CROSS
342,54026,1456,243622,CROSS
343,54027,1456,243622,CROSS
344,54028,1456,243583,CROSS
345,54029,1456,243583,CROSS
346,54030,1456,243583,CROSS
347,54031,1456,243583,CROSS
348,54032,1456,243583,CROSS
349,54033,1456,243625,CROSS
350,54034,1456,243625,CROSS
351,54035,1456,243625,CROSS
352,54036,1456,243587,CROSS
353,54037,1456,243629,CROSS
354,54038,1456,243629,CROSS
355,54039,1456,243631,CROSS
356,54040,1456,243631,CROSS
357,54041,1456,243638,CROSS
358,54042,1456,243638,CROSS
359,54043,1456,243642,CROSS
360,54044,1456,243596,CROSS
361,54045,1456,243596,CROSS
362,54046,1456,243599,CROSS
363,54047,1456,243599,CROSS
364,54048,1456,243599,CROSS
365,54049,1456,243652,CROSS
366,54050,1456,243602,CROSS
367,54051,1456,243602,CROSS
368,54052,1456,243605,CROSS
369,54053,1456,243605,CROSS
370,54054,1456,243605,CROSS
371,54055,1456,243609,CROSS
372,54056,1456,243609,CROSS
373,54057,1456,243609,CROSS
374,54058,1456,243609,CROSS
375,54059,1456,243612,CROSS
376,54060,1456,243612,CROSS
377,54061,1456,243612,CROSS
378,54062,1456,243732,CROSS
379,54063,1456,243732,CROSS
380,54064,1456,243769,CROSS
381,54065,1456,243769,CROSS
382,54066,1456,243769,CROSS
383,54067,1456,243769,CROSS
384,54068,1456,243619,CROSS
385,54069,1456,243620,CROSS
386,54070,1456,243622,CROSS
387,54071,1456,243622,CROSS
388,54072,1456,243625,CROSS
389,54073,1456,243625,CROSS
390,54074,1456,243625,CROSS
391,54075,1456,243629,CROSS
392,54076,1456,243629,CROSS
393,54077,1456,243629,CROSS
394,54078,1456,243629,CROSS
395,54079,1456,243631,CROSS
396,54080,1456,243631,CROSS
397,54081,1456,243632,CROSS
398,54082,1456,243634,CROSS
399,54083,1456,243634,CROSS
400,54084,1456,243638,CROSS
401,54085,1456,243638,CROSS
402,54086,1456,243638,CROSS
403,54087,1456,243638,CROSS
404,54088,1456,243640,CROSS
405,54089,1456,243640,CROSS
406,54090,1456,243642,CROSS
407,54091,1456,243642,CROSS
408,54092,1456,243645,CROSS
409,54093,1456,243645,CROSS
410,54094,1456,243645,CROSS
411,54095,1456,243648,CROSS
412,54096,1456,243648,CROSS
413,54097,1456,243648,CROSS
414,54098,1456,243652,CROSS
415,54099,1456,243652,CROSS
416,54100,1456,243652,CROSS
417,54101,1456,243652,CROSS
418,54102,1456,243768,CROSS
419,54103,1456,243768,CROSS
420,54104,1456,243753,CROSS
421,54105,1456,243753,CROSS
422,54106,1456,243660,CROSS
423,54107,1456,243660,CROSS
424,54108,1456,243660,CROSS
425,54109,1456,243660,CROSS
426,54110,1456,243661,CROSS
427,54111,1456,243732,CROSS
428,54112,1456,243732,CROSS
429,54113,1456,243768,CROSS
430,54114,1456,243802,CROSS
431,54115,1456,243802,CROSS
432,54116,1456,243802,CROSS
433,54117,1456,243789,CROSS
434,54118,1456,243801,CROSS
435,54119,1456,243791,CROSS
436,54120,1456,243791,CROSS
437,54121,1456,243791,CROSS
438,54122,1456,243791,CROSS
439,54123,1456,243795,CROSS
440,54124,1456,243795,CROSS
441,54125,1456,243799,CROSS
442,54126,1456,243678,CROSS
443,54127,1456,243678,CROSS
444,54128,1459,243803,ADVANCE
445,54129,1459,243803,ADVANCE
446,54130,1459,243804,ADVANCE
447,54131,1459,243804,ADVANCE
448,54132,1459,243805,ADVANCE
449,54133,1459,243806,ADVANCE
450,54134,1459,243807,ADVANCE
451,54135,1459,243808,ADVANCE
452,54136,1459,243808,ADVANCE
453,54137,1459,243808,ADVANCE
454,54138,1459,243808,ADVANCE
455,54139,1459,243808,ADVANCE
456,54140,1459,243808,ADVANCE
457,54141,1459,243808,ADVANCE
458,54142,1459,243809,ADVANCE
459,54143,1459,243809,ADVANCE
460,54144,1459,243809,ADVANCE
461,54145,1459,243809,ADVANCE
462,54146,1459,243810,ADVANCE
463,54147,1459,243811,ADVANCE
464,54148,1459,243811,ADVANCE
465,54149,1459,243812,ADVANCE
466,54150,1459,243812,ADVANCE
467,54151,1459,243813,ADVANCE
468,54152,1459,243813,ADVANCE
469,54153,1459,243814,ADVANCE
470,54154,1459,243814,ADVANCE
471,54155,1459,243815,ADVANCE
472,54156,1459,243815,ADVANCE
473,54157,1459,243816,ADVANCE
474,54158,1459,243816,ADVANCE
475,54159,1459,243816,ADVANCE
476,54160,1459,243816,ADVANCE
477,54161,1459,243816,ADVANCE
478,54162,1459,243817,ADVANCE
479,54163,1459,243817,ADVANCE
480,54164,1459,243817,ADVANCE
481,54165,1459,243817,ADVANCE
482,54166,1459,243818,ADVANCE
483,54167,1459,243818,ADVANCE
484,54168,1459,243818,ADVANCE
485,54169,1459,243818,ADVANCE
486,54170,1459,243818,ADVANCE
487,54171,1459,243818,ADVANCE
488,54172,1459,243819,ADVANCE
489,54173,1459,243819,ADVANCE
490,54174,1459,243819,ADVANCE
491,54175,1459,243819,ADVANCE
492,54176,1459,243819,ADVANCE
493,54177,1459,243819,ADVANCE
494,54178,1459,243819,ADVANCE
495,54179,1459,243819,ADVANCE
496,54180,1459,243820,ADVANCE
497,54181,1459,243820,ADVANCE
498,54182,1459,243820,ADVANCE
499,54183,1459,243820,ADVANCE
500,54184,1459,243820,ADVANCE
501,54185,1459,243820,ADVANCE
502,54186,1459,243820,ADVANCE
503,54187,1459,243820,ADVANCE
504,54188,1459,243820,ADVANCE
505,54189,1459,243821,ADVANCE
506,54190,1459,243821,ADVANCE
507,54191,1459,243821,ADVANCE
508,54192,1459,243821,ADVANCE
509,54193,1459,243821,ADVANCE
510,54194,1459,243821,ADVANCE
511,54195,1459,243821,ADVANCE
512,54196,1459,243821,ADVANCE
513,54197,1459,243821,ADVANCE
514,54198,1459,243822,ADVANCE
515,54199,1459,243822,ADVANCE
516,54200,1459,243822,ADVANCE
517,54201,1459,243823,ADVANCE
518,54202,1459,243823,ADVANCE
519,54203,1459,243823,ADVANCE
520,54204,1459,243823,ADVANCE
521,54205,1459,243823,ADVANCE
522,54206,1459,243824,ADVANCE
523,54207,1459,243824,ADVANCE
524,54208,1459,243824,ADVANCE
525,54209,1459,243824,ADVANCE
526,54210,1459,243824,ADVANCE
527,54211,1459,243825,ADVANCE
528,54212,1459,243825,ADVANCE
529,54213,1459,243825,ADVANCE
530,54214,1459,243825,ADVANCE
531,54215,1459,243825,ADVANCE
532,54216,1459,243826,ADVANCE
533,54217,1459,243826,ADVANCE
534,54218,1459,243826,ADVANCE
535,54219,1459,243827,ADVANCE
536,54220,1459,243827,ADVANCE
537,54221,1459,243828,ADVANCE
538,54222,1459,243828,ADVANCE
539,54223,1459,243828,ADVANCE
540,54224,1459,243828,ADVANCE
541,54225,1459,243829,ADVANCE
542,54226,1459,243830,ADVANCE
543,54227,1459,243830,ADVANCE
544,54228,1459,243830,ADVANCE
545,54229,1459,243831,ADVANCE
546,54230,1459,243831,ADVANCE
547,54231,1459,243832,ADVANCE
548,54232,1459,243832,ADVANCE
549,54233,1459,243832,ADVANCE
550,54234,1459,243833,ADVANCE
551,54235,1459,243834,ADVANCE
552,54236,1459,243834,ADVANCE
553,54237,1459,243834,ADVANCE
554,54238,1459,243834,ADVANCE
555,54239,1459,243835,ADVANCE
556,54240,1459,243835,ADVANCE
557,54241,1459,243835,ADVANCE
558,54242,1459,243835,ADVANCE
559,54243,1459,243835,ADVANCE
560,54244,1459,243836,ADVANCE
561,54245,1459,243837,ADVANCE
562,54246,1459,243837,ADVANCE
563,54247,1459,243837,ADVANCE
564,54248,1459,243838,ADVANCE
565,54249,1459,243838,ADVANCE
566,54250,1459,243838,ADVANCE
567,54251,1459,243838,ADVANCE
568,54252,1459,243838,ADVANCE
569,54253,1459,243838,ADVANCE
570,54254,1459,243838,ADVANCE
571,54255,1459,243838,ADVANCE
572,54256,1459,243838,ADVANCE
573,54257,1459,243839,ADVANCE
574,54258,1459,243839,ADVANCE
575,54259,1459,243839,ADVANCE
576,54260,1459,243839,ADVANCE
577,54261,1459,243840,ADVANCE
578,54262,1459,243840,ADVANCE
579,54263,1459,243840,ADVANCE
580,54264,1459,243840,ADVANCE
581,54265,1459,243841,ADVANCE
582,54266,1459,243841,ADVANCE
583,54267,1459,243841,ADVANCE
584,54268,1459,243841,ADVANCE
585,54269,1459,243841,ADVANCE
586,54270,1459,243841,ADVANCE
587,54271,1459,243841,ADVANCE
588,54272,1459,243841,ADVANCE
589,54273,1459,243841,ADVANCE
590,54274,1459,243842,ADVANCE
591,54275,1459,243842,ADVANCE
592,54276,1459,243842,ADVANCE
593,54277,1459,243842,ADVANCE
594,54278,1459,243842,ADVANCE
595,54279,1459,243842,ADVANCE
596,54280,1459,243842,ADVANCE
597,54281,1459,243843,ADVANCE
598,54282,1459,243844,ADVANCE
599,54283,1459,243844,ADVANCE
600,54284,1459,243844,ADVANCE
601,54285,1459,243844,ADVANCE
602,54286,1459,243845,ADVANCE
603,54287,1459,243845,ADVANCE
604,54288,1459,243845,ADVANCE
605,54289,1459,243845,ADVANCE
606,54290,1459,243845,ADVANCE
607,54291,1459,243845,ADVANCE
608,54292,1459,243845,ADVANCE
609,54293,1459,243845,ADVANCE
610,54294,1459,243846,ADVANCE
611,54295,1459,243846,ADVANCE
612,54296,1459,243846,ADVANCE
613,54297,1459,243847,ADVANCE
614,54298,1459,243847,ADVANCE
615,54299,1459,243847,ADVANCE
616,54300,1459,243847,ADVANCE
617,54301,1459,243847,ADVANCE
618,54302,1459,243848,ADVANCE
619,54303,1459,243848,ADVANCE
620,54304,1459,243848,ADVANCE
621,54305,1459,243848,ADVANCE
622,54306,1459,243848,ADVANCE
623,54307,1459,243848,ADVANCE
624,54308,1459,243848,ADVANCE
625,54309,1459,243848,ADVANCE
626,54310,1459,243848,ADVANCE
627,54311,1459,243848,ADVANCE
628,54312,1459,243848,ADVANCE
629,54313,1459,243849,ADVANCE
630,54314,1459,243849,ADVANCE
631,54315,1459,243849,ADVANCE
632,54316,1459,243849,ADVANCE
633,54317,1459,243850,ADVANCE
634,54318,1459,243851,ADVANCE
635,54319,1459,243851,ADVANCE
636,54320,1459,243851,ADVANCE
637,54321,1459,243852,ADVANCE
638,54322,1459,243852,ADVANCE
639,54323,1459,243852,ADVANCE
640,54324,1459,243853,ADVANCE
641,54325,1459,243853,ADVANCE
642,54326,1459,243853,ADVANCE
643,54327,1459,243853,ADVANCE
644,54328,1459,243853,ADVANCE
645,54329,1459,243853,ADVANCE
646,54330,1459,243853,ADVANCE
647,54331,1459,243853,ADVANCE
648,54332,1459,243854,ADVANCE
649,54333,1459,243854,ADVANCE
650,54334,1459,243854,ADVANCE
651,54335,1459,243854,ADVANCE
652,54336,1459,243854,ADVANCE
653,54337,1459,243854,ADVANCE
654,54338,1459,243854,ADVANCE
655,54339,1459,243854,ADVANCE
656,54340,1459,243854,ADVANCE
657,54341,1459,243854,ADVANCE
658,54342,1459,243854,ADVANCE
659,54343,1459,243854,ADVANCE
660,54344,1459,243854,ADVANCE
661,54345,1459,243854,ADVANCE
662,54346,1459,243854,ADVANCE
663,54347,1459,243854,ADVANCE
664,54348,1459,243854,ADVANCE
665,54349,1459,243854,ADVANCE
666,54350,1459,243854,ADVANCE
667,54351,1459,243854,ADVANCE
668,54352,1459,243855,ADVANCE
669,54353,1459,243855,ADVANCE
670,54354,1459,243855,ADVANCE
671,54355,1459,243855,ADVANCE
672,54356,1459,243856,ADVANCE
673,54357,1459,243856,ADVANCE
674,54358,1459,243857,ADVANCE
675,54359,1459,243857,ADVANCE
676,54360,1459,243857,ADVANCE
677,54361,1459,243857,ADVANCE
678,54362,1459,243857,ADVANCE
679,54363,1459,243858,ADVANCE
680,54364,1459,243858,ADVANCE
681,54365,1459,243858,ADVANCE
682,54366,1459,243858,ADVANCE
683,54367,1459,243858,ADVANCE
684,54368,1459,243858,ADVANCE
685,54369,1459,243858,ADVANCE
686,54370,1459,243858,ADVANCE
687,54371,1459,243858,ADVANCE
688,54372,1459,243858,ADVANCE
689,54373,1459,243858,ADVANCE
690,54374,1459,243858,ADVANCE
691,54375,1459,243858,ADVANCE
692,54376,1459,243859,ADVANCE
693,54377,1459,243859,ADVANCE
694,54378,1459,243859,ADVANCE
695,54379,1459,243859,ADVANCE
696,54380,1459,243859,ADVANCE
697,54381,1459,243859,ADVANCE
698,54382,1459,243859,ADVANCE
699,54383,1459,243859,ADVANCE
700,54384,1459,243860,ADVANCE
701,54385,1459,243860,ADVANCE
702,54386,1459,243860,ADVANCE
703,54387,1459,243860,ADVANCE
704,54388,1459,243861,ADVANCE
705,54389,1459,243861,ADVANCE
706,54390,1459,243861,ADVANCE
707,54391,1459,243862,ADVANCE
708,54392,1459,243862,ADVANCE
709,54393,1459,243862,ADVANCE
710,54394,1459,243863,ADVANCE
711,54395,1459,243863,ADVANCE
712,54396,1459,243863,ADVANCE
713,54397,1459,243864,ADVANCE
714,54398,1459,243864,ADVANCE
715,54399,1459,243865,ADVANCE
716,54400,1459,243865,ADVANCE
717,54401,1459,243865,ADVANCE
718,54402,1459,243865,ADVANCE
719,54403,1459,243865,ADVANCE
720,54404,1459,243865,ADVANCE
721,54405,1459,243865,ADVANCE
722,54406,1459,243865,ADVANCE
723,54407,1459,243865,ADVANCE
724,54408,1459,243866,ADVANCE
725,54409,1459,243866,ADVANCE
726,54410,1459,243866,ADVANCE
727,54411,1459,243866,ADVANCE
728,54412,1459,243866,ADVANCE
729,54413,1459,243866,ADVANCE
730,54414,1459,243866,ADVANCE
731,54415,1459,243866,ADVANCE
732,54416,1459,243866,ADVANCE
733,54417,1459,243866,ADVANCE
734,54418,1459,243866,ADVANCE
735,54419,1459,243866,ADVANCE
736,54420,1459,243866,ADVANCE
737,54421,1459,243866,ADVANCE
738,54422,1459,243866,ADVANCE
739,54423,1459,243866,ADVANCE
740,54424,1459,243866,ADVANCE
741,54425,1459,243866,ADVANCE
742,54426,1459,243866,ADVANCE
743,54427,1459,243867,ADVANCE
744,54428,1459,243867,ADVANCE
745,54429,1459,243867,ADVANCE
746,54430,1459,243867,ADVANCE
747,54431,1459,243867,ADVANCE
748,54432,1459,243867,ADVANCE
749,54433,1459,243867,ADVANCE
750,54434,1459,243867,ADVANCE
751,54435,1459,243867,ADVANCE
752,54436,1459,243867,ADVANCE
753,54437,1459,243867,ADVANCE
754,54438,1459,243867,ADVANCE
755,54439,1459,243867,ADVANCE
756,54440,1459,243867,ADVANCE
757,54441,1459,243867,ADVANCE
758,54442,1459,243867,ADVANCE
759,54443,1459,243867,ADVANCE
760,54444,1459,243867,ADVANCE
761,54445,1459,243867,ADVANCE
762,54446,1459,243868,ADVANCE
763,54447,1459,243868,ADVANCE
764,54448,1459,243868,ADVANCE
765,54449,1459,243868,ADVANCE
766,54450,1459,243868,ADVANCE
767,54451,1459,243868,ADVANCE
768,54452,1459,243868,ADVANCE
769,54453,1459,243869,ADVANCE
770,54454,1459,243869,ADVANCE
771,54455,1459,243869,ADVANCE
772,54456,1459,243869,ADVANCE
773,54457,1459,243869,ADVANCE
774,54458,1459,243869,ADVANCE
775,54459,1459,243869,ADVANCE
776,54460,1459,243869,ADVANCE
777,54461,1459,243869,ADVANCE
778,54462,1459,243869,ADVANCE
779,54463,1459,243869,ADVANCE
780,54464,1459,243869,ADVANCE
781,54465,1459,243869,ADVANCE
782,54466,1459,243870,ADVANCE
783,54467,1459,243871,ADVANCE
784,54468,1459,243871,ADVANCE
785,54469,1459,243871,ADVANCE
786,54470,1459,243872,ADVANCE
787,54471,1459,243873,ADVANCE
788,54472,1459,243873,ADVANCE
789,54473,1459,243873,ADVANCE
790,54474,1459,243873,ADVANCE
791,54475,1459,243874,ADVANCE
792,54476,1459,243874,ADVANCE
793,54477,1459,243874,ADVANCE
794,54478,1459,243874,ADVANCE
795,54479,1459,243874,ADVANCE
796,54480,1459,243874,ADVANCE
797,54481,1459,243874,ADVANCE
798,54482,1459,243875,ADVANCE
799,54483,1459,243875,ADVANCE
800,54484,1459,243875,ADVANCE
801,54485,1459,243876,ADVANCE
802,54486,1459,243876,ADVANCE
803,54487,1459,243876,ADVANCE
804,54488,1459,243876,ADVANCE
805,54489,1459,243876,ADVANCE
806,54490,1459,243876,ADVANCE
807,54491,1459,243877,ADVANCE
808,54492,1459,243877,ADVANCE
809,54493,1459,243877,ADVANCE
810,54494,1459,243877,ADVANCE
811,54495,1459,243877,ADVANCE
812,54496,1459,243877,ADVANCE
813,54497,1459,243877,ADVANCE
814,54498,1459,243877,ADVANCE
815,54499,1459,243877,ADVANCE
816,54500,1459,243877,ADVANCE
817,54501,1459,243878,ADVANCE
818,54502,1459,243878,ADVANCE
819,54503,1459,243878,ADVANCE
820,54504,1459,243878,ADVANCE
821,54505,1459,243879,ADVANCE
822,54506,1459,243879,ADVANCE
823,54507,1459,243879,ADVANCE
824,54508,1459,243879,ADVANCE
825,54509,1459,243879,ADVANCE
826,54510,1459,243879,ADVANCE
827,54511,1459,243879,ADVANCE
828,54512,1459,243879,ADVANCE
829,54513,1459,243879,ADVANCE
830,54514,1459,243880,ADVANCE
831,54515,1459,243880,ADVANCE
832,54516,1459,243880,ADVANCE
833,54517,1459,243880,ADVANCE
834,54518,1459,243880,ADVANCE
835,54519,1459,243880,ADVANCE
836,54520,1459,243880,ADVANCE
837,54521,1459,243881,ADVANCE
838,54522,1459,243881,ADVANCE
839,54523,1459,243881,ADVANCE
840,54524,1459,243881,ADVANCE
841,54525,1459,243881,ADVANCE
842,54526,1459,243882,ADVANCE
843,54527,1459,243882,ADVANCE
844,54528,1459,243882,ADVANCE
845,54529,1459,243882,ADVANCE
846,54530,1459,243883,ADVANCE
847,54531,1459,243883,ADVANCE
848,54532,1459,243883,ADVANCE
849,54533,1459,243883,ADVANCE
850,54534,1459,243883,ADVANCE
851,54535,1459,243883,ADVANCE
852,54536,1459,243883,ADVANCE
853,54537,1459,243884,ADVANCE
854,54538,1459,243884,ADVANCE
855,54539,1459,243884,ADVANCE
856,54540,1459,243884,ADVANCE
857,54541,1459,243884,ADVANCE
858,54542,1459,243884,ADVANCE
859,54543,1459,243884,ADVANCE
860,54544,1459,243884,ADVANCE
861,54545,1459,243884,ADVANCE
862,54546,1459,243884,ADVANCE
863,54547,1459,243885,ADVANCE
864,54548,1459,243885,ADVANCE
865,54549,1459,243886,ADVANCE
866,54550,1459,243887,ADVANCE
867,54551,1459,243887,ADVANCE
868,54552,1459,243887,ADVANCE
869,54553,1459,243887,ADVANCE
870,54554,1459,243887,ADVANCE
871,54555,1459,243888,ADVANCE
872,54556,1459,243889,ADVANCE
873,54557,1459,243889,ADVANCE
874,54558,1459,243890,ADVANCE
875,54559,1459,243890,ADVANCE
876,54560,1459,243890,ADVANCE
877,54561,1459,243891,ADVANCE
878,54562,1459,243891,ADVANCE
879,54563,1459,243892,ADVANCE
880,54564,1459,243892,ADVANCE
881,54565,1459,243892,ADVANCE
882,54566,1459,243892,ADVANCE
883,54567,1459,243893,ADVANCE
884,54568,1459,243894,ADVANCE
885,54569,1459,243894,ADVANCE
886,54570,1459,243894,ADVANCE
887,54571,1459,243895,ADVANCE
888,54572,1459,243895,ADVANCE
889,54573,1459,243895,ADVANCE
890,54574,1459,243895,ADVANCE
891,54575,1459,243895,ADVANCE
892,54576,1459,243895,ADVANCE
893,54577,1459,243896,ADVANCE
894,54578,1459,243896,ADVANCE
895,54579,1459,243896,ADVANCE
896,54580,1459,243896,ADVANCE
897,54581,1459,243896,ADVANCE
898,54582,1459,243896,ADVANCE
899,54583,1459,243896,ADVANCE
900,54584,1459,243896,ADVANCE
901,54585,1459,243897,ADVANCE
902,54586,1459,243897,ADVANCE
903,54587,1459,243899,ADVANCE
904,54588,1459,243900,ADVANCE
905,54589,1459,243900,ADVANCE
906,54590,1459,243900,ADVANCE
907,54591,1459,243900,ADVANCE
908,54592,1459,243901,ADVANCE
909,54593,1459,243901,ADVANCE
910,54594,1459,243901,ADVANCE
911,54595,1459,243901,ADVANCE
912,54596,1459,243901,ADVANCE
913,54597,1459,243901,ADVANCE
914,54598,1459,243901,ADVANCE
915,54599,1459,243902,ADVANCE
916,54600,1459,243903,ADVANCE
917,54601,1459,243903,ADVANCE
918,54602,1459,243903,ADVANCE
919,54603,1459,243903,ADVANCE
920,54604,1459,243903,ADVANCE
921,54605,1459,243903,ADVANCE
922,54606,1459,243903,ADVANCE
923,54607,1459,243903,ADVANCE
924,54608,1459,243903,ADVANCE
925,54609,1459,243903,ADVANCE
926,54610,1459,243903,ADVANCE
927,54611,1459,243904,ADVANCE
928,54612,1459,243904,ADVANCE
929,54613,1459,243904,ADVANCE
930,54614,1459,243904,ADVANCE
931,54615,1459,243904,ADVANCE
932,54616,1459,243905,ADVANCE
933,54617,1459,243905,ADVANCE
934,54618,1459,243906,ADVANCE
935,54619,1459,243906,ADVANCE
936,54620,1459,243906,ADVANCE
937,54621,1459,243906,ADVANCE
938,54622,1459,243907,ADVANCE
939,54623,1459,243907,ADVANCE
940,54624,1459,243907,ADVANCE
941,54625,1459,243907,ADVANCE
942,54626,1459,243907,ADVANCE
943,54627,1459,243907,ADVANCE
944,54628,1459,243908,ADVANCE
945,54629,1459,243908,ADVANCE
946,54630,1459,243908,ADVANCE
947,54631,1459,243908,ADVANCE
948,54632,1459,243908,ADVANCE
949,54633,1459,243909,ADVANCE
950,54634,1459,243909,ADVANCE
951,54635,1459,243910,ADVANCE
952,54636,1459,243911,ADVANCE
953,54637,1459,243911,ADVANCE
954,54638,1459,243911,ADVANCE
955,54639,1459,243911,ADVANCE
956,54640,1459,243911,ADVANCE
957,54641,1459,243911,ADVANCE
958,54642,1459,243911,ADVANCE
959,54643,1459,243911,ADVANCE
960,54644,1459,243911,ADVANCE
961,54645,1459,243912,ADVANCE
962,54646,1459,243912,ADVANCE
963,54647,1459,243912,ADVANCE
964,54648,1459,243912,ADVANCE
965,54649,1459,243913,ADVANCE
966,54650,1459,243913,ADVANCE
967,54651,1459,243913,ADVANCE
968,54652,1459,243913,ADVANCE
969,54653,1459,243913,ADVANCE
970,54654,1459,243913,ADVANCE
971,54655,1459,243913,ADVANCE
972,54656,1459,243913,ADVANCE
973,54657,1459,243914,ADVANCE
974,54658,1459,243914,ADVANCE
975,54659,1459,243914,ADVANCE
976,54660,1459,243914,ADVANCE
977,54661,1459,243915,ADVANCE
978,54662,1459,243915,ADVANCE
979,54663,1459,243915,ADVANCE
980,54664,1459,243915,ADVANCE
981,54665,1459,243915,ADVANCE
982,54666,1459,243915,ADVANCE
983,54667,1459,243916,ADVANCE
984,54668,1459,243916,ADVANCE
985,54669,1459,243916,ADVANCE
986,54670,1459,243916,ADVANCE
987,54671,1459,243917,ADVANCE
988,54672,1459,243917,ADVANCE
989,54673,1459,243917,ADVANCE
990,54674,1459,243917,ADVANCE
991,54675,1459,243917,ADVANCE
992,54676,1459,243917,ADVANCE
993,54677,1459,243918,ADVANCE
994,54678,1459,243918,ADVANCE
995,54679,1459,243919,ADVANCE
996,54680,1459,243919,ADVANCE
997,54681,1459,243920,ADVANCE
998,54682,1459,243920,ADVANCE
999,54683,1459,243921,ADVANCE
1000,54684,1459,243921,ADVANCE
1001,54685,1459,243921,ADVANCE
1002,54686,1459,243921,ADVANCE
1003,54687,1459,243922,ADVANCE
1004,54688,1459,243922,ADVANCE
1005,54689,1459,243922,ADVANCE
1006,54690,1459,243922,ADVANCE
1007,54697,1489,246403,CROSS
1008,54698,1489,246404,CROSS
1009,54699,1489,246405,CROSS
1010,54700,1489,246406,CROSS
1011,54717,1489,246403,CROSS
1012,54718,1489,246403,CROSS
1013,54719,1489,246403,CROSS
1014,54720,1489,246403,CROSS
1015,54721,1489,246403,CROSS
1016,54722,1489,246403,CROSS
1017,54723,1489,246403,CROSS
1018,54724,1489,246403,CROSS
1019,54725,1489,246403,CROSS
1020,54726,1489,246403,CROSS
1021,54727,1489,246403,CROSS
1022,54728,1489,246403,CROSS
1023,54729,1489,246403,CROSS
1024,54730,1489,246404,CROSS
1025,54731,1489,246404,CROSS
1026,54732,1489,246404,CROSS
1027,54733,1489,246404,CROSS
1028,54734,1489,246404,CROSS
1029,54735,1489,246404,CROSS
1030,54736,1489,246404,CROSS
1031,54737,1489,246404,CROSS
1032,54738,1489,246404,CROSS
1033,54739,1489,246404,CROSS
1034,54740,1489,246404,CROSS
1035,54741,1489,246404,CROSS
1036,54742,1489,246404,CROSS
1037,54743,1489,246405,CROSS
1038,54744,1489,246405,CROSS
1039,54745,1489,246405,CROSS
1040,54746,1489,246405,CROSS
1041,54747,1489,246405,CROSS
1042,54748,1489,246405,CROSS
1043,54749,1489,246405,CROSS
1044,54750,1489,246405,CROSS
1045,54751,1489,246405,CROSS
1046,54752,1489,246405,CROSS
1047,54753,1489,246405,CROSS
1048,54754,1489,246405,CROSS
1049,54755,1489,246405,CROSS
1050,54756,1489,246406,CROSS
1051,54757,1489,246406,CROSS
1052,54758,1489,246406,CROSS
1053,54759,1489,246406,CROSS
1054,54760,1489,246406,CROSS
1055,54761,1489,246406,CROSS
1056,54762,1489,246406,CROSS
1057,54763,1489,246406,CROSS
1058,54764,1489,246406,CROSS
1059,54765,1489,246406,CROSS
1060,54766,1489,246406,CROSS
1061,54767,1489,246406,CROSS
1062,54768,1489,246406,CROSS
1063,54769,1489,246407,CROSS
1064,54770,1489,246407,CROSS
1065,54771,1489,246407,CROSS
1066,54772,1489,246407,CROSS
1067,54773,1489,246407,CROSS
1068,54774,1489,246407,CROSS
1069,54775,1489,246407,CROSS
1070,54776,1489,246407,CROSS
1071,54777,1489,246407,CROSS
1072,54778,1489,246407,CROSS
1073,54779,1489,246407,CROSS
1074,54780,1489,246407,CROSS
1075,54781,1489,246407,CROSS
1076,54782,1489,246408,CROSS
1077,54783,1489,246408,CROSS
1078,54784,1489,246408,CROSS
1079,54785,1489,246408,CROSS
1080,54786,1489,246408,CROSS
1081,54787,1489,246408,CROSS
1082,54788,1489,246408,CROSS
1083,54789,1489,246408,CROSS
1084,54790,1489,246408,CROSS
1085,54791,1489,246408,CROSS
1086,54792,1489,246408,CROSS
1087,54793,1489,246408,CROSS
1088,54794,1489,246408,CROSS
1089,54795,1489,246409,CROSS
1090,54796,1489,246409,CROSS
1091,54797,1489,246409,CROSS
1092,54798,1489,246409,CROSS
1093,54799,1489,246409,CROSS
1094,54800,1489,246409,CROSS
1095,54801,1489,246409,CROSS
1096,54802,1489,246409,CROSS
1097,54803,1489,246409,CROSS
1098,54804,1489,246409,CROSS
1099,54805,1489,246409,CROSS
1100,54806,1489,246409,CROSS
1101,54807,1489,246409,CROSS
1102,54808,1489,246410,CROSS
1103,54809,1489,246410,CROSS
1104,54810,1489,246410,CROSS
1105,54811,1489,246410,CROSS
1106,54812,1489,246410,CROSS
1107,54813,1489,246410,CROSS
1108,54814,1489,246410,CROSS
1109,54815,1489,246410,CROSS
1110,54816,1489,246410,CROSS
1111,54817,1489,246410,CROSS
1112,54818,1489,246410,CROSS
1113,54819,1489,246410,CROSS
1114,54820,1489,246410,CROSS
1115,54821,1489,246411,CROSS
1116,54822,1489,246411,CROSS
1117,54823,1489,246411,CROSS
1118,54824,1489,246411,CROSS
1119,54825,1489,246411,CROSS
1120,54826,1489,246411,CROSS
1121,54827,1489,246411,CROSS
1122,54828,1489,246411,CROSS
1123,54829,1489,246411,CROSS
1124,54830,1489,246411,CROSS
1125,54831,1489,246411,CROSS
1126,54832,1489,246411,CROSS
1127,54833,1489,246411,CROSS
1128,54834,1489,246412,CROSS
1129,54835,1489,246412,CROSS
1130,54836,1489,246412,CROSS
1131,54837,1489,246412,CROSS
1132,54838,1489,246412,CROSS
1133,54839,1489,246412,CROSS
1134,54840,1489,246412,CROSS
1135,54841,1489,246412,CROSS
1136,54842,1489,246412,CROSS
1137,54843,1489,246412,CROSS
1138,54844,1489,246412,CROSS
1139,54845,1489,246412,CROSS
1140,54846,1489,246412,CROSS
1141,54847,1489,246413,CROSS
1142,54848,1489,246413,CROSS
1143,54849,1489,246413,CROSS
1144,54850,1489,246413,CROSS
1145,54851,1489,246413,CROSS
1146,54852,1489,246413,CROSS
1147,54853,1489,246413,CROSS
1148,54854,1489,246413,CROSS
1149,54855,1489,246413,CROSS
1150,54856,1489,246413,CROSS
1151,54857,1489,246413,CROSS
1152,54858,1489,246413,CROSS
1153,54859,1489,246413,CROSS
1154,54860,1489,246414,CROSS
1155,54861,1489,246414,CROSS
1156,54862,1489,246414,CROSS
1157,54863,1489,246414,CROSS
1158,54864,1489,246414,CROSS
1159,54865,1489,246414,CROSS
1160,54866,1489,246414,CROSS
1161,54867,1489,246414,CROSS
1162,54868,1489,246414,CROSS
1163,54869,1489,246414,CROSS
1164,54870,1489,246414,CROSS
1165,54871,1489,246414,CROSS
1166,54872,1489,246414,CROSS
1167,54873,1489,246415,CROSS
1168,54874,1489,246415,CROSS
1169,54875,1489,246415,CROSS
1170,54876,1489,246415,CROSS
1171,54877,1489,246415,CROSS
1172,54878,1489,246415,CROSS
1173,54879,1489,246415,CROSS
1174,54880,1489,246415,CROSS
1175,54881,1489,246415,CROSS
1176,54882,1489,246415,CROSS
1177,54883,1489,246415,CROSS
1178,54884,1489,246415,CROSS
1179,54885,1489,246415,CROSS
1180,54886,1489,246416,CROSS
1181,54887,1489,246416,CROSS
1182,54888,1489,246416,CROSS
1183,54889,1489,246416,CROSS
1184,54890,1489,246416,CROSS
1185,54891,1489,246416,CROSS
1186,54892,1489,246416,CROSS
1187,54893,1489,246416,CROSS
1188,54894,1489,246416,CROSS
1189,54895,1489,246416,CROSS
1190,54896,1489,246416,CROSS
1191,54897,1489,246416,CROSS
1192,54898,1489,246416,CROSS
1193,54899,1501,246428,ADVANCE
1194,54900,1501,246429,ADVANCE
1195,54901,1501,246430,ADVANCE
1196,54902,1501,246431,ADVANCE
1197,54903,1501,246432,ADVANCE
1198,54904,1501,246433,ADVANCE
1199,54905,1501,246434,ADVANCE
1200,54906,1501,246435,ADVANCE
1201,54907,1501,246436,ADVANCE
1202,54908,1501,246437,ADVANCE
1203,54909,1501,246438,ADVANCE
1204,54910,1501,246439,ADVANCE
1205,54911,1501,246440,ADVANCE
1206,54912,1501,246441,ADVANCE
1207,54913,1501,246442,ADVANCE
1208,54914,1501,246443,ADVANCE
1209,54915,1501,246444,ADVANCE
1210,54916,1501,246445,ADVANCE
1211,54917,1501,246446,ADVANCE
1212,54918,1501,246447,ADVANCE
1213,54919,1501,246448,ADVANCE
1214,54920,1501,246449,ADVANCE
1215,54921,1501,246450,ADVANCE
1216,54922,1501,246451,ADVANCE
1217,54923,1501,246452,ADVANCE
1218,54924,1501,246453,ADVANCE
1219,54925,1501,246454,ADVANCE
1220,54926,1501,246455,ADVANCE
1221,54927,1501,246456,ADVANCE
1222,54928,1501,246457,ADVANCE
1223,54929,1501,246458,ADVANCE
1224,54930,1501,246459,ADVANCE
1225,54931,1501,246460,ADVANCE
1226,54932,1501,246461,ADVANCE
1227,54933,1501,246462,ADVANCE
1228,54934,1501,246463,ADVANCE
1229,54935,1501,246464,ADVANCE
1230,54936,1501,246465,ADVANCE
1231,54937,1501,246466,ADVANCE
1232,54938,1501,246467,ADVANCE
1233,54939,1501,246468,ADVANCE
1234,54940,1501,246469,ADVANCE
1235,54941,1501,246470,ADVANCE
1236,54942,1501,246471,ADVANCE
1237,54943,1501,246472,ADVANCE
1238,54944,1501,246473,ADVANCE
1239,54945,1501,246474,ADVANCE
1240,54946,1501,246475,ADVANCE
1241,54947,1501,246476,ADVANCE
1242,54948,1501,246477,ADVANCE
1243,54949,1501,246478,ADVANCE
1244,54950,1501,246479,ADVANCE
1245,54951,1501,246480,ADVANCE
1246,54952,1501,246481,ADVANCE
1247,54953,1501,246482,ADVANCE
1248,54954,1501,246483,ADVANCE
1249,54955,1501,246484,ADVANCE
1250,54956,1501,246485,ADVANCE
1251,54957,1501,246486,ADVANCE
1252,54958,1501,246487,ADVANCE
1253,54959,1501,246488,ADVANCE
1254,54960,1501,246489,ADVANCE
1255,54961,1501,246490,ADVANCE
1256,54962,1501,246491,ADVANCE
1257,54963,1501,246492,ADVANCE
1258,54964,1501,246493,ADVANCE
1259,54965,1501,246494,ADVANCE
1260,54966,1501,246495,ADVANCE
1261,54967,1501,246496,ADVANCE
1262,54968,1501,246497,ADVANCE
1263,54969,1501,246498,ADVANCE
1264,54970,1501,246499,ADVANCE
1265,54971,1501,249000,ADVANCE
1266,54972,1501,249001,ADVANCE
1267,54973,1501,249002,ADVANCE
1268,54974,1501,249003,ADVANCE
1269,54975,1501,249004,ADVANCE
1270,54976,1501,249005,ADVANCE
1271,54977,1501,249006,ADVANCE
1272,54978,1501,249007,ADVANCE
1273,54979,1501,249008,ADVANCE
1274,54980,1501,249009,ADVANCE
1275,54981,1501,249010,ADVANCE
1276,54982,1501,249011,ADVANCE
1277,54983,1501,249012,ADVANCE
1278,54984,1501,249013,ADVANCE
1279,54985,1501,249014,ADVANCE
1280,54986,1501,249015,ADVANCE
1281,54987,1501,249016,ADVANCE
1282,54988,1501,249017,ADVANCE
1283,54989,1501,249018,ADVANCE
1284,54990,1501,249019,ADVANCE
1285,54991,1501,249020,ADVANCE
1286,54992,1501,249021,ADVANCE
1287,54993,1501,249022,ADVANCE
1288,54994,1501,249023,ADVANCE
1289,54995,1501,249024,ADVANCE
1290,54996,1501,249025,ADVANCE
1291,54997,1501,249026,ADVANCE
1292,54998,1501,249027,ADVANCE
1293,54999,1501,249028,ADVANCE
1294,55000,1501,249029,ADVANCE
1295,55001,1501,249030,ADVANCE
1296,55002,1501,249031,ADVANCE
1297,55003,1501,249032,ADVANCE
1298,55004,1501,249033,ADVANCE
1299,55005,1501,249034,ADVANCE
1300,55006,1501,249035,ADVANCE
1301,55007,1501,249036,ADVANCE
1302,55008,1501,249037,ADVANCE
1303,55009,1501,249038,ADVANCE
1304,55010,1501,249039,ADVANCE
1305,55011,1501,249040,ADVANCE
1306,55012,1501,249041,ADVANCE
1307,55013,1501,249042,ADVANCE
1308,55014,1501,249043,ADVANCE
1309,55015,1501,249044,ADVANCE
1310,55016,1501,249045,ADVANCE
1311,55017,1501,249046,ADVANCE
1312,55018,1501,249047,ADVANCE
1313,55019,1501,249048,ADVANCE
1314,55020,1501,249049,ADVANCE
1315,55021,1501,249050,ADVANCE
1316,55022,1501,249051,ADVANCE
1317,55023,1501,249052,ADVANCE
1318,55024,1501,249053,ADVANCE
1319,55025,1501,249054,ADVANCE
1320,55026,1501,249055,ADVANCE
1321,55027,1501,249056,ADVANCE
1322,55028,1501,249057,ADVANCE
1323,55029,1501,249058,ADVANCE
1324,55030,1501,249059,ADVANCE
1325,55031,1501,249060,ADVANCE
1326,55032,1501,249061,ADVANCE
1327,55033,1501,249062,ADVANCE
1328,55034,1501,249063,ADVANCE
1329,55035,1501,249064,ADVANCE
1330,55036,1501,249065,ADVANCE
1331,55037,1501,249066,ADVANCE
1332,55038,1501,249067,ADVANCE
1333,55039,1501,249068,ADVANCE
1334,55040,1501,249069,ADVANCE
1335,55041,1501,249070,ADVANCE
1336,55042,1501,249071,ADVANCE
1337,55043,1501,249072,ADVANCE
1338,55044,1501,249073,ADVANCE
1339,55045,1501,249074,ADVANCE
1340,55046,1501,249075,ADVANCE
1341,55047,1501,249076,ADVANCE
1342,55048,1501,249077,ADVANCE
1343,55049,1501,249078,ADVANCE
1344,55050,1501,249079,ADVANCE
1345,55051,1501,249080,ADVANCE
1346,55052,1501,249081,ADVANCE
1347,55053,1501,249082,ADVANCE
1348,55054,1501,249083,ADVANCE
1349,55055,1501,249084,ADVANCE
1350,55056,1501,249085,ADVANCE
1351,55057,1501,249086,ADVANCE
1352,55058,1501,249087,ADVANCE
1353,55059,1501,249088,ADVANCE
1354,55060,1501,249089,ADVANCE
1355,55061,1501,249090,ADVANCE
1356,55062,1501,249091,ADVANCE
1357,55063,1501,249092,ADVANCE
1358,55064,1501,249093,ADVANCE
1359,55065,1501,249094,ADVANCE
1360,55066,1501,249095,ADVANCE
1361,55067,1501,249096,ADVANCE
1362,55068,1501,249097,ADVANCE
1363,55069,1501,249098,ADVANCE
1364,55070,1501,249099,ADVANCE
1365,55071,1501,249100,ADVANCE
1366,55072,1501,249101,ADVANCE
1367,55073,1501,249102,ADVANCE
1368,55074,1501,249103,ADVANCE
1369,55075,1501,249104,ADVANCE
1370,55076,1501,249105,ADVANCE
1371,55077,1501,249106,ADVANCE
1372,55078,1501,249107,ADVANCE
1373,55079,1501,249108,ADVANCE
1374,55080,1501,249109,ADVANCE
1375,59825,1932,327311,CROSS
1376,59826,1932,327311,CROSS
1377,59827,1932,327311,CROSS
1378,59828,1932,327311,CROSS
1379,59829,1932,327311,CROSS
1380,59830,1932,327311,CROSS
1381,59831,1932,327311,CROSS
1382,59832,1932,327311,CROSS
1383,59833,1932,327311,CROSS
1384,59834,1932,327311,CROSS
1385,59835,1932,327312,CROSS
1386,59836,1932,327312,CROSS
1387,59837,1932,327312,CROSS
1388,59838,1932,327312,CROSS
1389,59839,1932,327312,CROSS
1390,59840,1932,327312,CROSS
1391,59841,1932,327312,CROSS
1392,59842,1932,327312,CROSS
1393,59843,1932,327312,CROSS
1394,59844,1932,327312,CROSS
1395,59845,1932,327313,CROSS
1396,59846,1932,327313,CROSS
1397,59847,1932,327313,CROSS
1398,59848,1932,327313,CROSS
1399,59849,1932,327313,CROSS
1400,59850,1932,327313,CROSS
1401,59851,1932,327313,CROSS
1402,59852,1932,327313,CROSS
1403,59853,1932,327313,CROSS
1404,59854,1932,327313,CROSS
1405,59855,1932,327314,CROSS
1406,59856,1932,327314,CROSS
1407,59857,1932,327314,CROSS
1408,59858,1932,327314,CROSS
1409,59859,1932,327314,CROSS
1410,59860,1932,327314,CROSS
1411,59861,1932,327314,CROSS
1412,59862,1932,327314,CROSS
1413,59863,1932,327314,CROSS
1414,59864,1932,327314,CROSS
1415,59865,1932,327315,CROSS
1416,59866,1932,327315,CROSS
1417,59867,1932,327315,CROSS
1418,59868,1932,327315,CROSS
1419,59869,1932,327315,CROSS
1420,59870,1932,327315,CROSS
1421,59871,1932,327315,CROSS
1422,59872,1932,327315,CROSS
1423,59873,1932,327315,CROSS
1424,59874,1932,327315,CROSS
1425,59875,1932,327316,CROSS
1426,59876,1932,327316,CROSS
1427,59877,1932,327316,CROSS
1428,59878,1932,327316,CROSS
1429,59879,1932,327316,CROSS
1430,59880,1932,327316,CROSS
1431,59881,1932,327316,CROSS
1432,59882,1932,327316,CROSS
1433,59883,1932,327316,CROSS
1434,59884,1932,327316,CROSS
1435,59885,1932,327317,CROSS
1436,59886,1932,327317,CROSS
1437,59887,1932,327317,CROSS
1438,59888,1932,327317,CROSS
1439,59889,1932,327317,CROSS
1440,59890,1932,327317,CROSS
1441,59891,1932,327317,CROSS
1442,59892,1932,327317,CROSS
1443,59893,1932,327317,CROSS
1444,59894,1932,327317,CROSS
1445,59895,1932,327318,CROSS
1446,59896,1932,327318,CROSS
1447,59897,1932,327318,CROSS
1448,59898,1932,327318,CROSS
1449,59899,1932,327318,CROSS
1450,59900,1932,327318,CROSS
1451,59901,1932,327318,CROSS
1452,59902,1932,327318,CROSS
1453,59903,1932,327318,CROSS
1454,59904,1932,327318,CROSS
1455,59905,1932,327319,CROSS
1456,59906,1932,327319,CROSS
1457,59907,1932,327319,CROSS
1458,59908,1932,327319,CROSS
1459,59909,1932,327319,CROSS
1460,59910,1932,327319,CROSS
1461,59911,1932,327319,CROSS
1462,59912,1932,327319,CROSS
1463,59913,1932,327319,CROSS
1464,59914,1932,327319,CROSS
1465,59915,1932,327320,CROSS
1466,59916,1932,327320,CROSS
1467,59917,1932,327320,CROSS
1468,59918,1932,327320,CROSS
1469,59919,1932,327320,CROSS
1470,59920,1932,327320,CROSS
1471,59921,1932,327320,CROSS
1472,59922,1932,327320,CROSS
1473,59923,1932,327320,CROSS
1474,59924,1932,327320,CROSS
1475,59925,1932,327321,CROSS
1476,59926,1932,327321,CROSS
1477,59927,1932,327321,CROSS
1478,59928,1932,327321,CROSS
1479,59929,1932,327321,CROSS
1480,59930,1932,327321,CROSS
1481,59931,1932,327321,CROSS
1482,59932,1932,327321,CROSS
1483,59933,1932,327321,CROSS
1484,59934,1932,327321,CROSS
1485,59935,1932,327322,CROSS
1486,59936,1932,327322,CROSS
1487,59937,1932,327322,CROSS
1488,59938,1932,327322,CROSS
1489,59939,1932,327322,CROSS
1490,59940,1932,327322,CROSS
1491,59941,1932,327322,CROSS
1492,59942,1932,327322,CROSS
1493,59943,1932,327322,CROSS
1494,59944,1932,327322,CROSS
1495,59945,1932,327323,CROSS
1496,59946,1932,327323,CROSS
1497,59947,1932,327323,CROSS
1498,59948,1932,327323,CROSS
1499,59949,1932,327323,CROSS
1500,59950,1932,327323,CROSS
1501,59951,1932,327323,CROSS
1502,59952,1932,327323,CROSS
1503,59953,1932,327323,CROSS
1504,59954,1932,327323,CROSS
1505,59955,1932,327324,CROSS
1506,59956,1932,327324,CROSS
1507,59957,1932,327324,CROSS
1508,59958,1932,327324,CROSS
1509,59959,1932,327324,CROSS
1510,59960,1932,327324,CROSS
1511,59961,1932,327324,CROSS
1512,59962,1932,327324,CROSS
1513,59963,1932,327324,CROSS
1514,59964,1932,327324,CROSS
1515,59965,1932,327325,CROSS
1516,59966,1932,327325,CROSS
1517,59967,1932,327325,CROSS
1518,59968,1932,327325,CROSS
1519,59969,1932,327325,CROSS
1520,59970,1932,327325,CROSS
1521,59971,1932,327325,CROSS
1522,59972,1932,327325,CROSS
1523,59973,1932,327325,CROSS
1524,59974,1932,327325,CROSS
1525,59975,1932,327326,CROSS
1526,59976,1932,327326,CROSS
1527,59977,1932,327326,CROSS
1528,59978,1932,327326,CROSS
1529,59979,1932,327326,CROSS
1530,59980,1932,327326,CROSS
1531,59981,1932,327326,CROSS
1532,59982,1932,327326,CROSS
1533,59983,1932,327326,CROSS
1534,59984,1932,327326,CROSS
1535,59985,1932,327327,CROSS
1536,59986,1932,327327,CROSS
1537,59987,1932,327327,CROSS
1538,59988,1932,327327,CROSS
1539,59989,1932,327327,CROSS
1540,59990,1932,327327,CROSS
1541,59991,1932,327327,CROSS
1542,59992,1932,327327,CROSS
1543,59993,1932,327327,CROSS
1544,59994,1932,327327,CROSS
1545,59995,1932,327327,CROSS
1546,59996,1932,327327,CROSS
1547,59997,1932,327327,CROSS
1548,59998,1932,327327,CROSS
1549,59999,1932,327327,CROSS
1550,60000,1932,327327,CROSS
1551,60001,1932,327328,CROSS
1552,60002,1932,327328,CROSS
1553,60003,1932,327328,CROSS
1554,60004,1932,327328,CROSS
1555,60005,1932,327328,CROSS
1556,60006,1932,327328,CROSS
1557,60007,1932,327328,CROSS
1558,60008,1932,327328,CROSS
1559,60009,1932,327328,CROSS
1560,60010,1932,327328,CROSS
1561,60011,1932,327328,CROSS
1562,60012,1932,327328,CROSS
1563,60013,1932,327328,CROSS
1564,60014,1932,327328,CROSS
1565,60015,1932,327328,CROSS
1566,60016,1932,327328,CROSS
1567,60017,1932,327329,CROSS
1568,60018,1932,327329,CROSS
1569,60019,1932,327329,CROSS
1570,60020,1932,327329,CROSS
1571,60021,1932,327329,CROSS
1572,60022,1932,327329,CROSS
1573,60023,1932,327329,CROSS
1574,60024,1932,327329,CROSS
1575,60025,1932,327329,CROSS
1576,60026,1932,327329,CROSS
1577,60027,1932,327329,CROSS
1578,60028,1932,327329,CROSS
1579,60029,1932,327329,CROSS
1580,60030,1932,327329,CROSS
1581,60031,1932,327329,CROSS
1582,60032,1932,327329,CROSS
1583,60033,1932,327330,CROSS
1584,60034,1932,327330,CROSS
1585,60035,1932,327330,CROSS
1586,60036,1932,327330,CROSS
1587,60037,1932,327330,CROSS
1588,60038,1932,327330,CROSS
1589,60039,1932,327330,CROSS
1590,60040,1932,327330,CROSS
1591,60041,1932,327330,CROSS
1592,60042,1932,327330,CROSS
1593,60043,1932,327330,CROSS
1594,60044,1932,327330,CROSS
1595,60045,1932,327330,CROSS
1596,60046,1932,327330,CROSS
1597,60047,1932,327330,CROSS
1598,60048,1932,327330,CROSS
1599,60049,1932,327331,CROSS
1600,60050,1932,327331,CROSS
1601,60051,1932,327331,CROSS
1602,60052,1932,327331,CROSS
1603,60053,1932,327331,CROSS
1604,60054,1932,327331,CROSS
1605,60055,1932,327331,CROSS
1606,60056,1932,327331,CROSS
1607,60057,1932,327331,CROSS
1608,60058,1932,327331,CROSS
1609,60059,1932,327331,CROSS
1610,60060,1932,327331,CROSS
1611,60061,1932,327331,CROSS
1612,60062,1932,327331,CROSS
1613,60063,1932,327331,CROSS
1614,60064,1932,327331,CROSS
1615,60065,1932,327332,CROSS
1616,60066,1932,327332,CROSS
1617,60067,1932,327332,CROSS
1618,60068,1932,327332,CROSS
1619,60069,1932,327332,CROSS
1620,60070,1932,327332,CROSS
1621,60071,1932,327332,CROSS
1622,60072,1932,327332,CROSS
1623,60073,1932,327332,CROSS
1624,60074,1932,327332,CROSS
1625,60075,1932,327332,CROSS
1626,60076,1932,327332,CROSS
1627,60077,1932,327332,CROSS
1628,60078,1932,327332,CROSS
1629,60079,1932,327332,CROSS
1630,60080,1932,327332,CROSS
1631,60081,1932,327333,CROSS
1632,60082,1932,327333,CROSS
1633,60083,1932,327333,CROSS
1634,60084,1932,327333,CROSS
1635,60085,1932,327333,CROSS
1636,60086,1932,327333,CROSS
1637,60087,1932,327333,CROSS
1638,60088,1932,327333,CROSS
1639,60089,1932,327333,CROSS
1640,60090,1932,327333,CROSS
1641,60091,1932,327333,CROSS
1642,60092,1932,327333,CROSS
1643,60093,1932,327333,CROSS
1644,60094,1932,327333,CROSS
1645,60095,1932,327333,CROSS
1646,60096,1932,327333,CROSS
1647,60097,1932,327334,CROSS
1648,60098,1932,327334,CROSS
1649,60099,1932,327334,CROSS
1650,60100,1932,327334,CROSS
1651,60101,1932,327334,CROSS
1652,60102,1932,327334,CROSS
1653,60103,1932,327334,CROSS
1654,60104,1932,327334,CROSS
1655,60105,1932,327334,CROSS
1656,60106,1932,327334,CROSS
1657,60107,1932,327334,CROSS
1658,60108,1932,327334,CROSS
1659,60109,1932,327334,CROSS
1660,60110,1932,327334,CROSS
1661,60111,1932,327334,CROSS
1662,60112,1932,327334,CROSS
1663,60113,1932,327335,CROSS
1664,60114,1932,327335,CROSS
1665,60115,1932,327335,CROSS
1666,60116,1932,327335,CROSS
1667,60117,1932,327335,CROSS
1668,60118,1932,327335,CROSS
1669,60119,1932,327335,CROSS
1670,60120,1932,327335,CROSS
1671,60121,1932,327335,CROSS
1672,60122,1932,327335,CROSS
1673,60123,1932,327335,CROSS
1674,60124,1932,327335,CROSS
1675,60125,1932,327335,CROSS
1676,60126,1932,327335,CROSS
1677,60127,1932,327335,CROSS
1678,60128,1932,327335,CROSS
1679,60129,1932,327336,CROSS
1680,60130,1932,327336,CROSS
1681,60131,1932,327336,CROSS
1682,60132,1932,327336,CROSS
1683,60133,1932,327336,CROSS
1684,60134,1932,327336,CROSS
1685,60135,1932,327336,CROSS
1686,60136,1932,327336,CROSS
1687,60137,1932,327336,CROSS
1688,60138,1932,327336,CROSS
1689,60139,1932,327336,CROSS
1690,60140,1932,327336,CROSS
1691,60141,1932,327336,CROSS
1692,60142,1932,327336,CROSS
1693,60143,1932,327336,CROSS
1694,60144,1932,327336,CROSS
1695,60145,1935,327357,CROSS
1696,60146,1935,327357,CROSS
1697,60147,1935,327357,CROSS
1698,60148,1935,327357,CROSS
1699,60149,1935,327357,CROSS
1700,60150,1935,327357,CROSS
1701,60151,1935,327357,CROSS
1702,60152,1935,327357,CROSS
1703,60153,1935,327357,CROSS
1704,60154,1935,327357,CROSS
1705,60155,1935,327357,CROSS
1706,60156,1935,327357,CROSS
1707,60157,1935,327357,CROSS
1708,60158,1935,327357,CROSS
1709,60159,1935,327357,CROSS
1710,60160,1935,327365,CROSS
1711,60161,1935,327365,CROSS
1712,60162,1935,327365,CROSS
1713,60163,1935,327365,CROSS
1714,60164,1935,327365,CROSS
1715,60165,1935,327365,CROSS
1716,60166,1935,327365,CROSS
1717,60167,1935,327365,CROSS
1718,60168,1935,327365,CROSS
1719,60169,1935,327365,CROSS
1720,60170,1935,327365,CROSS
1721,60171,1935,327365,CROSS
1722,60172,1935,327365,CROSS
1723,60173,1935,327365,CROSS
1724,60174,1935,327365,CROSS
1725,60175,1935,327368,CROSS
1726,60176,1935,327368,CROSS
1727,60177,1935,327368,CROSS
1728,60178,1935,327368,CROSS
1729,60179,1935,327368,CROSS
1730,60180,1935,327368,CROSS
1731,60181,1935,327368,CROSS
1732,60182,1935,327368,CROSS
1733,60183,1935,327368,CROSS
1734,60184,1935,327368,CROSS
1735,60185,1935,327368,CROSS
1736,60186,1935,327368,CROSS
1737,60187,1935,327368,CROSS
1738,60188,1935,327368,CROSS
1739,60189,1935,327368,CROSS
1740,60190,1935,327369,CROSS
1741,60191,1935,327369,CROSS
1742,60192,1935,327369,CROSS
1743,60193,1935,327369,CROSS
1744,60194,1935,327369,CROSS
1745,60195,1935,327369,CROSS
1746,60196,1935,327369,CROSS
1747,60197,1935,327369,CROSS
1748,60198,1935,327369,CROSS
1749,60199,1935,327369,CROSS
1750,60200,1935,327369,CROSS
1751,60201,1935,327369,CROSS
1752,60202,1935,327369,CROSS
1753,60203,1935,327369,CROSS
1754,60204,1935,327369,CROSS
1755,60205,1935,327370,CROSS
1756,60206,1935,327370,CROSS
1757,60207,1935,327370,CROSS
1758,60208,1935,327370,CROSS
1759,60209,1935,327370,CROSS
1760,60210,1935,327370,CROSS
1761,60211,1935,327370,CROSS
1762,60212,1935,327370,CROSS
1763,60213,1935,327370,CROSS
1764,60214,1935,327370,CROSS
1765,60215,1935,327370,CROSS
1766,60216,1935,327370,CROSS
1767,60217,1935,327370,CROSS
1768,60218,1935,327370,CROSS
1769,60219,1935,327370,CROSS
1770,60220,1935,327371,CROSS
1771,60221,1935,327371,CROSS
1772,60222,1935,327371,CROSS
1773,60223,1935,327371,CROSS
1774,60224,1935,327371,CROSS
1775,60225,1935,327371,CROSS
1776,60226,1935,327371,CROSS
1777,60227,1935,327371,CROSS
1778,60228,1935,327371,CROSS
1779,60229,1935,327371,CROSS
1780,60230,1935,327371,CROSS
1781,60231,1935,327371,CROSS
1782,60232,1935,327371,CROSS
1783,60233,1935,327371,CROSS
1784,60234,1935,327371,CROSS
1785,60235,1935,327372,CROSS
1786,60236,1935,327372,CROSS
1787,60237,1935,327372,CROSS
1788,60238,1935,327372,CROSS
1789,60239,1935,327372,CROSS
1790,60240,1935,327372,CROSS
1791,60241,1935,327372,CROSS
1792,60242,1935,327372,CROSS
1793,60243,1935,327372,CROSS
1794,60244,1935,327372,CROSS
1795,60245,1935,327372,CROSS
1796,60246,1935,327372,CROSS
1797,60247,1935,327372,CROSS
1798,60248,1935,327372,CROSS
1799,60249,1935,327372,CROSS
1800,60250,1935,327373,CROSS
1801,60251,1935,327373,CROSS
1802,60252,1935,327373,CROSS
1803,60253,1935,327373,CROSS
1804,60254,1935,327373,CROSS
1805,60255,1935,327373,CROSS
1806,60256,1935,327373,CROSS
1807,60257,1935,327373,CROSS
1808,60258,1935,327373,CROSS
1809,60259,1935,327373,CROSS
1810,60260,1935,327373,CROSS
1811,60261,1935,327373,CROSS
1812,60262,1935,327373,CROSS
1813,60263,1935,327373,CROSS
1814,60264,1935,327373,CROSS
1815,60265,1935,327374,CROSS
1816,60266,1935,327374,CROSS
1817,60267,1935,327374,CROSS
1818,60268,1935,327374,CROSS
1819,60269,1935,327374,CROSS
1820,60270,1935,327374,CROSS
1821,60271,1935,327374,CROSS
1822,60272,1935,327374,CROSS
1823,60273,1935,327374,CROSS
1824,60274,1935,327374,CROSS
1825,60275,1935,327374,CROSS
1826,60276,1935,327374,CROSS
1827,60277,1935,327374,CROSS
1828,60278,1935,327374,CROSS
1829,60279,1935,327374,CROSS
1830,60280,1935,327375,CROSS
1831,60281,1935,327375,CROSS
1832,60282,1935,327375,CROSS
1833,60283,1935,327375,CROSS
1834,60284,1935,327375,CROSS
1835,60285,1935,327375,CROSS
1836,60286,1935,327375,CROSS
1837,60287,1935,327375,CROSS
1838,60288,1935,327375,CROSS
1839,60289,1935,327375,CROSS
1840,60290,1935,327375,CROSS
1841,60291,1935,327375,CROSS
1842,60292,1935,327375,CROSS
1843,60293,1935,327375,CROSS
1844,60294,1935,327375,CROSS
1845,60295,1935,327376,CROSS
1846,60296,1935,327376,CROSS
1847,60297,1935,327376,CROSS
1848,60298,1935,327376,CROSS
1849,60299,1935,327376,CROSS
1850,60300,1935,327376,CROSS
1851,60301,1935,327376,CROSS
1852,60302,1935,327376,CROSS
1853,60303,1935,327376,CROSS
1854,60304,1935,327376,CROSS
1855,60305,1935,327376,CROSS
1856,60306,1935,327376,CROSS
1857,60307,1935,327376,CROSS
1858,60308,1935,327376,CROSS
1859,60309,1935,327376,CROSS
1860,60310,1935,327377,CROSS
1861,60311,1935,327377,CROSS
1862,60312,1935,327377,CROSS
1863,60313,1935,327377,CROSS
1864,60314,1935,327377,CROSS
1865,60315,1935,327377,CROSS
1866,60316,1935,327377,CROSS
1867,60317,1935,327377,CROSS
1868,60318,1935,327377,CROSS
1869,60319,1935,327377,CROSS
1870,60320,1935,327377,CROSS
1871,60321,1935,327377,CROSS
1872,60322,1935,327377,CROSS
1873,60323,1935,327377,CROSS
1874,60324,1935,327377,CROSS
1875,60325,1935,327378,CROSS
1876,60326,1935,327378,CROSS
1877,60327,1935,327378,CROSS
1878,60328,1935,327378,CROSS
1879,60329,1935,327378,CROSS
1880,60330,1935,327378,CROSS
1881,60331,1935,327378,CROSS
1882,60332,1935,327378,CROSS
1883,60333,1935,327378,CROSS
1884,60334,1935,327378,CROSS
1885,60335,1935,327378,CROSS
1886,60336,1935,327378,CROSS
1887,60337,1935,327378,CROSS
1888,60338,1935,327378,CROSS
1889,60339,1935,327378,CROSS
1890,60340,1935,327379,CROSS
1891,60341,1935,327379,CROSS
1892,60342,1935,327379,CROSS
1893,60343,1935,327379,CROSS
1894,60344,1935,327379,CROSS
1895,60345,1935,327379,CROSS
1896,60346,1935,327379,CROSS
1897,60347,1935,327379,CROSS
1898,60348,1935,327379,CROSS
1899,60349,1935,327379,CROSS
1900,60350,1935,327379,CROSS
1901,60351,1935,327379,CROSS
1902,60352,1935,327379,CROSS
1903,60353,1935,327379,CROSS
1904,60354,1935,327379,CROSS
1905,60355,1935,327380,CROSS
1906,60356,1935,327380,CROSS
1907,60357,1935,327380,CROSS
1908,60358,1935,327380,CROSS
1909,60359,1935,327380,CROSS
1910,60360,1935,327380,CROSS
1911,60361,1935,327380,CROSS
1912,60362,1935,327380,CROSS
1913,60363,1935,327380,CROSS
1914,60364,1935,327380,CROSS
1915,60365,1935,327380,CROSS
1916,60366,1935,327380,CROSS
1917,60367,1935,327380,CROSS
1918,60368,1935,327380,CROSS
1919,60369,1935,327380,CROSS
1920,60370,1935,327381,CROSS
1921,60371,1935,327381,CROSS
1922,60372,1935,327381,CROSS
1923,60373,1935,327381,CROSS
1924,60374,1935,327381,CROSS
1925,60375,1935,327381,CROSS
1926,60376,1935,327381,CROSS
1927,60377,1935,327381,CROSS
1928,60378,1935,327381,CROSS
1929,60379,1935,327381,CROSS
1930,60380,1935,327381,CROSS
1931,60381,1935,327381,CROSS
1932,60382,1935,327381,CROSS
1933,60383,1935,327381,CROSS
1934,60384,1935,327381,CROSS
1935,60385,1938,327428,CROSS
1936,60386,1938,327428,CROSS
1937,60387,1938,327428,CROSS
1938,60388,1938,327428,CROSS
1939,60389,1938,327428,CROSS
1940,60390,1938,327428,CROSS
1941,60391,1938,327428,CROSS
1942,60392,1938,327428,CROSS
1943,60393,1938,327428,CROSS
1944,60394,1938,327428,CROSS
1945,60395,1938,327428,CROSS
1946,60396,1938,327428,CROSS
1947,60397,1938,327429,CROSS
1948,60398,1938,327429,CROSS
1949,60399,1938,327429,CROSS
1950,60400,1938,327429,CROSS
1951,60401,1938,327429,CROSS
1952,60402,1938,327429,CROSS
1953,60403,1938,327429,CROSS
1954,60404,1938,327429,CROSS
1955,60405,1938,327429,CROSS
1956,60406,1938,327429,CROSS
1957,60407,1938,327429,CROSS
1958,60408,1938,327429,CROSS
1959,60409,1938,327430,CROSS
1960,60410,1938,327430,CROSS
1961,60411,1938,327430,CROSS
1962,60412,1938,327430,CROSS
1963,60413,1938,327430,CROSS
1964,60414,1938,327430,CROSS
1965,60415,1938,327430,CROSS
1966,60416,1938,327430,CROSS
1967,60417,1938,327430,CROSS
1968,60418,1938,327430,CROSS
1969,60419,1938,327430,CROSS
1970,60420,1938,327430,CROSS
1971,60421,1938,327431,CROSS
1972,60422,1938,327431,CROSS
1973,60423,1938,327431,CROSS
1974,60424,1938,327431,CROSS
1975,60425,1938,327431,CROSS
1976,60426,1938,327431,CROSS
1977,60427,1938,327431,CROSS
1978,60428,1938,327431,CROSS
1979,60429,1938,327431,CROSS
1980,60430,1938,327431,CROSS
1981,60431,1938,327431,CROSS
1982,60432,1938,327431,CROSS
1983,60433,1938,327432,CROSS
1984,60434,1938,327432,CROSS
1985,60435,1938,327432,CROSS
1986,60436,1938,327432,CROSS
1987,60437,1938,327432,CROSS
1988,60438,1938,327432,CROSS
1989,60439,1938,327432,CROSS
1990,60440,1938,327432,CROSS
1991,60441,1938,327432,CROSS
1992,60442,1938,327432,CROSS
1993,60443,1938,327432,CROSS
1994,60444,1938,327432,CROSS
1995,60445,1938,327433,CROSS
1996,60446,1938,327433,CROSS
1997,60447,1938,327433,CROSS
1998,60448,1938,327433,CROSS
1999,60449,1938,327433,CROSS
2000,60450,1938,327433,CROSS
2001,60451,1938,327433,CROSS
2002,60452,1938,327433,CROSS
2003,60453,1938,327433,CROSS
2004,60454,1938,327433,CROSS
2005,60455,1938,327433,CROSS
2006,60456,1938,327433,CROSS
2007,60457,1938,327434,CROSS
2008,60458,1938,327434,CROSS
2009,60459,1938,327434,CROSS
2010,60460,1938,327434,CROSS
2011,60461,1938,327434,CROSS
2012,60462,1938,327434,CROSS
2013,60463,1938,327434,CROSS
2014,60464,1938,327434,CROSS
2015,60465,1938,327434,CROSS
2016,60466,1938,327434,CROSS
2017,60467,1938,327434,CROSS
2018,60468,1938,327434,CROSS
2019,60469,1938,327435,CROSS
2020,60470,1938,327435,CROSS
2021,60471,1938,327435,CROSS
2022,60472,1938,327435,CROSS
2023,60473,1938,327435,CROSS
2024,60474,1938,327435,CROSS
2025,60475,1938,327435,CROSS
2026,60476,1938,327435,CROSS
2027,60477,1938,327435,CROSS
2028,60478,1938,327435,CROSS
2029,60479,1938,327435,CROSS
2030,60480,1938,327435,CROSS
2031,60481,1938,327436,CROSS
2032,60482,1938,327436,CROSS
2033,60483,1938,327436,CROSS
2034,60484,1938,327436,CROSS
2035,60485,1938,327436,CROSS
2036,60486,1938,327436,CROSS
2037,60487,1938,327436,CROSS
2038,60488,1938,327436,CROSS
2039,60489,1938,327436,CROSS
2040,60490,1938,327436,CROSS
2041,60491,1938,327436,CROSS
2042,60492,1938,327436,CROSS
2043,60493,1938,327437,CROSS
2044,60494,1938,327437,CROSS
2045,60495,1938,327437,CROSS
2046,60496,1938,327437,CROSS
2047,60497,1938,327437,CROSS
2048,60498,1938,327437,CROSS
2049,60499,1938,327437,CROSS
2050,60500,1938,327437,CROSS
2051,60501,1938,327437,CROSS
2052,60502,1938,327437,CROSS
2053,60503,1938,327437,CROSS
2054,60504,1938,327437,CROSS
2055,60505,1938,327438,CROSS
2056,60506,1938,327438,CROSS
2057,60507,1938,327438,CROSS
2058,60508,1938,327438,CROSS
2059,60509,1938,327438,CROSS
2060,60510,1938,327438,CROSS
2061,60511,1938,327438,CROSS
2062,60512,1938,327438,CROSS
2063,60513,1938,327438,CROSS
2064,60514,1938,327438,CROSS
2065,60515,1938,327438,CROSS
2066,60516,1938,327438,CROSS
2067,60517,1938,327439,CROSS
2068,60518,1938,327439,CROSS
2069,60519,1938,327439,CROSS
2070,60520,1938,327439,CROSS
2071,60521,1938,327439,CROSS
2072,60522,1938,327439,CROSS
2073,60523,1938,327439,CROSS
2074,60524,1938,327439,CROSS
2075,60525,1938,327439,CROSS
2076,60526,1938,327439,CROSS
2077,60527,1938,327439,CROSS
2078,60528,1938,327439,CROSS
2079,60529,1938,327440,CROSS
2080,60530,1938,327440,CROSS
2081,60531,1938,327440,CROSS
2082,60532,1938,327440,CROSS
2083,60533,1938,327440,CROSS
2084,60534,1938,327440,CROSS
2085,60535,1938,327440,CROSS
2086,60536,1938,327440,CROSS
2087,60537,1938,327440,CROSS
2088,60538,1938,327440,CROSS
2089,60539,1938,327440,CROSS
2090,60540,1938,327440,CROSS
